run,maxOpenCanopiesBelow1000Ft,maxOpenCanopiesBelow500Ft,minHorizontalSeparationFt,fullyOpenAltitudeMinFt,fullyOpenAltitudeMaxFt,fullyOpenAltitudeSpreadFt,canopyCongestionScore,canopyCollisionExposurePairSeconds,estimatedCanopyCollisionRiskPer10k
1,7,5,0.06915201725856363,2609.2932463566735,3112.9279502403733,503.6347038836998,51.1,52.81,1.06
2,8,7,0.20874817497526194,2834.2306498619014,3189.6693494671326,355.43869960523125,74.15,217.99,4.36
3,8,8,0.0432057745661175,2697.400416996908,3138.6513737806204,441.25095678371235,52.8,142,2.84
4,6,4,0.2649766069636543,2733.6664126205083,3099.668953944283,366.00254132377495,16.75,41.97,0.84
5,7,6,0.00650854375678806,2701.109188008664,3160.7640985421313,459.65491053346705,32.55,98.34,1.97
6,6,4,0.8413690818436516,2816.5613555956284,3111.409632271518,294.8482766758898,0,15.08,0.3
7,7,5,0.02794557763364409,2747.3353018581024,3056.085127176118,308.7498253180156,7.65,58.94,1.18
8,6,5,0.0680608332987164,2765.1120195403964,3081.934247971091,316.8222284306944,8.25,18.13,0.36
9,8,5,0.5009335226219341,2707.0943403023766,3240.8612737870594,533.7669334846828,33.4,84.4,1.69
10,7,4,0.12163272587880235,2741.8890234499527,3279.9475587265188,538.0585352765661,30.05,102.22,2.04
11,8,5,0.0767601200378021,2517.910808893626,3136.839365078149,618.9285561845231,35.25,18.88,0.38
12,5,4,0.03218881052348246,2780.15508729185,3321.9602658418717,541.8051785500215,41.05,80.99,1.62
13,8,6,0.009686534663977862,2779.7183363313047,3075.3639532059146,295.6456168746099,57.5,54.21,1.08
14,7,5,0.6450998105083898,2606.14041999652,3156.603139108073,550.4627191115528,4.85,51.48,1.03
15,6,5,0.8115702317091558,2768.4525039087594,3050.0971531107684,281.6446492020091,10.25,35.05,0.7
16,6,5,0.002040536525424587,2646.8802736993857,3274.9698596454814,628.0895859460957,36.95,61.13,1.22
17,6,4,0.4938033041515251,2691.480980663471,3015.4971241446533,324.0161434811821,5.55,24.64,0.49
18,9,7,0.09607690154562532,2678.1028908364456,3101.1390083374095,423.0361175009639,62.95,113.7,2.27
19,7,4,0.3531105806419077,2746.95502599485,3136.5886043699084,389.6335783750583,0,0,0
20,8,4,0.07991723064974966,2548.641810253036,3107.317232299926,558.6754220468902,21.2,0,0
21,6,5,0.10093443907868638,2824.041871762437,3098.95982249278,274.9179507303429,51.4,56.78,1.14
22,7,5,0.054771559592045896,2889.9628392055147,3308.959184951225,418.9963457457102,51.2,55.36,1.11
23,6,4,0.3904821397522916,2662.0682975062437,3143.4523038078705,481.38400630162687,11.9,57.33,1.15
24,7,4,0.11869553635182481,2887.2979345521735,3150.066119151714,262.7681845995403,7.85,17.34,0.35
25,7,4,0.21292035524330305,2871.8530559259275,3199.4355650134075,327.58250908748005,5.45,27.86,0.56
26,7,4,0.7380682466696153,2774.1085151866564,3095.2203339368843,321.11181875022794,34.8,86.64,1.73
27,7,4,0.0477408642996005,2779.417409326491,3206.372892611893,426.9554832854019,50.05,91.13,1.82
28,7,6,0.31739533434837425,2772.072894907982,3175.5657629573884,403.4928680494063,3.05,52.28,1.05
29,6,4,0.2858981674110644,2625.663924458016,3087.517754179663,461.8538297216469,8.3,52.08,1.04
30,7,5,0.16775846014679502,2805.0093068686965,3131.2768699106487,326.26756304195214,28.3,70.79,1.42
31,8,5,0.9528089428315962,2762.1322806648022,3244.1989527777905,482.0666721129883,10.2,35.86,0.72
32,7,4,1.0301589815348695,2741.9335448739166,3122.391385491193,380.45784061727636,4.65,39.02,0.78
33,8,6,0.38206584201240507,2819.323908722101,3217.825390526288,398.5014818041873,46.4,134.25,2.68
34,7,4,0.21430100486310757,2837.5289769417973,3240.0998432364986,402.5708662947013,0,4.34,0.09
35,7,5,0.0029603603878797305,2617.119481928029,3255.3063433531847,638.1868614251557,50.8,49.61,0.99
36,8,6,0.06027264058586769,2744.965026956494,3114.12877361909,369.16374666259617,59.75,233.78,4.67
37,7,4,0.011905875339984088,2652.3701522091037,3108.3508561384324,455.9807039293287,19.2,17.74,0.35
38,8,5,1.056413811125106,2680.972013056469,3282.626965916043,601.6549528595738,2.65,19.01,0.38
39,7,4,0.30797937727997776,2765.2802488968296,3317.210909491551,551.9306605947213,0,25.78,0.52
40,6,4,0.5318118747249333,2780.955330372687,3205.2194568255877,424.26412645290065,0,17.76,0.36
41,7,4,0.1484128275712322,2764.1661936020864,3144.542625915261,380.3764323131745,14.9,0,0
42,6,4,0.07975420565108216,2771.8922334819013,3283.5729527136423,511.680719231741,29.45,58.72,1.17
43,7,4,0.634401453032326,2688.1984364491695,3177.3303320633768,489.1318956142072,10.3,38.98,0.78
44,8,5,0.11089576660784882,2860.4564061269134,3204.8101639665133,344.3537578395999,47.4,62.88,1.26
45,8,6,0.13118635207072457,2826.9057548544583,3152.8043477012516,325.89859284679324,76,144.99,2.9
46,7,5,0.002954798392687522,2738.375954842396,3080.884504009038,342.5085491666423,0,15.01,0.3
47,7,4,0.12110058141706669,2875.496013891836,3271.722805906262,396.2267920144259,0,22.47,0.45
48,7,4,0.10138121683342621,2669.8437001667935,3322.3145992087448,652.4708990419513,47.75,50.02,1
49,6,3,0.3227194489869022,2651.917685478953,3273.4273790320644,621.5096935531114,4,25.61,0.51
50,8,5,0.08538623279674344,2704.636270485811,3038.412430517679,333.7761600318677,28.7,136.17,2.72
51,7,5,0.035631833433036005,2693.2731277401185,3150.934630337046,457.6615025969277,50.9,130.41,2.61
52,7,5,0.10379198988895198,2730.0460427898756,3094.1480123448737,364.10196955499805,18.45,88.86,1.78
53,7,5,0.06470638535270626,2711.1553505828947,3082.915690456784,371.7603398738893,41.6,62.45,1.25
54,8,5,0.666551940771947,2683.7236895008664,3109.8803872096146,426.1566977087482,8.55,88.06,1.76
55,6,4,1.1182106765343678,2709.656579842022,3119.2214470656195,409.5648672235975,0,19.24,0.38
56,7,4,0.33498414408289967,2812.1184047352153,3086.29125813692,274.17285340170474,31.45,32.26,0.65
57,8,6,0.03434011410315854,2672.9289789578374,3220.3241599719904,547.395181014153,58.3,63.28,1.27
58,7,5,0.4468431106400846,2725.6741764749845,3185.273644161672,459.5994676866876,28.6,56.11,1.12
59,7,4,0.5495548087879931,2746.541769731102,3009.331727469138,262.78995773803626,8.35,10.94,0.22
60,6,4,0.4369045531257605,2558.8154905608235,3135.2916253611247,576.4761348003012,21.35,21.37,0.43
61,6,3,0.6506381071748083,2688.2973044646146,3073.7485008449653,385.45119638035067,6.2,0,0
62,9,7,1.2185647199225609,2632.83905375469,3300.891609610491,668.0525558558006,69.15,244.65,4.89
63,6,5,0.020068101018552463,2665.0797628936043,3156.198229524876,491.11846663127153,33.6,55.49,1.11
64,6,5,0.023721245991080546,2682.9158045437694,3050.344471803655,367.4286672598855,26.45,49.36,0.99
65,8,4,0.0980059722445074,2836.2930867848277,3235.077004050336,398.78391726550853,24.25,55.06,1.1
66,8,5,0.6837179115687971,2538.4252703393972,3088.8998975022105,550.4746271628132,32.8,104.24,2.08
67,8,6,0.08690927727213976,2682.2030366324834,3121.232497691358,439.0294610588744,15.1,34.78,0.7
68,7,4,0.21865796404525398,2708.0025749689644,3116.9065894810738,408.90401451210937,39.7,112,2.24
69,8,5,0.9678787321300296,2794.0507010140223,3130.9271941049624,336.87649309094013,0,27.64,0.55
70,7,4,0.09325443991356026,2558.2949592254727,3100.2310877595314,541.9361285340588,82.25,90.73,1.81
71,6,4,0.05700045555146411,2912.460604945816,3083.8787607793734,171.4181558335572,10,52.27,1.05
72,6,4,0.1242738909651008,2763.590080894095,3125.99152940078,362.401448506685,29,54.37,1.09
73,6,4,0.8116088397027382,2601.080157378493,3211.098631427532,610.018474049039,10.85,49.07,0.98
74,7,6,0.10053802035498986,2678.0725968837614,3115.8296935645963,437.7570966808348,9.75,33.65,0.67
75,8,5,0.3991941355494935,2775.9237701766783,3007.356544719585,231.43277454290683,7.65,64.77,1.3
76,7,5,0.07072584224550438,2763.7403511004118,3068.1865729422925,304.44622184188074,24.95,61.84,1.24
77,7,5,0.2359468570761878,2676.287168841963,3240.3135996699875,564.0264308280243,49.05,53.79,1.08
78,6,4,0.07489748028049019,2733.806780959452,3186.566327111337,452.75954615188493,0,0,0
79,7,4,0.17845835128944418,2721.5437924042635,3089.515079396456,367.9712869921923,34.9,54.92,1.1
80,7,5,0.04260605153414718,2805.205044191373,3231.198688418531,425.99364422715826,41.25,49.99,1
81,8,6,0.13235553805403585,2787.5692071898497,3174.9279074646315,387.35870027478177,8.6,36.15,0.72
82,8,6,0.3118044372218585,2706.9146045632497,3121.0818305123007,414.16722594905104,11.15,54.88,1.1
83,7,4,0.2171733171059332,2742.136366099073,3159.0584400229923,416.92207392391947,35.25,52.34,1.05
84,6,4,0.10270697762516652,2754.3849592575057,3102.0887472782074,347.7037880207017,0,0,0
85,5,3,0.7597747626240924,2729.3377536532234,3113.739337006816,384.40158335359274,0.5,30.01,0.6
86,7,5,0.06714325887786246,2830.316653395199,3221.94487973485,391.62822633965106,49.15,119.25,2.38
87,6,4,0.17850523021344727,2725.5348446544513,3232.251668083392,506.71682342894064,0,0,0
88,8,4,0.06948548611717938,2679.500185867811,3254.6515006158515,575.1513147480405,32.85,112.47,2.25
89,8,5,0.9628803232572717,2687.0137014231063,3150.7451598550383,463.73145843193197,18.45,47.77,0.96
90,8,6,0.1253086951574151,2773.9291553124012,3262.6033037959355,488.6741484835343,32.7,60.13,1.2
91,6,4,0.1152579863609541,2748.316083364988,3027.4403633001234,279.1242799351353,43.6,108.81,2.18
92,8,5,0.2063478510774066,2786.6528785556784,3079.022805275338,292.3699267196598,16.85,95.16,1.9
93,6,4,0.4022596004037225,2670.1080457621083,3162.428649616981,492.32060385487284,1.05,12.71,0.25
94,6,5,0.07019915412853918,2739.0491091844037,3082.7010547916966,343.6519456072929,58,217.89,4.36
95,6,4,0.09073373677567795,2690.845990420607,3092.711092774129,401.86510235352216,28,20.3,0.41
96,6,5,0.01744782662347233,2647.177410198133,3259.2497702220744,612.0723600239412,0,0,0
97,8,5,0.6332138707387539,2643.6669399876578,3144.717850669058,501.0509106814002,3.95,48.36,0.97
98,8,6,0.12697387738998367,2791.264927860937,3173.7457687687174,382.4808409077805,54.1,194.82,3.9
99,8,4,0.04757661050310465,2847.880118206579,3136.6668195869233,288.7867013803443,0,8.99,0.18
100,8,6,0.5131004716055272,2660.563996797298,3207.729370583306,547.1653737860079,11.6,57.69,1.15
101,6,4,0.19363018553644554,2786.0075971645288,3154.189310043228,368.1817128786993,24.55,48.64,0.97
102,6,5,0.0731099282944101,2667.613027520307,3171.0188679875846,503.4058404672778,24.75,109.09,2.18
103,7,5,0.8374492688383294,2730.4898470641974,3131.412411583775,400.92256451957746,2,19.92,0.4
104,7,5,0.011667227468778994,2797.9222349723595,3113.7495880286856,315.82735305632605,0,15.87,0.32
105,9,6,0.005127991900577205,2705.1660602636903,3213.4796461061474,508.3135858424571,4.05,133.42,2.67
106,8,5,0.057659348196685466,2731.9061327066,3066.130280773805,334.2241480672051,50.2,48.69,0.97
107,7,4,0.770841042663543,2747.8000510399625,3205.0738330276345,457.273781987672,12.95,18.03,0.36
108,6,4,0.6077434752708886,2725.0865806912448,3182.005880703652,456.91930001240735,0,0,0
109,7,6,0.008633708104023304,2662.065511412718,3135.158938602084,473.09342718936614,43.8,63.31,1.27
110,7,4,0.05001754263083706,2780.882433589814,3156.847641846675,375.96520825686093,0,0,0
111,7,5,0.09437657237948091,2849.796075510683,3157.7582072675605,307.9621317568776,22.05,54.87,1.1
112,8,4,0.11544350526179636,2673.9715584472347,3086.212213385826,412.24065493859143,60.3,70.46,1.41
113,8,5,0.8301832393181418,2788.7310200977254,3172.4430974505344,383.71207735280905,5.85,62.38,1.25
114,9,5,0.18215399305706656,2775.375592058191,3094.889509961722,319.5139179035309,39.2,112.67,2.25
115,6,4,0.7609573703702996,2805.896299966721,3075.121457015013,269.2251570482922,36.45,55.78,1.12
116,9,5,0.2264423513130688,2786.520973305088,3173.533013930716,387.0120406256283,0,6.87,0.14
117,7,3,0.04365617230278129,2667.830694525363,3128.3262413001985,460.4955467748355,37.7,49.48,0.99
118,8,4,0.5537077777549512,2719.7461871639002,3126.2624877809358,406.51630061703554,11.6,41,0.82
119,7,5,0.057563256990302514,2826.2074405836365,3095.1517328578816,268.9442922742451,53.95,69.41,1.39
120,7,4,0.1302295342259215,2763.356058835357,3240.8903555341435,477.5342966987864,0,52,1.04
121,6,4,0.04216756025821871,2689.4467295794934,3085.8218991924696,396.37516961297615,32.55,13.81,0.28
122,5,4,0.6535461854281608,2853.957276549633,3056.120474123734,202.16319757410065,0,4.57,0.09
123,7,4,0.12064207287310844,2760.8436904013624,3054.989199405021,294.1455090036584,63.7,60.85,1.22
124,6,5,1.0620418562451162,2780.833409659834,3277.4373192176017,496.60390955776757,4.55,26.01,0.52
125,8,5,0.8188230004456095,2741.3590874437336,3037.838794877604,296.4797074338703,0,12.21,0.24
126,7,6,0.009352275256819762,2620.4308111230926,3076.8255901048938,456.3947789818012,28.1,60.52,1.21
127,7,4,0.10810941056466698,2734.627758451527,3162.842123893401,428.2143654418742,44.2,71.13,1.42
128,7,4,1.0041335340433435,2727.814479168654,3117.9557629976125,390.1412838289584,0,15.77,0.32
129,7,4,0.2131681802713204,2887.4797837493415,3101.362565071323,213.88278132198138,32,68.7,1.37
130,7,4,0.526823692506531,2558.0370333909596,3225.165568110148,667.1285347191883,0,0,0
131,8,6,0.4848301853679459,2714.3714187254136,3135.6190358232775,421.2476170978639,3.3,62.49,1.25
132,5,3,0.17288998423467702,2812.115932571637,3154.23301412499,342.1170815533528,39.75,46.08,0.92
133,7,4,0.06933741194310811,2736.0218387017503,3147.0885596244534,411.0667209227031,61.1,63.97,1.28
134,6,4,0.38223275963038755,2772.6490437829457,3277.9656068796676,505.3165630967219,0,13.32,0.27
135,8,5,1.0772542835535792,2676.5837806408017,3135.484252591228,458.90047195042644,10.3,36.99,0.74
136,8,5,0.46399483972684713,2674.6046909716083,3134.2394260128895,459.63473504128115,1.2,78.44,1.57
137,9,6,0.47976187017906413,2689.708322047441,3107.061573814038,417.35325176659717,16.95,124.33,2.49
138,7,5,0.7473876943978411,2492.0207021604215,3128.6706920074325,636.649989847011,6.25,33.2,0.66
139,8,5,0.19778110962297424,2662.1279623962505,3132.2350406473643,470.10707825111376,10.95,5.71,0.11
140,6,4,0.0924891851553344,2785.50143777313,3172.5365770998237,387.03513932669375,30.9,52.95,1.06
141,7,6,0.001845614166995503,2739.8310939919256,3153.76592342932,413.93482943739446,5.25,53.17,1.06
142,6,5,0.5917900984639234,2580.8798771274674,3105.265220241191,524.3853431137236,0,0,0
143,6,6,1.1574015769799282,2569.307944617063,3032.803918798572,463.4959741815087,7.75,84.64,1.69
144,6,5,0.13119527204946704,2773.973358950513,3244.2785760270217,470.3052170765086,17.45,20.14,0.4
145,7,5,0.048786836950525346,2727.405612655955,3247.401211796359,519.995599140404,15.05,50.83,1.02
146,7,5,0.31155992457100873,2768.5425500584665,3048.1156439780507,279.57309391958415,26.95,43.64,0.87
147,8,4,0.9832778253570972,2593.262231698439,3181.8408682713616,588.5786365729227,14.75,67.01,1.34
148,6,3,0.5403961101033845,2552.8455248051428,3069.198886256392,516.3533614512494,0,0,0
149,6,4,0.20101937964433433,2845.7320640353864,3159.319796385957,313.5877323505706,1.85,24.23,0.48
150,7,5,0.019896583654337042,2798.566963291534,3211.173398830349,412.6064355388148,0,11.76,0.24
151,8,7,0.011738189888388168,2752.4239469795966,3137.2071259966733,384.7831790170767,31.7,60.08,1.2
152,7,6,0.810629287077082,2802.9276091809916,3062.9148267330634,259.9872175520718,12.6,41.97,0.84
153,8,5,0.1421099509004353,2838.176214633678,3163.17075341874,324.9945387850621,0,36.59,0.73
154,9,6,0.006843140320763645,2742.2685645553693,3187.342931297204,445.07436674183464,37.8,46.53,0.93
155,7,6,0.11177743088401698,2820.051632241749,3186.596016711791,366.54438447004213,8.2,34.72,0.69
156,7,4,0.008664570643750409,2779.155788058146,3032.142127592605,252.98633953445915,43.4,91.94,1.84
157,6,4,0.06374509516414195,2859.777191370404,3181.5019784155497,321.7247870451456,27.9,26.18,0.52
158,6,4,0.0845080740167311,2756.6832159631717,3119.2993036810262,362.6160877178545,1.6,50.59,1.01
159,8,6,0.17329651434632415,2612.7206242813595,3022.845458504658,410.1248342232984,24.8,49.17,0.98
160,8,5,0.04872599832926874,2699.595275319134,3119.2498582657295,419.6545829465954,46.7,56.29,1.13
161,7,4,0.0421545751661853,2777.6756619780417,3150.91827519715,373.2426132191081,28.1,50.35,1.01
162,6,5,0.07542989171159462,2878.1593984059364,3091.576892716214,213.41749431027756,54,78.12,1.56
163,7,5,0.11404304644963131,2668.8332137625866,3121.063669914807,452.23045615222054,41.45,48.49,0.97
164,7,4,0.11504316651167262,2831.593084235588,3147.97213587216,316.37905163657206,1.8,0,0
165,7,4,0.2251877019485543,2798.953558031398,3199.3166799857527,400.3631219543545,12.95,52.27,1.05
166,8,6,0.08273735673954558,2754.868888022314,3159.149720448952,404.28083242663797,69.5,69.51,1.39
167,8,6,0.2862484143253693,2758.0376161964386,3125.2109476891837,367.1733314927451,5.15,24.38,0.49
168,8,4,0.33901576981226583,2776.4798684190314,3131.4740749639013,354.99420654486994,0,58.51,1.17
169,6,4,0.20367471926150815,2686.7987194685593,3110.6391453951865,423.8404259266272,51.75,50.12,1
170,6,3,0.42106964145899495,2824.1147327887884,3268.488965831477,444.3742330426885,10.45,44.74,0.89
171,9,5,0.07329638922685316,2810.6873690366638,3171.9090732381765,361.2217042015127,28.7,55.97,1.12
172,6,5,0.11566585819676414,2874.1546811704857,3197.5126572003774,323.3579760298917,23.85,44.65,0.89
173,6,5,0.26411440780860795,2794.176424444986,3163.685463310441,369.50903886545484,36,53.57,1.07
174,7,4,0.07144919438089287,2665.626334101503,3163.9883054172137,498.3619713157109,96.15,157.75,3.15
175,5,4,0.866034795574093,2781.9468684885273,3189.622748601467,407.67588011293947,0,0,0
176,6,4,0.19502357640644916,2657.542617014936,2999.4061076797952,341.86349066485946,0,0,0
177,9,7,0.03518931373432117,2641.5702536835215,3272.5567126372916,630.9864589537701,30.6,139.97,2.8
178,7,4,0.08546020652693352,2725.425706338732,3117.712533165694,392.2868268269617,11.2,37.7,0.75
179,7,6,0.6594689117732675,2798.2284997351658,3192.7368011418775,394.5083014067118,1.7,30.37,0.61
180,7,5,0.9314565774369393,2756.2691813877886,3257.498676838641,501.2294954508525,38.85,109.83,2.2
181,8,5,0.14301405723755145,2740.9477498962106,3305.212728439664,564.2649785434533,2,49.11,0.98
182,7,5,0.6242234462196774,2834.3152826439846,3122.4517287984063,288.1364461544217,0,0,0
183,7,5,0.2827776266438003,2679.500482049383,3177.934126567416,498.4336445180329,42,87.68,1.75
184,7,4,0.09102297605344098,2764.64584799135,3264.328400052554,499.6825520612042,2.55,20.69,0.41
185,5,3,0.18846938896877022,2713.430986315772,3114.1256902502128,400.6947039344409,3.85,21.53,0.43
186,8,5,0.05042986094685651,2710.3063416251225,3145.9554218153526,435.64908019023005,13.45,27.21,0.54
187,6,4,0.0983762271764939,2726.4506965437586,3142.3019452902163,415.8512487464577,0,19.56,0.39
188,9,6,0.07846560891586751,2664.2418033238455,3218.1652560110683,553.9234526872228,30.4,27.39,0.55
189,7,4,0.3808458962021425,2746.6459963641323,3100.6126801797095,353.9666838155772,4.4,25.22,0.5
190,7,4,0.25348719010660414,2766.512934123727,3144.5360147315973,378.02308060787027,38.9,55.43,1.11
191,8,6,0.0014317070412390323,2767.9600773617412,3193.43861672224,425.47853936049887,0,0,0
192,7,6,0.33391770405712823,2771.3516189576426,3288.6222052281596,517.270586270517,0,28.71,0.57
193,7,5,1.1332321796074827,2749.1581827469786,3144.8941770390798,395.73599429210117,0,6.39,0.13
194,7,5,0.1323219408939862,2764.7811182482947,3129.7929169561276,365.0117987078329,24.85,55.17,1.1
195,6,4,0.12917083132181958,2758.3236149127056,3102.8488818623246,344.525266949619,8.4,75.52,1.51
196,8,6,0.04570272850226118,2673.575528793208,3242.2422318350405,568.6667030418325,73.25,67.75,1.35
197,7,5,0.03901202157628142,2723.7737429197255,3111.7461850757463,387.97244215602086,46.5,68.33,1.37
198,6,4,0.9212916679514913,2714.4154533617184,3270.7302166403774,556.314763278659,30.45,52.16,1.04
199,6,4,0.3075552453498877,3034.312905131944,3206.765918904321,172.4530137723773,42.55,66.06,1.32
200,7,4,0.13405215174148855,2814.432996894011,3167.023048950266,352.590052056255,2.95,26.61,0.53
201,8,5,0.3564529871202132,2860.7385645142026,3212.513309876694,351.77474536249156,51.5,111.39,2.23
202,9,8,0.14708113985206128,2848.9810139153446,3116.124863860192,267.14384994484726,21.85,86.87,1.74
203,7,6,0.40625013089599415,2674.1737470763674,3047.481959344271,373.30821226790385,0,0,0
204,5,3,0.07277046927576923,2625.274064309459,3146.4280771466847,521.1540128372258,0,10.07,0.2
205,6,4,0.8329109136897048,2779.003736697356,3203.6483353790745,424.64459868171843,0,33.26,0.67
206,8,4,0.01653832964460575,2672.2475915038945,3095.1805413071515,422.9329498032571,16.4,56.57,1.13
207,7,4,0.3617030733262624,2917.917051178818,3219.0661776348784,301.14912645606046,35.35,47.83,0.96
208,6,4,0.3145935901665784,2785.101354795317,3278.874004030821,493.7726492355041,2.5,33.79,0.68
209,8,5,0.7182300143617024,2612.7416005714435,3081.5464614336875,468.8048608622439,22.35,69.77,1.4
210,7,5,0.39663167291657997,2728.5563757185982,3213.0985523990175,484.5421766804193,17.9,63.03,1.26
211,5,3,0.7375417508581412,2797.08059363358,3246.46377806173,449.3831844281499,12.35,40.49,0.81
212,7,4,0.19654669399869623,2793.540729718546,3283.8136506501583,490.27292093161213,6.5,32.5,0.65
213,7,5,0.20035392621227352,2766.8229538551936,3206.691437872773,439.86848401757925,10.3,17.91,0.36
214,8,5,0.15846849473845473,2840.1570218662087,3201.2666937650392,361.1096718988306,8.6,34.28,0.69
215,8,6,0.07488691273421208,2692.2689928479294,3164.820300922885,472.5513080749556,9.4,37.24,0.74
216,8,7,0.048553864578212924,2707.740645671455,3105.7502344355057,398.00958876405093,68.9,142.92,2.86
217,6,4,0.06063195637057081,2690.3562076569124,3213.1151975473467,522.7589898904343,14,57.01,1.14
218,8,5,0.24046506556862882,2765.847136551516,3112.848638522579,347.00150197106313,59.95,123.75,2.47
219,7,5,0.006546851316490426,2749.7573188905526,3116.094020210996,366.33670132044335,64,61.91,1.24
220,9,7,0.03863406272561945,2711.8365241655288,3058.2990442433106,346.46252007778185,41.15,241.44,4.83
221,6,4,0.8403482400609618,2552.687292802494,3235.541039140908,682.8537463384141,0,0,0
222,7,4,0.12878006099940248,2894.9775643103553,3202.7274341945827,307.74986988422734,0,0,0
223,8,7,0.12361245421322183,2637.420431026651,3146.229499051569,508.8090680249179,31.95,54.22,1.08
224,8,6,0.19641566613299835,2695.6248856008383,3148.566653702013,452.9417681011746,58.25,186.31,3.73
225,8,5,0.061760616206264135,2701.974880520823,3320.0961547140887,618.1212741932659,0,0,0
226,8,5,0.04225556574134128,2807.9234288509656,3142.7612246724566,334.837795821491,1.8,61.68,1.23
227,6,3,0.02329416162220705,2713.0460286407174,3095.239408485351,382.19337984463345,60.8,55.22,1.1
228,7,4,0.0022787296630793616,2773.2979180588013,3249.5818546515634,476.2839365927621,0,0,0
229,6,4,0.8834995437283166,2713.9274018692363,3141.2764798314474,427.34907796221114,17.45,45.64,0.91
230,6,4,0.005921119155251586,2643.4290133484,3183.655498047224,540.2264846988237,20.3,27.35,0.55
231,7,6,0.07058628096833368,2844.28842583733,3197.154805723455,352.86637988612483,36.4,80.32,1.61
232,7,4,0.2788416492953332,2668.614603876057,3099.745084775362,431.130480899305,10.05,9.92,0.2
233,7,4,0.02638805079790361,2766.483684936635,3117.556306934702,351.072621998067,39.2,21.36,0.43
234,7,4,0.4905423277396731,2753.4320805720095,3158.5660678094564,405.13398723744695,8.15,30.96,0.62
235,7,4,0.5161294082495684,2720.108416546847,3212.2917205597455,492.1833040128986,0,10.16,0.2
236,6,4,0.01412194405303893,2783.5523273261383,3102.671730510905,319.1194031847667,48.55,51.87,1.04
237,6,4,0.11251704322072337,2839.4080786914524,3188.8390003517466,349.4309216602942,23.3,0,0
238,7,4,0.3089585120880424,2690.6358911372304,3131.9392555597133,441.3033644224829,17.85,24.12,0.48
239,6,4,0.1695199526511073,2642.055597697699,3343.2164289592415,701.1608312615426,0,0,0
240,8,5,0.11089786813030444,2665.440277465336,3056.0189421136206,390.57866464828476,33.4,87.09,1.74
241,6,4,0.6820949938312179,2719.6781104228435,3109.2996345058395,389.6215240829961,1.8,46.38,0.93
242,6,5,0.7192282266100071,2807.418176042955,3081.4727653196132,274.05458927665813,2.05,31.95,0.64
243,7,5,0.19813360991465923,2814.4156721471572,3127.2464148077497,312.8307426605925,4.1,14.08,0.28
244,6,5,0.23278645070579929,2787.9127289108433,3104.6405218764935,316.7277929656502,41.2,68.12,1.36
245,7,4,0.04039614594644215,2616.6123650740374,3061.1055169045826,444.49315183054523,1.35,44.58,0.89
246,7,4,0.038657908756910754,2695.813952315151,3262.867838025021,567.05388570987,32.95,108.49,2.17
247,7,4,0.25265004664716884,2609.802754966077,3335.43375309626,725.6309981301829,9.25,64.15,1.28
248,6,3,0.1327668153992112,2551.479593152295,3073.486567107041,522.0069739547462,0,2.81,0.06
249,7,5,0.4921962525827737,2677.013614012981,3224.5138787995147,547.5002647865335,35.05,55.17,1.1
250,8,4,0.2562200124552133,2780.8198811953366,3127.683295516578,346.8634143212412,41.75,77.6,1.55
251,7,5,0.3205561418630308,2748.956096270513,3229.5210365133184,480.5649402428053,9.9,23.88,0.48
252,7,5,0.37980306038523426,2642.062268595428,3196.1076351855204,554.0453665900923,33.75,57.49,1.15
253,6,5,0.12784458456696352,2669.904705336038,3171.489575138543,501.5848698025047,44.8,54.8,1.1
254,8,7,0.007941450095509646,2816.527775876338,3184.0025421518244,367.4747662754862,84.8,118.38,2.37
255,7,6,0.23999522793935743,2720.882449479121,3176.725470747862,455.8430212687408,44.2,113.09,2.26
256,7,4,0.055296676367072535,2811.2383428287703,3147.5807289295144,336.3423861007441,0,0,0
257,6,4,1.0796177045872855,2771.7343697832857,3213.51781572942,441.7834459461342,0,40.51,0.81
258,7,4,0.0003149754880479692,2756.7453138322467,3189.428237027031,432.6829231947845,13.55,86.44,1.73
259,7,4,0.15430910468220796,2739.4697137593753,3153.3909784408906,413.92126468151537,0,44.26,0.89
260,6,3,0.07057709888975414,2774.240233168199,3145.1686878496453,370.92845468144606,0,0,0
261,7,7,0.12735886792616238,2712.851591196023,3289.622715537826,576.771124341803,59.7,156.32,3.13
262,7,5,0.13536385954842794,2734.932599339543,3075.690540349882,340.75794101033944,0,43.18,0.86
263,7,4,0.25602431719573004,2807.3963804544182,3172.1374237967366,364.74104334231833,1.85,23.7,0.47
264,8,6,0.014237788156133007,2794.776743043996,3166.04525867688,371.2685156328844,42.1,83.44,1.67
265,7,5,0.10369836683108924,2861.3613755339397,3286.161400887467,424.8000253535274,61.05,61.65,1.23
266,6,5,0.18939642701227724,2777.0087039342884,3110.5682637040004,333.559559769712,0,0,0
267,7,5,0.2726409503622868,2795.5552513475664,3174.2278321533563,378.67258080578995,0,15.4,0.31
268,7,6,0.1839048914008927,2893.079636987877,3019.400420756484,126.32078376860682,51.65,176.63,3.53
269,8,5,0.8596472564672225,2822.5718876408177,3206.2313172040795,383.6594295632617,0,45.6,0.91
270,7,5,0.3001968687695175,2791.478702048784,3063.0396212783135,271.56091922952965,31.9,48.41,0.97
271,6,4,0.4656692294464744,2831.625946481426,3164.3572357548687,332.7312892734426,0,32.79,0.66
272,7,5,0.7188871644165298,2732.9772969386727,3127.0695022506093,394.0922053119366,7.35,70.64,1.41
273,8,5,0.08956665120692152,2864.9588154843673,3200.2207660407157,335.26195055634844,0,13.24,0.26
274,7,4,0.16898295107103622,2824.2420589749813,3180.081037646111,355.83897867112955,3.25,10.69,0.21
275,8,7,0.8535307219459823,2667.282545809654,3039.3424495690997,372.05990375944566,12.45,75.61,1.51
276,8,6,0.6337174733164628,2745.9782100660696,3137.694387386596,391.71617732052664,2.85,40.24,0.8
277,6,4,0.19489594067619948,2732.64617445118,3181.666190232123,449.02001578094314,13.4,59.73,1.19
278,7,5,0.3664011149002529,2693.616022659284,3051.452206912396,357.8361842531117,0,5.13,0.1
279,7,4,0.706627472423696,2765.1380137605174,3139.096264096819,373.9582503363017,23.8,64.62,1.29
280,5,4,0.28907952782641355,2722.12143173825,3113.618333797099,391.4969020588487,28.2,60.6,1.21
281,5,5,0.10717952661361997,2730.578990182214,3149.6370321327936,419.05804195057954,0,14.02,0.28
282,7,5,0.1369529453434596,2692.231019855702,3260.9553194910295,568.7242996353275,6.25,28.16,0.56
283,6,4,0.34092930240465585,2805.715489682166,3163.2577228041955,357.5422331220293,0,0,0
284,7,5,1.0766828296407747,2847.79585832867,3084.649060027631,236.85320169896113,1.25,40.2,0.8
285,6,4,0.6393150803483074,2743.5872936519754,3181.947918315655,438.3606246636796,2.45,36.74,0.73
286,7,6,0.21215387438654354,2633.5464263617714,3154.669143165772,521.1227168040004,5.6,164.16,3.28
287,8,5,0.12336246499828789,2933.5116049019352,3204.97176218962,271.460157287685,3.75,82.63,1.65
288,7,5,0.07387676924251263,2558.4936993297815,3231.935492533667,673.4417932038855,8.8,32.98,0.66
289,7,4,0.030691940796101137,2768.798331401265,3010.2141547592737,241.41582335800877,50.7,82.79,1.66
290,8,7,0.010025231191203658,2890.299829745237,3239.5432942008206,349.24346445558376,33.6,60.6,1.21
291,8,6,0.07673014995317869,2576.605253376646,3254.4220723357107,677.8168189590647,51.5,72.57,1.45
292,8,5,0.2696889737522994,2730.8291030242067,3101.9302021728886,371.1010991486819,39.2,55.58,1.11
293,8,4,0.07179660593707379,2829.4902020668187,3198.915088869934,369.42488680311544,34.55,51.75,1.03
294,7,5,0.09460528503168096,2739.6324050837607,3247.2517341383527,507.6193290545921,80.2,116.89,2.34
295,7,5,0.31438607803729035,2771.0727182508963,3193.5024904808865,422.42977222999025,17.75,46.44,0.93
296,9,5,0.1650633559233386,2793.261919640232,3175.0241484462963,381.7622288060643,2.2,28.86,0.58
297,8,6,0.16723274093410023,2900.2081756687026,3174.5106967414945,274.30252107279193,0,11.95,0.24
298,5,3,0.6354837922979341,2783.119962283842,3244.7958822547594,461.6759199709172,0,0,0
299,6,4,0.23159017530555823,2656.801311460655,3049.762224338848,392.96091287819263,0,0,0
300,6,4,0.8916450212641115,2691.004266251183,3086.392187917903,395.3879216667201,32.6,41.42,0.83
301,6,4,1.1313308899284125,2747.613316861225,3115.793180666526,368.179863805301,0,6.41,0.13
302,7,5,0.02086167572082346,2735.9452556350293,3152.794504884812,416.8492492497826,29,91.36,1.83
303,6,5,1.0384982145620123,2657.467808029684,3159.120457290717,501.6526492610328,14.35,32.41,0.65
304,6,4,0.04272779500334624,2637.4587898888703,2995.5393440765292,358.0805541876589,0,58.52,1.17
305,7,4,0.069950265366947,2798.6541962633987,3179.7417975512562,381.0876012878575,44.7,125.53,2.51
306,6,4,0.06827180566445294,2801.9951255079072,3178.906713845509,376.91158833760164,49.5,80.76,1.62
307,6,4,0.8211998311499134,2713.8026709517244,3138.0423044652475,424.23963351352313,0,0,0
308,7,6,0.04652800971927456,2636.274871427956,3102.9230589542726,466.64818752631663,45.9,88.92,1.78
309,7,5,0.78515005850763,2849.416288495431,3151.912378489146,302.4960899937146,17.4,50.28,1.01
310,6,4,0.6923086999850692,2728.4139656650477,3177.515037248289,449.10107158324126,29.25,30.14,0.6
311,10,7,0.003746082183658559,2695.035755495801,3114.3607262656947,419.32497076989375,35.05,120.32,2.41
312,7,4,0.3070199120465786,2791.929162369371,3216.4524175512165,424.52325518184534,5.3,24.18,0.48
313,8,5,0.12531831740062147,2867.758816962667,3162.59307163955,294.8342546768831,24.35,76.1,1.52
314,6,5,0.5604395696011272,2714.4750857811578,3193.473339463067,478.9982536819093,0,12.68,0.25
315,7,5,0.08621737501123955,2856.3547330823535,3193.6387070738942,337.28397399154073,15.15,24.94,0.5
316,9,5,0.34748695245061595,2803.430135152806,3145.424327127937,341.9941919751309,8.25,70.28,1.41
317,8,6,0.02717556449622741,2794.985286234614,3078.986475991596,284.00118975698206,23.3,88.68,1.77
318,8,6,0.023958281824328447,2766.023878244367,3220.1473820549036,454.1235038105365,69.5,144.41,2.89
319,7,5,0.028407661301724424,2695.867516988171,3127.086896863606,431.21937987543515,0,0,0
320,8,7,0.039361093622906816,2743.310402471242,3114.2339209233796,370.9235184521376,0,39.6,0.79
321,7,4,0.710991803079167,2643.2418316635467,3112.4156048077766,469.1737731442299,35.2,88.41,1.77
322,7,4,0.3966229683536769,2783.184897004538,3245.0494350486715,461.8645380441335,0.25,30.84,0.62
323,7,5,0.3152524274340385,2692.7576246852987,3224.989245121691,532.2316204363924,0,0,0
324,6,4,0.17462474946015608,2754.3096140970206,3191.654479996304,437.3448658992834,7.4,29.77,0.6
325,7,5,0.35381914076052934,2655.457807898328,3077.224996772282,421.7671888739537,52.3,54.6,1.09
326,8,5,0.17397473475884406,2788.4939689395133,3222.292165610515,433.79819667100173,45.6,126.77,2.54
327,8,5,0.05724517327930751,2746.0532597783217,3108.9698149507553,362.9165551724336,28.85,49.55,0.99
328,8,6,0.4661868933876704,2598.257739292898,3103.2715793384086,505.01384004551073,4.25,24.49,0.49
329,6,5,0.4887535378753279,2778.9120413841115,3083.8442987106387,304.9322573265272,0,3.54,0.07
330,7,5,0.4575707751722712,2813.190464849561,3149.820584693522,336.630119843961,18.75,27.15,0.54
331,8,5,0.01470903298747324,2684.5049132862414,3079.882840059668,395.3779267734267,64.65,210.95,4.22
332,7,5,0.1540400200254991,2869.73282874373,3212.985043391596,343.2522146478659,11.5,3.83,0.08
333,6,4,0.47610765776924135,2658.6393666586373,3143.5608835863927,484.9215169277554,34.55,62.2,1.24
334,8,5,0.0374107115982732,2826.427246708501,3267.943948582027,441.516701873526,27.9,68.43,1.37
335,7,5,0.07193044133415179,2732.6948817068333,3131.7575584091933,399.06267670236,73.1,144.36,2.89
336,7,5,1.0564592331755955,2769.1758943248346,3253.0579284755177,483.882034150683,4.55,25.21,0.5
337,7,5,0.09579075960876704,2810.538910870341,3238.6487262535647,428.1098153832236,31.1,56.99,1.14
338,7,6,0.028491107954776478,2823.8177226454827,3052.239484114464,228.42176146898146,71.4,68.91,1.38
339,6,4,0.09996640787421096,2795.7927535894746,3216.0250237949335,420.2322702054589,7.9,54.33,1.09
340,8,5,0.04272919415747796,2635.5700259388173,3129.232497630195,493.66247169137796,24.8,102.62,2.05
341,7,4,0.29301590178305126,2816.5698932140645,3291.8727445275345,475.30285131347,0,0,0
342,5,4,0.32291855203947734,2648.0699157826066,3038.000357453166,389.9304416705595,7.9,22.21,0.44
343,8,5,0.2307644139739877,2842.1357080536513,3043.9670640432005,201.83135598954914,0,34.94,0.7
344,8,5,0.05613412300688745,2682.8232690041696,3076.929628632653,394.10635962848346,50.55,49.5,0.99
345,8,7,0.45689292876177234,2758.3883489018503,3155.4587408431507,397.0703919413004,34.9,136.06,2.72
346,6,6,0.7620350250614063,2769.748076541314,3160.7793073768376,391.03123083552373,12.65,53.47,1.07
347,9,7,0.14619816330472324,2734.545006424196,3093.3279606070305,358.7829541828346,51.4,98.26,1.97
348,6,4,0.7907882469043855,2796.595430837295,3146.8206791040598,350.22524826676454,0.45,30.85,0.62
349,7,5,0.49082875683706295,2859.363454675818,3131.602946529982,272.23949185416404,3.8,26.16,0.52
350,8,5,0.009167355361966662,2740.6033900413,3131.4686545492586,390.8652645079587,14.3,52.59,1.05
351,8,5,0.006989989394020894,2888.346927190181,3191.7061320177104,303.35920482752954,70.1,141.86,2.84
352,6,4,0.7774625815920689,2715.2857859672254,3109.7434581762873,394.4576722090619,2.3,47.32,0.95
353,7,5,0.5968467848780741,2719.059363586964,3279.5775568645254,560.5181932775613,36.7,43.48,0.87
354,6,5,0.07113765971002987,2637.7124443055313,3038.2197011858116,400.50725688028024,42.25,55.05,1.1
355,7,4,0.13592652950261214,2835.9868987179866,3055.050753905442,219.06385518745537,34.4,44.13,0.88
356,8,5,0.12537040776059677,2684.176790933285,3082.400461641664,398.22367070837936,7.05,28.11,0.56
357,7,4,0.028594893113721105,2697.3303303005932,3275.8077283546113,578.4773980540181,0,0,0
358,6,4,0.5759617269794468,2820.8689628940956,3203.463324438126,382.59436154403056,0,0,0
359,7,4,0.13133395217605018,2621.018314091292,3073.027493223892,452.00917913260037,35.3,45.08,0.9
360,7,4,0.7712391771227176,2804.679138100072,3155.8628816007526,351.1837435006805,0,34.88,0.7
361,6,4,0.01886490685398928,2595.8208736456418,3217.863233958214,622.0423603125723,0.95,13.99,0.28
362,6,4,0.6521601837561632,2660.3897772652,3129.8214218619446,469.4316445967447,5.75,26.81,0.54
363,6,4,0.08139035384527511,2819.3004362267275,3161.01926045739,341.71882423066245,1.35,51.78,1.04
364,8,4,0.07451528322368173,2704.9477298224324,3128.204511581472,423.25678175903977,14.45,44.04,0.88
365,6,5,0.02709708673790235,2685.80997849847,3098.9891200057455,413.1791415072753,1.2,47.22,0.94
366,8,4,0.07945115333197804,2742.7098758043057,3116.2541631162017,373.5442873118959,0,0,0
367,7,5,0.2781646470231381,2803.063389862703,3118.365669750965,315.3022798882621,27.3,79.7,1.59
368,6,4,0.8055333926991618,2665.710239268056,3074.784718749763,409.0744794817074,0,0,0
369,6,4,0.7134205565760222,2746.2981781536837,3079.7794412732487,333.481263119565,6.4,29.99,0.6
370,6,4,1.0628984600103941,2812.128204559189,3198.6827604596874,386.5545559004986,15.05,56.73,1.13
371,7,5,0.08822378810583123,2813.6920085867882,3229.2008329837226,415.5088243969344,0,23.6,0.47
372,8,7,0.612333142756453,2605.2630225307416,3244.597297208455,639.3342746777134,31.5,106.29,2.13
373,7,4,0.1579446802618197,2798.21375629971,3191.432979747981,393.2192234482709,2.1,36.51,0.73
374,6,5,0.4204760649393585,2696.110881728031,3166.3668161962105,470.2559344681795,1.25,18.1,0.36
375,7,5,0.9770903374351052,2678.531677505311,3172.7916999540735,494.26002244876236,2.2,13.4,0.27
376,5,4,0.2101279075999427,2725.6579486357355,3074.466998113792,348.80904947805675,21.15,51.47,1.03
377,7,7,0.34436086128231586,2869.5174125608996,3261.625053680878,392.1076411199783,0,0,0
378,7,4,0.00998287458115577,2716.58518488699,3255.63644040829,539.0512555212999,2,52.36,1.05
379,9,7,0.35877918771717604,2730.0945353807365,3143.5802972901797,413.4857619094432,22.55,88.53,1.77
380,7,6,0.5655890007767758,2830.1653683064346,3140.7609964463445,310.5956281399099,0,18.98,0.38
381,7,5,0.8923894759635491,2783.129053665214,2987.257540670433,204.12848700521909,2.45,16.37,0.33
382,7,6,0.16431351477528514,2664.08314303531,3104.838746038703,440.75560300339293,25.7,48.65,0.97
383,7,4,0.2230607511048877,2719.094458444601,3038.667581211216,319.57312276661514,40.6,60.81,1.22
384,8,6,0.07683197260017392,2725.685355893967,3133.5408257012914,407.8554698073244,60,100.05,2
385,8,6,0.4333340180469146,2800.183707760677,3256.635801643336,456.452093882659,0,6.83,0.14
386,8,5,0.03658683887688383,2688.932497837212,3155.813059610942,466.8805617737303,46.25,129.79,2.6
387,7,7,0.0017986079519654512,2612.350157783528,3050.6087447012133,438.2585869176851,22.8,99.07,1.98
388,7,4,0.000014635046677015061,2760.4897162047023,3087.3982028329124,326.9084866282101,0,49.36,0.99
389,7,5,0.7099368204699683,2751.5577091602227,3162.2256966252935,410.66798746507084,0,0,0
390,6,4,0.05435812894554459,2738.7716248332877,3208.513165102559,469.74154026927135,29.1,45.68,0.91
391,6,4,0.3854576381022277,2650.1442486347137,3012.5086212551196,362.3643726204059,22.85,52.23,1.04
392,8,6,0.04829983965136852,2682.5732769104466,3069.5518194106535,386.9785425002069,40.05,69.79,1.4
393,7,5,0.7490266324100532,2710.806752667878,3169.681725979816,458.874973311938,36.2,74.73,1.49
394,6,3,0.3151277741028584,2658.4665083788286,3295.049360980235,636.5828526014066,0,0,0
395,8,5,0.08965535296778022,2689.556965696172,3132.0879880315383,442.5310223353663,12.45,42.3,0.85
396,7,5,0.40914162361157413,2831.9855647218287,3170.2056005004843,338.22003577865553,34.2,58.8,1.18
397,7,5,0.1393223499705284,2861.729781550363,3257.2235767685424,395.49379521817946,31.45,84.45,1.69
398,8,7,0.07109001498824288,2673.4816399153265,3163.085770429288,489.60413051396154,45.1,156.2,3.12
399,7,5,0.029334757380907468,2753.5504128707394,3141.3954185780726,387.84500570733326,32.35,53.8,1.08
400,7,6,0.008994961575767822,2698.5489889143632,3191.4466550618977,492.89766614753444,36.05,81.08,1.62
401,6,5,0.9784610663748027,2740.1283641186706,3221.55087094929,481.42250683061957,8.5,33.57,0.67
402,8,6,0.19734408653012453,2710.1893583209385,3241.2027312567384,531.0133729357999,28.3,59.39,1.19
403,6,5,0.0032865706222076764,2720.630215793039,3216.217786100736,495.58757030769675,22.25,56.62,1.13
404,8,5,1.0557472632872404,2741.6410668900326,3157.4663795426954,415.8253126526629,7.2,53.87,1.08
405,8,5,0.033893620985124856,2751.220066358668,3030.407589432835,279.1875230741666,1.4,67.49,1.35
406,6,4,0.44837086850538094,2676.053391248225,3199.102425069555,523.0490338213299,1.25,23.21,0.46
407,7,4,0.8162641885338356,2803.857061055731,3350.7636904552114,546.9066293994806,0,0,0
408,9,6,0.11433091860519808,2936.4849490163497,3273.6138692149957,337.12892019864603,39.95,206.15,4.12
409,6,4,0.11867668733037354,2738.649481395499,3206.7730784335095,468.1235970380103,4.8,58.04,1.16
410,8,6,0.5257923479120178,2537.1815456123313,3081.495584378582,544.3140387662506,0,23.59,0.47
411,9,7,0.05173035446163551,2814.2153936448763,3056.6397516423904,242.4243579975141,65.45,216.39,4.33
412,10,6,0.03308217113314116,2691.9767109692802,3276.973863927553,584.9971529582726,61.2,137.36,2.75
413,8,5,0.006255800106527468,2737.871741901047,3198.0803660050924,460.2086241040456,41.1,47.74,0.95
414,6,3,0.7971243074941394,2660.509624521153,3132.991547587255,472.4819230661019,0,16.36,0.33
415,6,4,0.5031285692562131,2532.7410678830133,3004.9183474062784,472.17727952326504,0,0,0
416,8,6,0.11196540226264848,2686.381911138775,3112.0318500103735,425.64993887159835,14.9,122.68,2.45
417,7,5,0.46963522737702385,2635.6917578269567,3133.232464304348,497.54070647739127,30.2,77.35,1.55
418,7,5,0.0029338286568534938,2797.738320634569,3156.026773634214,358.28845299964496,40.55,35.2,0.7
419,8,5,0.19051899902329114,2601.176289502466,3149.445948401557,548.2696588990912,5.7,89.83,1.8
420,6,4,0.23733949344918628,2679.9097140721005,3085.810372553961,405.9006584818603,31.5,52.03,1.04
421,8,5,0.04638865440381591,2607.4087041229313,3261.7393405527177,654.3306364297864,24.7,0,0
422,5,4,0.17691687863978572,2776.7636956030447,3183.6155281066754,406.8518325036307,21.65,89.3,1.79
423,6,4,0.20236335459938962,2734.886857245465,3223.3929222156153,488.5060649701504,6.05,80.63,1.61
424,6,5,0.8649300741980197,2814.0891134379117,3155.9087598606825,341.8196464227708,8.8,32.18,0.64
425,9,6,0.026954021489715225,2753.5231779510623,3151.239083371041,397.71590541997875,50.65,123.31,2.47
426,6,4,0.19551549653366543,2717.33930866006,3132.481074416656,415.1417657565962,0,22.09,0.44
427,8,5,0.11503270728418444,2768.6097382116773,3058.538194899147,289.92845668746986,7.75,36.89,0.74
428,8,4,1.069849308410347,2818.0975467098388,3123.3001429419696,305.2025962321309,0,59.77,1.2
429,7,5,0.046395962140966814,2785.3473954396663,3079.202570589139,293.85517514947287,30.9,52.91,1.06
430,6,4,0.004415617593958288,2827.9618313275346,3111.3899739283033,283.42814260076875,35.35,55.6,1.11
431,8,5,0.38893629673702973,2832.9859579737545,3111.904880380839,278.91892240708466,5.35,26.7,0.53
432,6,4,0.1697376202952496,2747.1082863120737,3016.656551456581,269.54826514450724,2.85,20.22,0.4
433,8,5,0.06990965423161168,2760.169887763346,3281.1140824232684,520.9441946599222,0,23.7,0.47
434,6,4,0.5823510207203887,2759.620927187841,3150.373669310782,390.7527421229411,0,0,0
435,6,4,0.4178879876951206,2679.3559841357473,3146.079990364123,466.72400622837586,0,3.54,0.07
436,8,5,0.06631590067654858,2814.518416243983,3266.069225986636,451.55080974265275,0,73.05,1.46
437,5,3,0.6515159900262726,2744.928371558346,3078.313835111099,333.38546355275275,0,5.96,0.12
438,6,4,0.5961580481960862,2752.386141855426,3209.3830745567047,456.99693270127864,0,0,0
439,8,5,0.17459600254613217,2742.7035464397622,3154.2220298950174,411.51848345525514,7.4,30.09,0.6
440,7,4,0.3854276105154881,2724.471874404082,3199.2190350229375,474.74716061885556,8.25,15.4,0.31
441,6,4,0.12252342231630607,2738.738594573563,3155.639924489312,416.90132991574865,29.25,88.11,1.76
442,7,4,0.16115840126420417,2702.294286889154,3090.6246093682835,388.33032247912934,49.5,165.38,3.31
443,7,4,0.08790025624324835,2797.3209178327197,3136.024187690652,338.70326985793236,0.85,32.21,0.64
444,8,5,0.3015902803433353,2769.5070070802217,3175.014293852792,405.5072867725703,0,43.11,0.86
445,7,5,0.08512314429697973,2692.903989799951,3065.359978677261,372.4559888773101,22.8,4.37,0.09
446,7,5,0.29692574154339646,2768.6250164946955,3250.0681585722887,481.44314207759317,28.6,94.42,1.89
447,7,5,0.17323460100014196,2714.85674870432,3102.8803968466555,388.02364814233533,19.6,54.02,1.08
448,7,4,0.08766486801835813,2801.150476564741,3292.3787553406287,491.2282787758877,40,53.06,1.06
449,7,5,0.11253102664003356,2836.4204365559826,3196.157727905916,359.73729134993346,33.7,109.04,2.18
450,7,4,0.01150284456610857,2758.780476857371,3185.378816867824,426.59834001045283,61.8,62.27,1.25
451,7,5,0.5407930142077879,2741.870575363189,3061.3247727063194,319.45419734313055,26.5,29.85,0.6
452,7,5,0.08335354522961756,2673.2586775390987,3039.3888595117082,366.13018197260953,25.85,0,0
453,7,4,0.2507929111981172,2799.6731581311947,3375.5942888517884,575.9211307205937,0,0,0
454,7,4,0.2763900928989385,2689.8862674635834,3291.3556243109297,601.4693568473463,0,0,0
455,6,3,0.0872441577384075,2692.564276840013,3084.7895563562415,392.2252795162285,31.35,28.22,0.56
456,5,4,0.8480591055708553,2921.631374305673,3181.77568935746,260.1443150517871,0,0,0
457,6,3,0.9581362312918312,2704.739287858299,3196.3344998869484,491.59521202864926,0.7,19.43,0.39
458,7,6,0.02506087274456797,2530.9285019455474,3134.3217052254986,603.3932032799512,75.35,157.36,3.15
459,7,5,0.8471421510156871,2646.241340050508,3030.408672216587,384.1673321660792,13.85,67.32,1.35
460,7,5,0.3537990461412508,2684.6190041724585,3090.299676786377,405.68067261391843,52.45,54.84,1.1
461,7,5,0.3350193278438496,2736.591483808581,3138.1721005224304,401.5806167138494,35.7,42,0.84
462,7,5,0.003937708050791015,2607.2378465689526,3064.894307657006,457.6564610880532,0,0,0
463,6,4,1.0661023811900363,2654.5142800001736,3112.7560655435577,458.24178554338414,14.15,53.61,1.07
464,7,5,0.15696447591480364,2601.819828898583,3270.194573398696,668.3747445001127,34.15,45.86,0.92
465,8,7,0.2678329202802203,2614.19092833569,3193.6409630433373,579.4500347076473,50.05,132.37,2.65
466,8,5,0.9828734474079952,2785.678383072963,3187.7831852261347,402.10480215317193,3.75,33.45,0.67
467,7,4,0.8102163679828195,2793.6899496936066,3165.9171640308255,372.2272143372188,2.05,18.16,0.36
468,6,5,0.5330006927638464,2764.568697034716,3137.2332276350908,372.66453060037475,30.05,65.46,1.31
469,7,5,0.5420327259605812,2749.594230975707,3199.844360870797,450.25012989509014,0,23.09,0.46
470,6,4,0.9115856773598076,2711.8818676379124,3086.677374958132,374.7955073202197,0,19.2,0.38
471,8,5,0.26559300247585393,2727.9716959796597,3277.811121206447,549.8394252267872,0,20.71,0.41
472,6,4,0.078516517650288,2796.8793053756226,3109.8192131074707,312.93990773184805,4.75,0,0
473,6,4,0.9318795111008595,2722.8001390693153,3106.2118270764427,383.4116880071274,0,0,0
474,8,5,0.058392126223406025,2699.409366038162,3085.629361836419,386.21999579825706,9.4,74.79,1.5
475,7,5,0.22918895305917852,2653.343305554198,3186.234261381421,532.890955827223,26.7,57.91,1.16
476,6,3,0.3110888731264624,2855.2506908059227,3097.91917565455,242.6684848486275,0,17.78,0.36
477,8,5,0.01640546597775393,2750.829870514294,3166.763279930931,415.933409416637,136.75,169.93,3.4
478,7,5,0.148290364037738,2677.2774363314134,3082.9630680118185,405.6856316804051,24.9,89.66,1.79
479,8,5,0.043869759656766004,2698.6604960950026,3263.1305139339156,564.470017838913,33.2,53.3,1.07
480,7,4,0.001796498358415734,2740.462112107247,3144.6696703285825,404.2075582213356,107.5,134.43,2.69
481,8,5,0.05761240959623077,2712.7835633077734,3208.5277939782327,495.7442306704593,19.95,14.34,0.29
482,5,4,0.29999652735975074,2699.5556082890994,3133.5260572500683,433.97044896096895,3.2,44.22,0.88
483,7,4,1.1654594767258035,2778.22643273955,3193.7031560581404,415.4767233185903,21.3,50.93,1.02
484,8,6,0.2157483712878944,2679.2652666965637,3093.68754058046,414.4222738838962,8.85,52.47,1.05
485,7,6,0.014775199705748554,2743.998371508241,3219.8663544024216,475.86798289418084,138.55,177.82,3.56
486,7,6,0.1855209853691359,2848.3776136218976,3110.2848700122677,261.9072563903701,24.7,55.36,1.11
487,8,6,0.03308955634817036,2675.3193555269177,3185.359593553837,510.04023802691927,26.15,99.22,1.98
488,7,6,0.010625048527114557,2802.6823778308476,3246.0892690529454,443.4068912220978,95.35,166.07,3.32
489,8,7,0.1333606977473278,2650.338816518042,3157.2081849563674,506.8693684383252,54.3,241.26,4.82
490,6,3,0.38270213369147577,2811.4136018095683,3214.0926510211857,402.67904921161744,5.85,27.77,0.56
491,7,5,0.09215878528297362,2786.408087043085,3147.4057375412845,360.9976504981996,24.35,49.09,0.98
492,9,6,0.01663863964868834,2714.0282878010507,3070.7372647293414,356.70897692829067,67.4,149.64,2.99
493,6,3,0.4288817418861472,2728.0797133031465,2976.8797036530964,248.7999903499499,14.65,48.63,0.97
494,7,5,0.03241621468326049,2769.670512598794,2990.7886232023625,221.1181106035683,40.3,48.24,0.96
495,7,5,0.895055058994376,2815.3443794613963,3140.7566647083745,325.4122852469782,17.75,58.68,1.17
496,6,4,1.0076980956229789,2712.446909636148,3065.732041044242,353.285131408094,37,55.23,1.1
497,8,5,0.11614718976783014,2693.9627114327054,3081.7846264505524,387.821915017847,11.65,40.07,0.8
498,6,6,0.4855478092497109,2683.5178805954693,3250.2772236625365,566.7593430670672,20.25,89.31,1.79
499,8,7,0.029278598106534586,2823.955417090655,3198.378077599877,374.42266050922217,53.7,97.22,1.94
500,7,5,0.19654506866704072,2807.189330133894,3146.042584802717,338.85325466882296,14.45,23.42,0.47
501,7,5,0.7621126591302386,2646.5020943004606,3191.7731445642544,545.2710502637938,0,4.95,0.1
502,7,4,0.024600585986848014,2765.2653613922744,3075.8658719207947,310.6005105285203,3.3,28.23,0.56
503,7,5,1.0605710236528307,2695.5537736929696,3156.1691125993043,460.6153389063347,0,24.86,0.5
504,6,4,0.05718317099176888,2815.953040052074,3238.503960951065,422.5509208989911,42.05,49.45,0.99
505,6,4,0.028310443462136545,2689.635602810649,3225.0832473553746,535.4476445447258,31.65,49.61,0.99
506,8,6,0.5793317813743334,2778.99828888551,3117.0182855378425,338.01999665233234,21.65,56.85,1.14
507,6,4,0.6930656228333881,2705.1193704481793,3265.2500172495943,560.130646801415,0,0,0
508,8,5,0.12926480982486277,2794.2729203913173,3140.704573858725,346.4316534674076,32.25,69.61,1.39
509,8,6,0.07271034080747121,2804.7253540514475,3156.467223954857,351.7418699034097,19,61.66,1.23
510,8,6,0.09891611482879191,2781.9434989376546,3209.9328851625573,427.9893862249028,0,19.69,0.39
511,7,4,0.033600429376880424,2633.4224412115095,3226.0925527740956,592.670111562586,38.65,88.47,1.77
512,7,4,0.8253754817776788,2680.3945958764916,3201.7762607872655,521.3816649107739,7.05,68.7,1.37
513,6,5,0.2156175473417592,2686.579853114686,3288.7603908482615,602.1805377335754,44.4,60.14,1.2
514,6,3,0.9449029958242666,2789.8466849535635,3124.6483688753633,334.80168392179985,0,0,0
515,8,5,0.38586068786493827,2707.339226101295,3208.2845140122554,500.94528791096036,0,32.73,0.65
516,8,5,0.0031652078073501413,2624.0591126965774,3131.7870546976214,507.7279420010441,110.1,165.83,3.32
517,6,4,0.1649044446126316,2644.8522448718063,3129.398746103268,484.54650123146166,0,0,0
518,7,5,0.5790566747743024,2590.1709029962917,3310.6338830566374,720.4629800603457,0,9.41,0.19
519,5,3,0.16001571749044974,2773.975181431175,3190.5965725748815,416.62139114370666,25.15,45.36,0.91
520,7,5,0.09915422696009896,2817.875295147591,3289.3429726080685,471.4676774604777,46.25,62.35,1.25
521,7,4,0.7719721465960931,2816.8503328576226,3247.5490898957837,430.69875703816115,0,43.03,0.86
522,9,7,0.0200033687057208,2755.717662218686,3073.753294656736,318.03563243805,11.2,79.01,1.58
523,8,4,0.05744093762321673,2731.336121996175,3137.881388982481,406.54526698630616,39.55,77.84,1.56
524,7,5,0.41278599372707575,2640.8186022276777,3183.738572557524,542.9199703298464,10.9,38.73,0.77
525,8,5,0.18750428319388987,2720.3875088141895,3238.270173056943,517.8826642427534,0,46.34,0.93
526,8,6,0.032233730287209154,2740.348621580711,3134.92071527377,394.57209369305883,32.2,56.54,1.13
527,8,4,0.09414652094820783,2806.6908253359225,3158.458423074833,351.76759773891035,68.55,112.76,2.25
528,6,5,0.09592203658829215,2654.678365944614,3088.565245441543,433.88687949692894,32,49.41,0.99
529,8,4,0.33022274222747716,2751.1592046199216,3104.6570976545663,353.4978930346447,0,89.06,1.78
530,5,4,0.821662056122751,2683.9495797757045,3158.5749797695757,474.62539999387127,39.3,103.05,2.06
531,8,7,0.05500079269180968,2832.06573149533,3163.124881073199,331.059149577869,0,41.43,0.83
532,8,5,0.06248813970641872,2800.3907138459244,3191.727765827048,391.33705198112375,9.45,39.22,0.78
533,8,5,0.13207359495851054,2757.5845822146493,3065.8266698856673,308.242087671018,0,8.76,0.18
534,7,6,0.27983866514669886,2864.659697003178,3196.644748587547,331.9850515843691,31.3,53.8,1.08
535,6,4,1.0617387356482635,2702.5048257145563,3199.942433783175,497.43760806861883,0,0,0
536,8,5,0.012066522978051783,2632.8959021056085,3196.3759419498824,563.480039844274,30.95,59.46,1.19
537,7,5,0.4164136052496038,2665.0908754741845,3267.3421955441445,602.25132006996,29.6,50.51,1.01
538,5,4,1.0519163968898064,2744.096702402281,3181.8852435525237,437.7885411502425,0,3,0.06
539,7,5,0.05987746806049728,2518.9452162728526,3113.128691489564,594.1834752167115,0,26.72,0.53
540,8,5,0.06929714179163685,2756.0199493805194,3212.0123670827547,455.99241770223534,44.4,60.65,1.21
541,8,4,0.1542142252404419,2836.8992478357827,3216.0955421041617,379.196294268379,2,40.74,0.81
542,7,4,0.1579099672184613,2884.003580067666,3226.1989276523786,342.19534758471264,30.6,29.69,0.59
543,6,5,0.10063913272088829,2789.564688776379,3300.231999988447,510.66731121206794,3.5,45.88,0.92
544,7,6,0.6619734556605227,2599.3499512882318,3147.2179659719454,547.8680146837137,36.7,75.87,1.52
545,7,5,0.06938544657662006,2802.6962625611723,3197.4557554481667,394.7594928869944,19.45,17.9,0.36
546,7,5,0.0977027840927049,2764.824559534152,3123.7039697409978,358.87941020684593,8.7,76.3,1.53
547,5,4,0.451560047986441,2765.3338411105296,3072.1477851574723,306.81394404694265,0,0,0
548,7,5,0.12160785957535945,2807.7116498420814,3117.366226599901,309.65457675781954,44.15,107.94,2.16
549,7,5,0.0421026983468679,2682.203623778701,3158.149967527194,475.94634374849284,57.25,69.87,1.4
550,8,7,0.21323815174210758,2764.1780090714888,3099.878235237263,335.70022616577444,90.9,246.11,4.92
551,7,4,0.08289897206613808,2756.9057591667324,3201.7246007334643,444.81884156673186,52,120.46,2.41
552,7,4,0.07572725002244754,2723.9964830113836,3239.1478897157813,515.1514067043977,0,2.38,0.05
553,7,5,0.0048539670727848405,2915.661805407997,3210.7001106453286,295.03830523733177,0,46.34,0.93
554,7,6,0.24013047843827362,2776.9059870556885,3075.1098921723187,298.20390511663027,26.1,57.2,1.14
555,6,5,0.15358653443551545,2579.8969299563555,3063.9771030987954,484.0801731424399,36.15,75.05,1.5
556,7,5,0.004414970538868698,2774.7297993998063,3169.926326058752,395.19652665894546,28.75,75.67,1.51
557,7,6,0.15410699889151047,2841.9402469957627,3110.752461147014,268.8122141512513,33.2,79.41,1.59
558,5,3,0.0401783710120252,2760.3607190311723,3111.2340865000842,350.87336746891197,1.45,19.86,0.4
559,8,5,0.15892781930560307,2745.7536413142902,3084.7592576603124,339.0056163460222,15.15,44.1,0.88
560,8,5,0.09621654522412985,2631.913242364238,3012.8181641796346,380.9049218153964,14.15,44.26,0.89
561,8,6,0.06402086354687603,2777.705688493158,3127.5954195939025,349.8897311007445,5.75,63.55,1.27
562,8,7,0.19655191556617727,2704.8356586351747,3210.6620671929486,505.8264085577739,18.65,51.63,1.03
563,8,4,0.08686323751197568,2606.9501116377774,3170.4975691297705,563.5474574919931,18.85,30.1,0.6
564,8,7,0.09306902117891587,2810.600702462969,3144.3412905392142,333.74058807624533,94.8,166.95,3.34
565,7,4,0.028763294123626625,2802.593228625465,3255.68824168173,453.09501305626463,16.55,90.04,1.8
566,5,4,0.3201015106041971,2735.1901549079907,3188.199917934546,453.00976302655545,29.3,59.95,1.2
567,5,4,0.746123034310668,2717.5744535391646,3044.0777409222383,326.5032873830737,29.15,52.92,1.06
568,6,4,0.6060120692938615,2792.8064621142316,3194.6446255104165,401.8381633961849,0,0.3,0.01
569,8,5,0.04548911093400336,2801.3216215560547,3143.8232313186863,342.5016097626317,35.5,63.32,1.27
570,8,6,0.16517437703466295,2682.5574578752758,3212.819682367029,530.2622244917534,15.9,63.36,1.27
571,7,5,0.5162909740994023,2765.4536284116716,3133.760499640143,368.3068712284712,28.25,87.29,1.75
572,6,4,0.016269735560029263,2778.5224109813134,3078.493050867004,299.9706398856906,53.6,67.01,1.34
573,6,4,0.8083528675465838,2817.962528207279,3128.760192065939,310.79766385866014,0,0,0
574,6,4,0.011404501142718383,2714.7131515812507,3163.7353276887984,449.0221761075477,0,0,0
575,6,5,0.09365063208883033,2837.3473139347484,3110.9717806231174,273.624466688369,52,54.28,1.09
576,6,4,0.14753699270151593,2707.6726529934185,3061.4245320306,353.7518790371814,0,0,0
577,6,5,0.03482615506270594,2764.759807955902,3079.131223076685,314.3714151207828,6.15,46.02,0.92
578,8,6,0.06611977946001718,2865.0759389606374,3283.4876047019093,418.4116657412719,65.9,84.97,1.7
579,6,4,0.5202017209438258,2760.125224135169,3206.712891094104,446.5876669589352,7,32.8,0.66
580,8,5,0.16802405781950397,2751.304075119371,3117.587998661513,366.283923542142,0,50.1,1
581,7,5,0.07897436496609764,2615.2769090692004,3215.5656896788128,600.2887806096123,37.85,85.15,1.7
582,8,5,0.05139579222601227,2869.2066904937515,3142.4903646953267,273.2836742015752,62,177.65,3.55
583,7,5,0.48419205684315636,2815.1137894072413,3208.350612775417,393.2368233681759,0.4,13.12,0.26
584,6,4,0.10323105070541543,2801.9917630902937,3218.8747926633737,416.88302957307997,58.05,59.87,1.2
585,6,3,0.46609476613416295,2731.297376524013,3343.877813538059,612.5804370140459,0.55,15.99,0.32
586,7,4,0.18664293240783325,2675.5962352626298,3168.6105897218918,493.014354459262,45.3,118.5,2.37
587,8,7,0.041412252485287196,2839.6116081716177,3148.0978343970723,308.48622622545463,60.55,139.66,2.79
588,8,5,0.3129833015074178,2787.833461166347,3174.119264797695,386.2858036313478,0,26.8,0.54
589,6,4,0.1461959310879121,2842.500924810322,3085.954917769805,243.453992959483,5.65,28.3,0.57
590,5,4,0.4157352578443165,2781.886605706821,3105.2014339722396,323.3148282654188,0,0,0
591,6,4,0.9749716648468814,2626.931981089298,3174.049453033718,547.1174719444198,19.45,57.02,1.14
592,7,4,0.6930775056559998,2802.0437286801935,3126.592227623887,324.54849894369363,20.3,62.69,1.25
593,7,4,0.9089343998768498,2726.751985061796,3151.4267047659705,424.67471970417455,25.65,77.5,1.55
594,7,4,1.0397011511208918,2735.701141519157,3141.318344477578,405.61720295842133,42.5,72.43,1.45
595,9,7,0.043466212309556364,2716.4676781593594,3081.6112869730055,365.1436088136461,82.05,221.38,4.43
596,8,6,0.2175882667617127,2699.761571405413,3095.1385186642265,395.3769472588133,20.55,107.6,2.15
597,7,5,0.06711045977013404,2749.806531322232,3324.247468258133,574.4409369359009,50.65,51.26,1.03
598,7,5,0.003959310379838784,2820.6801062690397,3206.734358872312,386.0542526032723,1.95,50.51,1.01
599,7,5,0.31938459881298603,2807.350930462655,3162.2975562280717,354.9466257654167,7.35,71.77,1.44
600,8,5,0.28731174348650396,2643.2094673386473,3270.5771381724558,627.3676708338085,36.5,44.78,0.9
601,6,4,0.25425053776202794,2760.70427486316,3198.4595777144887,437.75530285132845,17,15.21,0.3
602,5,4,0.013582496486294213,2748.375377385017,3199.5531577119373,451.17778032692013,5.5,0,0
603,8,5,1.1638867094255414,2681.333966290012,3227.4347199854233,546.1007536954112,0,13.07,0.26
604,7,4,0.054344206533379506,2850.4515433170545,3417.960270032955,567.5087267159006,38.7,59.04,1.18
605,8,5,0.5111582264171249,2598.451406478393,3181.3090932645714,582.8576867861784,7.75,53.29,1.07
606,7,7,0.11533723981803781,2655.4879423391108,3197.395439995468,541.9074976563575,9.1,49.22,0.98
607,6,4,0.8788125432752861,2688.667987882688,3258.6460238795466,569.9780359968586,4.5,24.09,0.48
608,7,6,0.0945942172722686,2803.696433743687,3108.9636750948716,305.26724135118457,96.6,152.13,3.04
609,7,5,0.2772965963506292,2751.047451926451,3151.7108374758304,400.66338554937965,10.95,47.84,0.96
610,6,4,0.3230255716993597,2750.6380071046087,3111.935498577748,361.2974914731394,3,31.41,0.63
611,8,4,0.09254591712994971,2807.2547281809584,3198.693838488405,391.43911030744675,5.45,65.74,1.31
612,8,7,0.025843546598391096,2739.955588306865,3123.820852327285,383.86526402042,51.75,166.29,3.33
613,9,6,0.2914511680943602,2860.518635832768,3205.49779951196,344.97916367919197,1.6,42.61,0.85
614,7,6,0.04333570667686909,2751.5887221114685,3039.3991576269755,287.8104355155069,60.6,63.68,1.27
615,8,6,0.06196463181591959,2826.4297243375127,3177.5611798912278,351.1314555537151,11.35,59.39,1.19
616,5,3,0.03739778114641668,2842.194298370652,3145.662682778939,303.46838440828697,12.75,35.09,0.7
617,7,4,0.231332947041611,2719.3495975246365,3167.076542406466,447.7269448818297,22.4,41.5,0.83
618,7,5,0.10789013837142683,2730.987746738758,3136.4710144275214,405.4832676887636,43.55,56.04,1.12
619,5,3,0.023963493494910275,2569.703135581132,3093.8076753050022,524.1045397238704,0,0,0
620,6,4,0.06206974280285054,2796.9672654524,3128.306102912049,331.33883745964886,55.6,52.87,1.06
621,6,5,0.15370965895231511,2732.287410486121,3232.4551416396234,500.16773115350225,25.85,49.31,0.99
622,8,6,0.021177728052052983,2739.4898501047396,3199.400312026304,459.91046192156455,94.4,151.03,3.02
623,7,5,0.28817121005121665,2724.631763334994,3113.401256361609,388.7694930266148,0,14.88,0.3
624,6,4,0.3649375544950429,2620.3254340016692,3244.5122750892074,624.1868410875381,6.15,28.85,0.58
625,6,4,0.959047730315119,2774.543598072849,3068.2034162357163,293.6598181628674,0,0,0
626,7,5,0.577539334678703,2703.2476172903553,3207.6288810453916,504.38126375503634,30.1,55.71,1.11
627,7,4,1.132993988502241,2799.667093896767,3152.125422789593,352.4583288928261,18.8,74.66,1.49
628,6,4,0.3680267002021294,2679.7162742735272,3173.0380175070886,493.3217432335614,1.3,14.89,0.3
629,6,4,0.5070757651942254,2750.29842992883,3063.565531474572,313.26710154574175,5.15,26.26,0.53
630,7,5,0.001308828104420363,2667.1317233457657,3189.362206181333,522.2304828355673,6.4,36.36,0.73
631,6,4,0.21230722246389952,2733.7616556350513,3265.390011523099,531.6283558880477,6.25,63.5,1.27
632,6,5,0.38488658772398665,2820.1318090681834,3277.0691828333906,456.9373737652072,0,52,1.04
633,8,6,0.1368627145566437,2824.260381943136,3086.099415210933,261.8390332677968,3.1,19.12,0.38
634,8,5,0.9694355735137716,2796.1260538503193,3142.1006743804583,345.97462053013896,21.3,2.59,0.05
635,7,4,0.07454237887704344,2640.3482528592303,3132.8196036655727,492.47135080634234,44.65,44.63,0.89
636,7,5,0.5693916695371283,2722.9374745220907,3090.192499020394,367.2550244983031,0.25,11.39,0.23
637,7,5,0.023005942931555057,2708.8249201686144,3276.581064555944,567.7561443873296,26,55.09,1.1
638,8,5,0.23206769937954913,2801.7817753325107,3200.749826197275,398.96805086476434,43.25,105.25,2.1
639,9,6,0.0021705662052564304,2788.637226091911,3215.523738900347,426.8865128084358,31.8,60.4,1.21
640,6,4,0.3307943949648101,2750.143119158358,3276.9618219719437,526.8187028135858,0,45.48,0.91
641,7,4,1.139369853287784,2731.0069105163157,3131.9226691314248,400.9157586151091,7.4,36.16,0.72
642,6,4,0.09667461951103666,2855.012539746858,3243.356478787427,388.34393904056924,34.05,56.59,1.13
643,7,5,0.3131911210467515,2648.9796982053367,3107.2375696654717,458.257871460135,35.65,130.91,2.62
644,4,3,0.13351425873653627,2726.123565493156,3097.1215420995527,370.9979766063966,3.7,40.04,0.8
645,7,5,0.018702284036356622,2800.688641683248,3120.0790114418073,319.39036975855925,14.05,56.68,1.13
646,8,6,0.002450513422603359,2785.7959250896474,3143.0216752963042,357.2257502066568,72.7,132.66,2.65
647,8,5,0.22848747831568977,2663.7473803803728,3183.832883904916,520.0855035245431,3.05,49.37,0.99
648,7,4,0.10415122634247302,2802.2465528365065,3148.899933061484,346.65338022497735,14.35,8.67,0.17
649,9,5,0.0595437949877964,2838.05471002622,3074.9890658030326,236.93435577681248,25.9,127.5,2.55
650,6,4,0.18579166305501205,2748.9474247903277,3077.716590231433,328.76916544110554,0,0.75,0.01
651,6,4,0.1298499158288485,2748.945347275763,3215.06032619668,466.11497892091666,0,0,0
652,7,6,0.28394854808785114,2741.877736069871,3113.469006902552,371.59127083268095,45,50.55,1.01
653,6,5,0.025228192521033005,2843.844873498906,3308.4423529113787,464.5974794124727,64.8,55.95,1.12
654,7,4,0.014158622848682705,2820.8774865299292,3325.867064160457,504.98957763052795,4.45,16.38,0.33
655,5,4,1.1389113709882162,2802.887405830627,3188.5665802242715,385.67917439364464,0,19.95,0.4
656,7,5,0.12308492808531467,2641.7751296491624,3121.101119827367,479.3259901782044,56.65,50.92,1.02
657,7,5,0.15410651092637995,2587.4404672342466,3151.3126557473256,563.872188513079,5.95,46.26,0.93
658,6,4,0.7406421003189763,2687.8171228274464,3120.0915849072812,432.27446207983485,0,22.67,0.45
659,8,7,0.458959112887646,2770.8963277437397,3172.4854933470187,401.58916560327907,11.8,68.77,1.38
660,7,5,0.20297404793221538,2836.3097377696045,3300.030603713824,463.72086594421944,0,0.9,0.02
661,8,6,0.11687153061559288,2655.4717827801323,3264.7533000908793,609.281517310747,38.1,107.92,2.16
662,6,4,0.05979832143938846,2792.317896524815,3204.775366107604,412.45746958278914,42.25,44.72,0.89
663,5,4,0.3475802123157059,2784.9763781997913,3257.139541691157,472.1631634913656,5.65,26.7,0.53
664,8,4,0.3823008245971504,2747.4815695789475,3164.0582187610785,416.57664918213095,0,13.13,0.26
665,7,5,0.6505174140636367,2809.756143998027,3148.1773832748354,338.4212392768086,0,0,0
666,8,5,0.12096367270445836,2726.0831461195885,3091.2687481290595,365.18560200947104,98.6,230.57,4.61
667,8,5,0.012758120498488262,2615.8878699346255,3269.3555147982074,653.4676448635819,32.9,61.91,1.24
668,7,4,0.5599193878046272,2837.557474819457,3217.400216566209,379.8427417467519,2.35,83.07,1.66
669,9,5,0.16573002672920106,2656.71129402492,3061.8459961296494,405.1347021047295,59.05,106.61,2.13
670,7,5,0.13463074144091589,2714.3843756415063,3203.7540747481676,489.3696991066613,5.85,35.31,0.71
671,7,6,0.6133587008900105,2756.210188472601,3199.076929288497,442.8667408158958,22.9,95.77,1.92
672,6,4,0.3131767741152911,2854.9264280456773,3068.0017732932643,213.07534524758694,35.55,97.2,1.94
673,6,4,0.016113225538754935,2706.9710969797434,3183.7564187301,476.7853217503566,3.6,0,0
674,7,6,0.16239613825127633,2751.2923444083567,3120.3982869611605,369.10594255280375,39.6,61.71,1.23
675,7,5,0.030537975303707207,2794.1571365746404,3057.556935799688,263.39979922504745,2.5,54.09,1.08
676,6,4,0.33528160558376674,2656.744540725989,3202.7671795596293,546.0226388336405,0,0,0
677,7,5,1.1106037860902318,2735.65259742756,3190.327079044495,454.6744816169348,5.3,45.88,0.92
678,7,5,0.024408102452411495,2627.1692533188407,3128.4079995774237,501.238746258583,35.95,0,0
679,9,6,0.3265497252242333,2686.3701103880344,3038.521824703243,352.15171431520866,44.9,175.76,3.51
680,7,5,0.042373101489847624,2679.908581147765,3197.4039347283424,517.4953535805776,10.25,92.1,1.84
681,6,4,0.15858706615969267,2758.180879779855,3178.685193940827,420.50431416097217,26,45.53,0.91
682,7,5,0.5225497572592209,2716.507905993893,3186.7242417197617,470.2163357258687,18.85,48.71,0.97
683,6,3,0.1228707965106207,2678.9458873728945,3267.1726704906173,588.2267831177228,27.8,49.05,0.98
684,7,5,0.04192031975939515,2804.3834642352354,3130.9790412823545,326.59557704711915,0,0,0
685,6,4,0.7744058380143494,2699.0243666958595,3114.153687720636,415.12932102477635,5.6,0,0
686,6,5,0.5882845466483623,2613.8472738139276,3216.1113611919377,602.2640873780101,5.75,3.25,0.06
687,7,5,0.11515398858412468,2792.409028774017,3084.2268021466325,291.81777337261565,7.4,37.46,0.75
688,7,5,0.2851287639127243,2719.417681167793,3129.509505419993,410.0918242521998,0,66.23,1.32
689,5,4,0.16045098723536308,2822.4134572672683,3121.9110312808193,299.497574013551,27.45,27.12,0.54
690,6,5,0.6566353226896077,2772.7355228976885,3242.86330604544,470.1277831477514,17.2,49.8,1
691,8,6,0.0980371414572241,2649.7980731179437,3134.4115756365277,484.613502518584,44.15,91.63,1.83
692,7,4,0.8874622927353395,2799.596671871682,3077.2692386768513,277.6725668051695,29.45,54.48,1.09
693,8,6,0.11762293467587234,2672.437028160144,3148.2613012429374,475.8242730827933,65.45,86.19,1.72
694,7,6,0.4354143132574323,2736.2634124113797,2976.385851512526,240.12243910114648,0,5.27,0.11
695,8,5,0.04883082091343055,2742.499308877079,3167.507957584398,425.008648707319,123.95,171.32,3.43
696,8,7,0.30721081522972055,2562.950204263664,3073.6204993279566,510.67029506429253,50.4,88.63,1.77
697,8,5,0.00018046445770235445,2715.2200624364073,3113.7983123491736,398.5782499127663,113.25,161.21,3.22
698,9,5,1.0621762097539185,2735.3747456491774,3099.7013186020163,364.3265729528389,8.55,55.48,1.11
699,8,5,0.03762045827760405,2712.4932780053055,3094.745941906403,382.25266390109755,25.55,53.74,1.07
700,7,5,0.6106332210481498,2742.826416333241,3158.219967727298,415.3935513940569,19.4,106.51,2.13
701,7,5,0.6439178756957608,2714.262280081914,3065.537652915293,351.27537283337915,20.85,49.75,1
702,6,4,1.0096232143711372,2838.553883061569,3253.531724610964,414.9778415493947,0,0,0
703,7,6,0.22484856649026938,2608.649488008705,3139.006373750509,530.356885741804,10.55,79.1,1.58
704,8,7,0.0022476659369997562,2834.208244867796,2955.408137385287,121.19989251749075,68.6,231.38,4.63
705,5,4,0.8978032427012249,2813.399971780907,3124.1257698446907,310.7257980637837,0,0,0
706,5,3,0.6960616808176312,2785.5914612716147,3213.1605494903138,427.5690882186991,5.2,25.55,0.51
707,7,5,0.32075423192634506,2490.4820181935756,3168.1317222508965,677.6497040573208,2.35,61.82,1.24
708,7,4,0.12474723670346595,2736.81753017136,3133.7426363365275,396.92510616516756,68.05,130.68,2.61
709,7,5,0.7077374133110096,2822.9693734802063,3070.082718652516,247.1133451723099,26.85,82.17,1.64
710,6,4,0.23583300103399654,2662.7757906903835,3177.6023528357637,514.8265621453802,9.8,56,1.12
711,6,3,0.9293450558776242,2808.9965162979033,3088.307847911014,279.3113316131107,0,0,0
712,8,5,0.12162323395677999,2752.512283409399,3226.937120435914,474.424837026515,49.8,55.97,1.12
713,8,5,0.023090667987875457,2808.6053483475675,3082.4040441740885,273.798695826521,8.55,36.13,0.72
714,7,5,0.09032307099284857,2716.7034919134126,3148.5710159197356,431.86752400632304,7.1,35.25,0.71
715,7,6,0.7785109189836747,2735.6473591702693,3110.435952154622,374.7885929843528,0,9.39,0.19
716,6,4,0.9646604546887894,2720.0009958699334,3085.4429823031137,365.4419864331803,0,0,0
717,7,4,0.05012337422260949,2766.4419615070424,3109.297881383346,342.8559198763037,7.8,0.3,0.01
718,6,4,0.2546099104129223,2806.3815124959815,3134.9331075970194,328.55159510103795,0,22.93,0.46
719,7,4,0.2188578928697255,2775.6157332458793,3200.9204698935737,425.3047366476944,15.4,82.45,1.65
720,7,6,0.27427947276211206,2741.501904325612,3161.686816473918,420.184912148306,0.25,85.46,1.71
721,6,5,0.33523408849168007,2733.292256574745,3144.9022062208846,411.60994964613974,10.95,46.46,0.93
722,6,4,0.7373958747170649,2718.0703025925363,3096.5982799906187,378.5279773980824,9.65,12.29,0.25
723,8,5,0.8114298709913915,2779.2788807173583,3175.9781704480065,396.69928973064816,11.8,39.38,0.79
724,9,6,0.6630369271981966,2645.9272262673057,3142.7969751670553,496.86974889974954,14.55,46.87,0.94
725,7,5,0.09381201997423652,2776.012109195414,3187.300193934374,411.28808473896015,12.85,55.12,1.1
726,7,5,0.897900282150387,2698.947978128979,3279.4632721426256,580.5152940136468,49.1,90.01,1.8
727,6,4,0.037701599159240956,2803.548358766297,3202.578167230543,399.0298084642459,60.4,54.09,1.08
728,7,5,0.0323637540850153,2665.7595348430114,3128.232539181954,462.4730043389427,25.55,53.18,1.06
729,7,5,0.07194541278961823,2714.7393296504047,3017.205325118497,302.4659954680924,64.7,60.93,1.22
730,7,4,0.10836915526896562,2833.723972194279,3331.302179174299,497.5782069800198,0,0,0
731,8,5,0.30964524638656277,2715.7262832688884,3249.0214642367914,533.295180967903,0,49.47,0.99
732,6,4,0.1166547585216113,2710.4190487018295,3169.3501072611552,458.9310585593257,0,0,0
733,6,4,0.3183220008958948,2723.9237784591537,3092.0186697883987,368.094891329245,0,13.28,0.27
734,6,5,0.4238674329779686,2814.0890299618472,3144.9417170745883,330.852687112741,11.7,56.22,1.12
735,9,7,0.024820546329538094,2647.621707149536,3098.850545577025,451.2288384274889,54,98.49,1.97
736,6,5,0.06568215208171523,2792.8399068606127,3112.4049282114547,319.565021350842,75.35,93.64,1.87
737,6,5,0.016267057861453122,2647.144162205785,3124.6099790926814,477.4658168868964,44.95,46.78,0.94
738,6,3,0.22771061727733913,2822.301541501517,3218.2035391939803,395.9019976924633,0,0,0
739,7,5,0.693571337852972,2580.224989294932,3081.7591984062346,501.5342091113025,17.55,82.46,1.65
740,8,5,0.28822927673850746,2605.3651912502946,3128.502362416235,523.1371711659403,0.45,11.92,0.24
741,8,4,0.8940097486884506,2627.2925719681416,3188.274182712484,560.9816107443426,4.55,66.48,1.33
742,8,5,0.03089012920617633,2661.3372591045627,3140.7170800025583,479.3798208979956,0,0,0
743,7,5,0.05065136498522822,2750.0241561069324,3110.5550227489493,360.5308666420169,75.8,84.98,1.7
744,6,5,0.1430006814188136,2736.0794240459477,2975.280749921719,239.2013258757711,0,0,0
745,6,4,0.4430810341175121,2750.205916559606,3122.683927851741,372.47801129213485,26.6,53.93,1.08
746,6,4,0.10179806091652668,2832.426028585125,3119.8504155966352,287.42438701151013,50.2,89.35,1.79
747,7,6,0.06263295080267971,2765.887755620058,3098.6877051830584,332.79994956300015,50.9,63.26,1.27
748,8,6,0.0026406720268935444,2851.2201703909373,3207.465175533378,356.24500514244073,0,31.24,0.62
749,8,5,0.046033877155000576,2666.7109614138208,3091.966979492422,425.2560180786013,37.4,55.44,1.11
750,7,4,0.023822437028245727,2823.988043168823,3247.2452764078594,423.2572332390364,42.6,51.69,1.03
751,7,4,0.1615439640838242,2794.406793350033,3095.2763538463723,300.86956049633955,0,9.05,0.18
752,7,7,0.07533629359154397,2679.4215744905505,3064.164615401867,384.7430409113167,28.95,131.18,2.62
753,6,4,0.27991229929395717,2752.9330752664323,3123.994133147507,371.0610578810747,2.5,46.84,0.94
754,6,5,0.17793184467212556,2850.466216989502,3187.765997108709,337.2997801192073,65.1,143.08,2.86
755,7,4,0.10036900790998819,2753.796861799993,3099.732288908573,345.9354271085799,39.65,45.01,0.9
756,6,5,1.1032233808846386,2740.0115763409067,3183.958148335743,443.9465719948362,10.4,17.75,0.36
757,9,7,0.5815093237295548,2715.6092365454715,3160.0414732191693,444.43223667369784,0,8.27,0.17
758,5,4,0.2859799325102749,2674.0513209463834,3297.593451467564,623.5421305211808,1.85,0,0
759,8,5,0.051896321391773303,2726.5453278781747,3095.536932281763,368.9916044035881,42.35,59.61,1.19
760,8,5,0.9578239730939498,2718.535855058103,3173.555506670269,455.01965161216594,1.4,50.06,1
761,7,5,0.5576121254202647,2685.645072959528,3117.5134619381665,431.86838897863845,26.7,63.96,1.28
762,8,5,0.3336322927106195,2687.6503935146175,3127.3570994462643,439.70670593164687,7.15,30.96,0.62
763,7,4,0.017792565306613415,2711.691032013755,3124.6062840115246,412.9152519977697,9.95,97.37,1.95
764,7,5,0.03179740629978158,2594.901124169327,3182.540566743606,587.6394425742792,29.25,61.13,1.22
765,7,4,0.12331175697850418,2647.609376011886,3055.833240529826,408.22386451794,35.65,60.58,1.21
766,7,4,1.054856189090999,2643.27881545015,3029.7213689899177,386.4425535397677,6.15,37.54,0.75
767,7,5,0.8113192408781775,2845.3810433557246,3293.2841195871256,447.903076231401,6.5,28.83,0.58
768,6,5,0.3558162532421007,2633.4367705900736,3138.6553420340365,505.2185714439629,47.85,112.22,2.24
769,7,4,0.015033115631378886,2797.062664529963,3141.4987819427333,344.4361174127703,56.85,169.73,3.39
770,6,4,0.6063903760255009,2547.0263525876785,3179.451366487438,632.4250138997595,9.85,38.3,0.77
771,7,5,0.03971615220971968,2911.4092239779147,3213.883143539571,302.4739195616562,28.1,56.16,1.12
772,7,5,0.11169083263059608,2595.6158326382892,3164.1462966777985,568.5304640395093,34.05,113.18,2.26
773,7,5,0.029587707176400177,2765.5156754545565,3193.3789662798185,427.8632908252621,42.1,53.59,1.07
774,6,3,0.8724061787119217,2825.733929957906,3186.014557040302,360.28062708239577,7.85,33.09,0.66
775,8,5,0.2939536474709765,2689.669590571033,3133.5265167712137,443.8569262001806,14.75,101.71,2.03
776,8,6,0.14590042224389724,2665.4987357083996,3230.4211742665893,564.9224385581897,10.05,76.08,1.52
777,8,5,0.08350106421058534,2748.765076987467,3138.6722550567297,389.9071780692625,0,5.42,0.11
778,6,4,1.010608255354768,2724.6489061611196,3182.002095001713,457.35318884059325,28.25,50.67,1.01
779,8,6,0.007793605638226391,2852.2010182212243,3100.5536429237054,248.35262470248108,26.9,49.99,1
780,6,4,0.49015048560009195,2734.458536323205,3112.212632659691,377.7540963364859,35.95,44.03,0.88
781,7,4,0.6354310733989416,2662.582823410634,3152.378295708227,489.7954722975933,9.2,34.07,0.68
782,7,5,0.04755689022925681,2807.533936695896,3114.011790095602,306.47785339970596,22.6,50.27,1.01
783,7,4,0.8460971687167935,2713.833203612178,3121.1595124172377,407.32630880505985,4.4,43.09,0.86
784,6,4,0.07756451596260298,2774.4601611255434,3233.778380806247,459.31821968070335,121.15,163.92,3.28
785,7,5,0.04501023763154906,2774.7993913757023,3019.3652271799165,244.5658358042142,52.4,66.88,1.34
786,6,3,0.002363738653395935,2695.506783935599,3290.272292971607,594.7655090360081,42.4,58.87,1.18
787,7,4,0.3562985556198738,2671.479916561674,3128.920919973401,457.4410034117268,11.9,55.05,1.1
788,6,5,0.116866546781565,2736.7901510525353,3199.745401078258,462.95525002572276,32.15,52.32,1.05
789,9,5,0.10926127019407726,2754.786559074013,3293.759728431016,538.9731693570029,25,113.5,2.27
790,6,4,0.3839402151849003,2696.83614240748,3109.6315724145456,412.79543000706553,0,0,0
791,6,4,0.09956550232806327,2618.4015853318447,3058.14976150162,439.74817616977543,0,0,0
792,9,5,0.20087896107384484,2529.1675766086664,2996.697081646549,467.5295050378827,6.75,29.59,0.59
793,6,5,0.15565034269690442,2736.750715477086,3240.6058011155496,503.8550856384636,44.45,52.16,1.04
794,6,4,0.00932391829554953,2883.3523210452677,3215.2595321402064,331.9072110949387,26.05,53.45,1.07
795,7,5,0.1281710616210919,2780.8793140417024,3075.2010858154945,294.3217717737921,6.25,37.22,0.74
796,8,6,0.05244269028593123,2844.88280076555,3102.294694373317,257.4118936077666,61.95,91.09,1.82
797,6,4,0.2586761598767242,2724.4261505025706,3043.5389867325425,319.1128362299719,35.75,40.99,0.82
798,8,6,0.4902007714342602,2773.066711745199,3220.75517927049,447.6884675252909,38.1,87.19,1.74
799,6,4,0.048749384912810445,2687.552439053239,3096.208659857327,408.65622080408775,0,0,0
800,8,5,0.3591899582763067,2705.5908428949288,3157.6702077088808,452.079364813952,31.55,65.37,1.31
801,8,6,0.07494494782275796,2704.0408731403613,3169.747653390057,465.70678024969584,0,0,0
802,8,6,0.1780902116291424,2747.212377985954,3172.881718507802,425.66934052184797,3.75,76.65,1.53
803,7,5,0.04331558781801257,2730.568649385599,3065.8847824367544,335.31613305115525,46,129.42,2.59
804,8,5,0.34866539302947125,2944.2256953742267,3208.4448644131994,264.2191690389727,0,0,0
805,6,4,0.09660511792663648,2880.573046365592,3266.356707898722,385.78366153313027,0,2.96,0.06
806,9,5,0.048060158836960305,2645.101844510391,3304.6745676233695,659.5727231129786,0,52.79,1.06
807,7,5,0.08345837265871106,2673.941502970196,3079.977455605886,406.03595263569014,0,31.7,0.63
808,5,4,0.26090235980772003,2707.548003483921,3245.74326478426,538.1952613003391,0,0,0
809,8,5,1.0752962843948188,2819.8839986966204,3020.8375661297523,200.95356743313187,0,6.99,0.14
810,8,6,0.09731573589171484,2723.924036001117,3177.897371476699,453.97333547558173,22,38.05,0.76
811,6,5,0.015905805408153194,2709.2914327272147,3091.1746061441177,381.883173416903,22.35,97.4,1.95
812,7,4,0.5475335830996857,2876.248477898662,3160.783357698075,284.5348797994134,7.15,18.38,0.37
813,7,4,0.051163958416003484,2806.4281722955666,3179.1104306697293,372.68225837416276,0,3.99,0.08
814,7,4,0.7005400049504835,2804.2152285972634,3253.3648152924457,449.1495866951823,39.55,55.16,1.1
815,6,3,0.04884637189967439,2661.0725365206827,3039.7408005471334,378.66826402645074,47.5,78.21,1.56
816,6,3,0.3364066375088378,2735.628785157747,3187.6349790349414,452.00619387719416,0,0,0
817,8,5,0.00006739760413807299,2806.6612753936943,3161.532943712399,354.8716683187049,59.45,66.11,1.32
818,7,4,0.05672184237008432,2566.9256041474896,3124.1175315668565,557.191927419367,0,19.52,0.39
819,8,5,0.02954123019597902,2728.3721630458567,3222.0923238991636,493.7201608533069,0,41.48,0.83
820,7,5,0.11989033720197471,2819.3688021288876,3085.311732439899,265.9429303110114,5.7,53.1,1.06
821,8,4,1.1043667696906128,2689.921015204893,3082.1792628597614,392.2582476548682,4.3,25.7,0.51
822,8,5,0.1361039564336919,2681.431688287857,3188.289595485391,506.85790719753413,10.9,37.71,0.75
823,8,5,0.16011547104874757,2882.826943755253,3147.8843870150477,265.0574432597946,1.95,15.31,0.31
824,8,6,0.9650895827840875,2828.0780849249713,3239.078172073622,411.0000871486509,0,0,0
825,7,5,0.23007207800745827,2713.5463882493946,3198.4319212233704,484.88553297397584,0,0,0
826,7,5,0.35593124688950756,2753.747346228608,3217.2739635949006,463.5266173662926,0,0,0
827,7,4,0.04353259941114666,2720.5965680905465,3375.62836251852,655.0317944279736,31.25,0.99,0.02
828,8,6,0.11332730688296629,2725.3096188547015,3161.7846932828775,436.47507442817596,89.2,166.34,3.33
829,7,5,0.42278370480608274,2702.2935880659484,3098.1748118117644,395.881223745816,18.45,117.72,2.35
830,7,5,0.04857397762945492,2726.7149385279104,3381.133451571418,654.4185130435076,0,0,0
831,6,4,0.46509043129855676,2718.681988569391,3173.6609002881205,454.9789117187297,0,0,0
832,7,4,0.05313039184310734,2719.5086916263094,3112.874402590965,393.3657109646556,8,54,1.08
833,6,4,0.0015875263217271236,2823.3839670755387,3268.0520709348903,444.6681038593515,3.95,0,0
834,7,4,0.044816773815196824,2727.572654974067,3099.235275922781,371.662620948714,34.55,47.23,0.94
835,8,5,0.33882535990846335,2861.2721668826443,3107.4921801027517,246.22001322010738,0,30.6,0.61
836,7,5,0.1501024351692044,2702.50586288458,3107.0050489194164,404.4991860348364,27.85,14.81,0.3
837,8,7,0.42088088695752895,2742.481755283556,3186.9081389928297,444.4263837092735,12.9,124.85,2.5
838,9,5,0.24973585768973589,2905.729541781609,3223.3194474530164,317.58990567140745,0,16.16,0.32
839,8,6,0.08909679464348962,2808.3373554721998,3005.4881454799934,197.1507900077936,2.15,47.77,0.96
840,8,5,0.026991253936715316,2814.174280118866,3012.222760190811,198.04848007194505,34.3,55.6,1.11
841,6,4,0.06317183690358998,2743.7876483592754,3032.267847404009,288.4801990447336,41.25,43.13,0.86
842,7,6,0.21935044020598382,2659.2762280652078,3109.198786415441,449.92255835023343,9.9,61.73,1.23
843,7,4,0.9524547828105546,2704.8205066447563,3093.866958270491,389.0464516257348,31.35,48.53,0.97
844,8,7,0.3306105929840173,2668.17801724619,3061.6434166589297,393.46539941273977,39.3,117.77,2.36
845,6,5,0.01938438083243305,2711.095736840096,3295.997471344813,584.9017345047173,0,0,0
846,7,5,0.8351585936708334,2870.1251175844513,3083.867263929683,213.7421463452315,7.95,36.22,0.72
847,7,4,1.1009255095225197,2639.7385011556908,3174.137933627339,534.3994324716482,0,15.91,0.32
848,7,5,0.17498390395191982,2713.543940194868,3023.1601011675643,309.61616097269643,21,48.84,0.98
849,6,5,0.19747359620396343,2718.4861918074857,3196.363070161771,477.87687835428505,61.55,115.59,2.31
850,7,5,0.03478887963905999,2721.252837845108,3095.76445569952,374.5116178544122,31.35,30.2,0.6
851,7,4,0.08142246253876857,2755.3766414526,3043.4459673622823,288.06932590968245,60,64.71,1.29
852,7,6,0.05310261454353341,2688.8981985444234,3003.036506779345,314.1383082349216,50.6,107.65,2.15
853,7,5,0.6638428919620077,2806.5904109392422,3197.072473460162,390.48206252091995,0,0,0
854,7,4,0.2741131405841015,2872.7593133408036,3198.5213609115767,325.7620475707731,34.2,49.83,1
855,6,4,0.07267364476540734,2651.0898768242655,3127.249900351943,476.16002352767737,16.35,13.99,0.28
856,7,5,0.03857164710119786,2645.133432388567,3177.241735013396,532.1083026248289,0,51.55,1.03
857,8,5,0.5651163758614323,2790.044377158433,3183.1905010287524,393.14612387031957,31.55,44.19,0.88
858,7,7,0.01916516890104965,2766.8124040235475,3118.8885606351664,352.0761566116189,41.45,145.71,2.91
859,7,5,0.5070684780477078,2771.5173972406296,3140.233473131882,368.71607589125233,9.1,59.6,1.19
860,7,6,0.053966377330030214,2851.38747457722,3028.007958668261,176.6204840910409,35.5,81.17,1.62
861,7,6,0.05825690564042212,2737.645603726184,3146.8507115089055,409.20510778272137,73.9,173.36,3.47
862,6,3,0.32922463791317946,2764.5852452647946,3100.4959045996807,335.9106593348861,0.05,0,0
863,6,4,0.21202027246017033,2604.5501520991297,3243.956951578022,639.4067994788925,0,47.12,0.94
864,6,4,0.03218272545992414,2704.1165431530667,3044.646881597993,340.5303384449262,42.6,75.1,1.5
865,9,6,0.044874225495005804,2722.8665362316274,3211.759834771533,488.8932985399056,30.3,56.04,1.12
866,8,7,0.05007367837057988,2736.5286155250387,3189.993479492874,453.4648639678353,12.8,7.56,0.15
867,7,5,0.2727301375031768,2699.2806890896995,3078.15507093895,378.8743818492503,1.35,14.3,0.29
868,7,4,0.56197618518672,2737.928177945395,3247.194130893654,509.2659529482589,18.6,49.66,0.99
869,6,5,0.8490594808945713,2600.5330825044275,3420.4907536072283,819.9576711028008,29.6,59.85,1.2
870,6,4,0.05569703679602299,2692.877436794925,3003.641197318704,310.7637605237792,2.3,21.9,0.44
871,7,5,0.17173024623430982,2740.5575911458045,3116.4531690976764,375.8955779518719,58.3,97.49,1.95
872,6,4,0.08712365740027751,2709.0657142962195,3174.433621856568,465.3679075603486,5.4,24.5,0.49
873,7,4,1.0750845703492822,2603.978152535663,3133.609815783802,529.6316632481389,20.85,70.78,1.42
874,8,6,0.10886605491398903,2816.7852810788977,3153.622975127797,336.83769404889927,35.05,83.23,1.66
875,6,5,0.1151925902783076,2791.839479450555,3253.0355384565432,461.19605900598845,0,12.07,0.24
876,7,6,0.3254555742993864,2819.9227025891432,3156.3526339507803,336.42993136163705,38.95,43.86,0.88
877,7,4,0.6574034946238076,2848.0832290479448,3168.19831641227,320.11508736432506,0,5.3,0.11
878,7,5,0.6924939497852874,2752.552564033984,3044.6746714249784,292.12210739099464,1.55,27.62,0.55
879,8,4,0.02855029492336019,2754.9821651207876,3160.0270710251716,405.044905904384,0,33.75,0.68
880,7,7,0.08034518327252084,2643.600467244403,3164.787966041634,521.187498797231,16.65,118.13,2.36
881,7,5,0.01385904615048952,2803.184026372383,3175.9956535845517,372.8116272121688,33.25,83.03,1.66
882,6,5,1.2032135301346556,2752.991274534471,3287.627304724173,534.6360301897021,0,0,0
883,8,4,0.7719148868490631,2798.1447161937213,3038.995465596701,240.85074940297955,20.3,69.97,1.4
884,7,4,0.39514899574244206,2663.7157305996234,3124.310957299717,460.59522670009346,0,18.36,0.37
885,7,5,0.03581686746678866,2617.25619991295,3245.2912563316927,628.0350564187429,26.4,59.25,1.19
886,8,7,0.07684609474670571,2843.4832184919997,3241.7469071157607,398.263688623761,80.35,105.25,2.1
887,6,5,0.5304923410486162,2763.527145780371,3177.044648175042,413.5175023946708,0,12.5,0.25
888,7,6,0.1293401754129055,2814.441943595857,3183.317731607244,368.8757880113867,15.95,107.2,2.14
889,6,5,0.4088058139025519,2724.021381441801,3133.66927149039,409.64789004858903,0,22.91,0.46
890,7,5,0.5670640424219656,2612.144698307811,3271.7178226027672,659.5731242949564,41.05,45.42,0.91
891,7,5,0.12231586194470967,2585.3502648897584,3177.988214513187,592.6379496234285,22.45,100.03,2
892,8,6,0.018738767844713653,2690.381670016802,2986.214707147862,295.8330371310599,42.8,103.36,2.07
893,7,4,0.1398637457100598,2822.47653303824,3220.2552174817883,397.7786844435482,46.9,91.02,1.82
894,7,5,0.05977545491363769,2800.354731616302,3183.7063657423532,383.35163412605107,58.15,55.2,1.1
895,7,4,0.021287918164065965,2767.235183178407,3229.9205145602473,462.6853313818401,0,30.43,0.61
896,7,4,0.06156219819103839,2827.8478434338535,3157.6718870203504,329.8240435864968,36.35,63.91,1.28
897,7,5,0.05335352741740029,2855.925693888727,3241.134037931163,385.20834404243624,34.75,15.4,0.31
898,7,5,0.26809926319142513,2723.1633518878575,3038.6188123430675,315.45546045520996,13.55,57.55,1.15
899,7,5,0.016185823330470143,2659.2431871562826,3200.8009389486974,541.5577517924148,36.15,55.82,1.12
900,7,4,0.023958820108006797,2796.0476858674688,3194.9795225378843,398.9318366704156,59.1,77.15,1.54
901,8,6,0.13302203470606025,2835.686235591398,3019.8390850288333,184.15284943743518,34.5,51.8,1.04
902,8,4,1.0726757904336413,2814.0946913834587,3014.157365374969,200.0626739915101,5.7,36.55,0.73
903,7,6,0.07420712090687996,2740.326096950529,3092.146167752285,351.8200708017557,106.8,266.81,5.33
904,7,5,0.9862148898099038,2601.5034532827804,3096.262138847517,494.7586855647364,2.7,48.78,0.98
905,7,4,0.6816218029650599,2700.0106754414624,3113.066749562396,413.0560741209338,7.15,29.92,0.6
906,7,5,0.211075700766098,2721.138178187404,3113.464791791888,392.326613604484,9.05,0,0
907,8,5,0.004351326853038353,2798.664313068549,3019.9271606693414,221.2628476007926,12.85,107.85,2.16
908,5,3,0.1609130072636291,2813.953768985803,3330.7319098346356,516.7781408488327,42.25,47.03,0.94
909,8,6,0.14699442491596054,2673.4872237770533,3238.067905802253,564.5806820251996,8.7,33.26,0.67
910,7,5,0.2068267536990384,2678.728482252904,3123.912761711149,445.1842794582449,46.55,103.31,2.07
911,8,5,0.2874851452331487,2639.2859770891223,3083.4978224297065,444.2118453405842,3.75,41.36,0.83
912,8,5,0.0354071766566811,2510.5972851770503,3268.897735668835,758.3004504917849,18.9,24.16,0.48
913,5,3,0.034932720505813274,2705.8029579053064,3169.746976536749,463.94401863144276,0,0,0
914,7,4,0.3497156943076748,2743.651518641797,3069.1680314940663,325.51651285226944,30.45,59.19,1.18
915,8,5,0.4898232109391708,2864.2159520819273,3309.5956363511873,445.37968426926,1,57.38,1.15
916,7,4,0.7134308668053096,2571.863418670785,3290.2598204108012,718.3964017400162,36.75,60.16,1.2
917,8,5,0.24543903071143028,2771.7554270440723,3190.738610193697,418.98318314962444,39.15,104.06,2.08
918,6,3,0.7936137318724795,2798.8955532149484,3172.2766269017484,373.38107368679994,23.95,50.85,1.02
919,8,6,0.037189152379264526,2631.489644942444,3170.0889188906553,538.5992739482112,40.55,76.72,1.53
920,8,5,0.7201492472285889,2786.6714913280957,3192.0586162033956,405.38712487529983,28.1,93.22,1.86
921,7,5,0.06240622418363153,2724.857556532808,3087.7430185065814,362.88546197377354,0,55.33,1.11
922,6,5,0.10364044643570357,2887.7413199640305,3259.8243951299237,372.0830751658932,39.35,33.73,0.67
923,6,5,0.14186073630408585,2682.474861689686,3138.049184780242,455.57432309055594,36.95,21.41,0.43
924,7,5,0.8621026712537134,2734.857467505802,3143.6410243040036,408.7835567982015,1.65,18.62,0.37
925,6,5,0.7147031193387883,2749.8733306401114,3183.8097129134912,433.9363822733799,42.85,45.58,0.91
926,6,4,0.7158531143233471,2751.4569944581704,3099.44618420364,347.9891897454695,0,0,0
927,7,5,0.24088455520101082,2685.4176520484943,3152.611132662516,467.1934806140216,0.2,10.42,0.21
928,6,5,0.7294047580617898,2718.615026818913,3205.858369443911,487.24334262499815,15,36.39,0.73
929,5,4,0.5827526366328486,2706.242574008916,3186.9001146417186,480.65754063280247,0,0,0
930,5,3,0.048247023776533615,2796.9672530623293,3164.670298458705,367.7030453963757,21.3,0,0
931,7,4,0.1262662344371279,2623.7294043828642,3244.975280723035,621.245876340171,57.2,54.32,1.09
932,9,7,0.060490526104792074,2744.294113362996,3098.273102253452,353.9789888904561,68.1,137.27,2.75
933,8,6,0.15144000803214921,2676.103487654735,3270.893246852724,594.789759197989,48.75,47.61,0.95
934,8,6,0.13259454207425034,2763.3651000157843,3189.8136450091183,426.44854499333405,10.1,49.61,0.99
935,7,4,0.644943495223754,2751.1668825039956,3122.4997988351397,371.33291633114413,0,61.62,1.23
936,6,4,0.45271089781358903,2761.723459869853,3138.419952945326,376.696493075473,39.6,62,1.24
937,7,4,0.47302397455230155,2659.2445211614304,3082.637915116606,423.3933939551757,5.75,25.34,0.51
938,9,5,0.22358782409283712,2804.844368795879,3137.801896340298,332.957527544419,5.25,74.31,1.49
939,7,4,0.037616701124182195,2739.7718078329344,3128.359890363294,388.58808253035977,40.5,45.1,0.9
940,7,5,0.001391668020740987,2805.4625136741724,3116.882731996763,311.4202183225907,52.7,74.88,1.5
941,6,4,0.030020647384202043,2801.457682662483,3049.495974096472,248.0382914339889,10.5,9.2,0.18
942,6,4,0.25313751537986817,2763.4856119846836,3185.2732603806576,421.787648395974,0,0,0
943,8,6,0.38772846252139354,2822.7258378249553,3086.5362121191947,263.8103742942394,45.8,136.6,2.73
944,6,3,0.2506552453852044,2835.0476423417194,3135.377374336526,300.3297319948065,30.3,51.52,1.03
945,7,5,0.5771201834623347,2779.1404724956897,3143.8130544349183,364.6725819392286,0.3,9.36,0.19
946,6,4,0.28425085284867285,2709.4827403751992,3308.408594137957,598.9258537627579,0,0,0
947,7,4,0.010038364194549898,2796.036889742701,3154.58180789961,358.5449181569088,36,52.95,1.06
948,9,6,0.23086485747755542,2732.9085410780717,3170.6108631922334,437.7023221141617,10.1,86.78,1.74
949,5,4,0.0772983033224295,2753.912094222579,3113.855754893348,359.9436606707691,14.25,40.61,0.81
950,7,6,0.05438776850925886,2760.0947880026324,3266.2431550913348,506.14836708870234,19.6,58.84,1.18
951,7,6,0.034183231921605536,2780.523478249951,3074.7353170825004,294.21183883254935,77.55,118.05,2.36
952,6,4,0.4037568494755104,2831.4235173157135,3082.4409783849173,251.01746106920382,8.05,31.54,0.63
953,9,5,0.00001346358587172261,2745.279364079344,3171.29442347681,426.0150593974663,26.05,78.49,1.57
954,6,4,0.2522532948874174,2765.1796465037064,3246.755397255894,481.57575075218756,8.1,31.34,0.63
955,7,5,0.8659227640537257,2736.3306961251656,3144.2779849742105,407.947288849045,18.5,45.56,0.91
956,6,4,0.24381002527587617,2883.696791055218,3238.2425764963486,354.54578544113065,26.45,46.97,0.94
957,8,5,0.06791029211343397,2691.8199670929343,3144.684301007862,452.86433391492756,23.75,66.06,1.32
958,7,5,0.05147747653726077,2683.867060774206,3188.466818245409,504.5997574712028,39.3,132.19,2.64
959,7,5,0.507760699880085,2685.0492013892567,3215.8134688101595,530.7642674209028,15.8,39.9,0.8
960,7,4,0.5126565535150268,2818.0426502828896,3147.8532022530353,329.81055197014575,0,0,0
961,8,5,0.20103660352810587,2599.038253671772,3272.4677979135176,673.4295442417456,31.1,53.28,1.07
962,6,4,0.8241727259025436,2797.2866271747625,3096.7379658802606,299.4513387054981,22.85,43.36,0.87
963,7,5,0.023542717392888213,2848.031850038643,3308.269617060529,460.23776702188616,8.35,49.38,0.99
964,8,5,0.7863621399326154,2733.8437889739675,3169.6687444910503,435.8249555170828,9.5,34.24,0.68
965,7,5,0.41771761958793385,2727.2057678707793,3144.327282310061,417.1215144392818,0,18.82,0.38
966,7,4,0.3801898653210736,2791.409870499996,3140.2688428949996,348.85897239500355,0,0,0
967,6,4,1.0311375469154775,2786.088514374587,3040.042037861207,253.95352348662027,0.95,17.5,0.35
968,7,5,0.03418848191841494,2772.0045629931897,3278.592021557163,506.58745856397354,25.85,4.12,0.08
969,6,5,0.15319055268794282,2915.0240317183984,3056.5359163404414,141.511884622043,0,0,0
970,9,6,0.030223077319646716,2785.0667637132638,3138.971139005002,353.90437529173823,71.65,96.77,1.94
971,6,4,0.27012151701228054,2682.9149576944087,3018.3901416976273,335.4751840032186,0,0,0
972,8,7,0.7608477424335686,2834.827623012479,3196.9882125183435,362.16058950586466,0,0,0
973,8,6,0.15912245806562,2713.805516446195,3127.975362864034,414.1698464178394,2.7,48.03,0.96
974,6,4,0.24465705138086788,2825.7826840652515,3186.214548294267,360.43186422901545,11.35,28.65,0.57
975,7,4,0.26071795918690455,2826.906269291615,3033.3758969446562,206.46962765304124,35.25,30.76,0.62
976,7,6,0.5702397665684014,2685.393002555641,3185.4547198442847,500.06171728864365,10.6,55.61,1.11
977,7,4,0.2222538980559822,2781.8923541881354,3156.988113364294,375.0957591761585,0,20.73,0.41
978,6,4,0.15591242984874548,2756.8403048666632,3189.1703773926006,432.33007252593734,0,0,0
979,8,6,0.08949772516325627,2737.9577040446784,3248.5400551913585,510.58235114668014,37.55,71.06,1.42
980,7,4,0.22184709504914032,2742.9727363761126,3070.122462499104,327.1497261229915,14.8,71.15,1.42
981,8,5,0.4210209420932418,2787.2842591613567,3079.7379441434473,292.45368498209064,32.4,77.92,1.56
982,6,4,0.30169084271448066,2835.990175798817,3249.377352073006,413.3871762741892,0,0,0
983,8,6,0.03153416704187175,2705.7674501073966,3166.292087032219,460.5246369248225,81.15,119.48,2.39
984,7,6,0.6430570593447296,2699.1787738136877,3204.639491153256,505.4607173395684,27.75,61.32,1.23
985,7,4,0.1613005399956352,2758.087182940129,3209.49512233988,451.40793939975083,23.3,32.72,0.65
986,7,4,0.08704841602704064,2629.042333336391,3262.675593460413,633.633260124022,29.95,18.33,0.37
987,8,6,0.20030107291148605,2738.048367340382,3129.0240034940844,390.97563615370245,33.35,41.6,0.83
988,6,4,0.2502835307365968,2669.572924069337,3221.81927783494,552.2463537656026,24.3,23.1,0.46
989,8,5,1.1628688141673458,2764.2601410139464,3177.028794264319,412.7686532503726,0,17.56,0.35
990,8,5,0.9448559639153772,2729.0875168804587,3180.412434938082,451.3249180576231,0,16.55,0.33
991,7,4,0.8719300243495555,2781.186622209459,3242.7083342429482,461.52171203348917,0,0,0
992,9,5,0.6457180031094247,2828.4749847065827,3089.562888879027,261.08790417244427,40.05,93.71,1.87
993,6,4,0.8616029332729993,2813.7009848562843,3230.5500041009172,416.8490192446329,4,21.63,0.43
994,8,6,0.13681771435985232,2679.127872149379,3138.78781193893,459.6599397895511,17.4,54.48,1.09
995,7,5,0.4090035767827562,2638.03532399268,3259.3082013032417,621.2728773105619,0,0,0
996,7,5,0.04386606662432447,2788.8988060670126,3116.7884372618723,327.8896311948597,27.8,56.82,1.14
997,7,5,0.08899404284325708,2767.8895900052053,3077.906700170883,310.0171101656779,0,4.04,0.08
998,6,3,0.7983130115496566,2722.9990822595437,3230.736692587714,507.7376103281704,0,9.54,0.19
999,6,3,0.13978836130349198,2686.0259836278888,3129.4383762768443,443.4123926489556,0,28.37,0.57
1000,6,4,0.07926301268104578,2862.5616346044026,3222.1127833072346,359.55114870283205,11.45,0,0
1001,8,5,0.0012783176333969906,2699.671570246338,3237.892003938753,538.2204336924151,24.85,44.21,0.88
1002,8,4,0.5467286912818877,2645.860015203318,3170.4822613895285,524.6222461862103,8.75,33.36,0.67
1003,7,5,0.33182067952743827,2751.2169235927995,3173.7189887812747,422.50206518847517,0,0,0
1004,8,5,0.19530419707545504,2727.464650340871,3299.2944309030963,571.8297805622256,25.35,21.39,0.43
1005,8,5,0.01831511871405245,2707.739026074248,3179.090049906631,471.3510238323829,0,27.96,0.56
1006,7,5,0.8000068911923077,2805.7587447877613,3135.290527112406,329.5317823246446,0,28.18,0.56
1007,6,4,0.1220910379565752,2700.601279915138,3142.4058551187663,441.80457520362825,6,34.05,0.68
1008,8,4,0.08783721745222163,2676.3196245995905,3222.7364976759345,546.416873076344,41.3,92.61,1.85
1009,7,4,0.12179531298951786,2954.3277432298223,3181.9155401176304,227.58779688780805,38.05,48.15,0.96
1010,7,4,0.55487433126435,2778.8383609729203,3187.7493321092165,408.9109711362962,0,0,0
1011,7,5,0.020966701801440883,2825.6881108670523,3094.0376735315567,268.34956266450445,68.75,150.08,3
1012,7,4,0.013957057467323978,2738.585900467555,3142.3141714943836,403.7282710268287,40.95,67.42,1.35
1013,7,4,0.22392230774370392,2673.446225527299,3112.8244285044016,439.3782029771028,0,0,0
1014,8,4,0.21671009776349903,2763.40222432486,3251.722685360275,488.32046103541506,54,71.5,1.43
1015,7,6,0.0989061296575136,2786.6099742475926,3343.672148481135,557.0621742335425,33.85,104.02,2.08
1016,8,6,0.42887821359208883,2679.0655233261223,3147.251024023441,468.18550069731873,11.05,42.03,0.84
1017,7,5,0.099842125093865,2733.3717315600597,3081.0159329398966,347.6442013798369,36.45,45.09,0.9
1018,6,4,0.10136727717086695,2770.7299778676934,3159.379132628169,388.64915476047554,20.3,36.5,0.73
1019,7,4,0.23003726814799802,2652.310737693693,3144.3677173542756,492.05697966058233,26.75,40.13,0.8
1020,6,4,1.0237935367876787,2793.231405577357,3193.737871042576,400.5064654652192,8.85,38.31,0.77
1021,8,4,0.6035850252311636,2550.984568479179,3189.93550725787,638.9509387786911,11.55,69.8,1.4
1022,7,5,0.23271640169969357,2691.5326314929703,3064.330189425415,372.79755793244476,42.65,99.67,1.99
1023,7,6,0.2797083732780895,2722.5570180811146,3155.6044321552044,433.04741407408983,22.95,48.53,0.97
1024,7,5,0.013150148488820951,2741.5737963784063,3138.120993818936,396.54719744052954,49.25,56.09,1.12
1025,7,5,0.8198915973982664,2637.4564041359795,3130.1773153315958,492.7209111956163,0,0,0
1026,8,6,0.18410207575104723,2768.9112747532113,3241.0960902691777,472.1848155159664,33.65,54.66,1.09
1027,6,4,0.20863513828248204,2727.395438368048,3080.5307853298887,353.1353469618407,11.85,23.54,0.47
1028,7,6,0.027503037113975667,2780.669687691203,3132.478217147695,351.8085294564921,46.05,115.2,2.3
1029,7,5,0.045616884602037285,2659.329488241291,3040.1569830988597,380.8274948575686,46.35,78.88,1.58
1030,7,4,0.5242834621344209,2555.5984391991924,3185.5601137843487,629.9616745851563,0,0,0
1031,8,4,0.016983149439159077,2771.4833673106523,3217.102887291925,445.6195199812728,97.15,161.29,3.23
1032,9,6,0.0842307028237707,2723.052368756185,3259.95388721608,536.9015184598952,107.7,157.72,3.15
1033,8,5,0.017856547200155812,2756.283963761932,3156.3522370416154,400.0682732796836,53.2,88.37,1.77
1034,7,4,0.551314985007971,2774.836191864638,3073.513178740209,298.67698687557095,0,8.77,0.18
1035,8,5,1.0031255364768663,2862.5150876783764,3142.110388069461,279.5953003910845,0,0,0
1036,7,4,0.5248664526618988,2743.9823073756993,3233.885908703294,489.9036013275945,27.15,79.05,1.58
1037,8,6,0.12166427112235002,2707.1270449954077,3131.9783513426746,424.8513063472669,33.35,80.01,1.6
1038,6,4,0.16491501640146528,2791.472429369065,3172.8808602303034,381.40843086123823,9,0,0
1039,8,6,0.009133272942443696,2827.5597873885745,3264.4763768134435,436.916589424869,25.9,71.04,1.42
1040,8,6,0.15674734639227628,2552.8679450348563,3156.532002007225,603.6640569723686,37.05,42.64,0.85
1041,7,5,0.5540324851947499,2642.961143645077,3066.042235319661,423.08109167458406,5.65,25.01,0.5
1042,8,6,0.043109960821637525,2674.182720018793,3087.4098350970353,413.22711507824215,0.1,29,0.58
1043,6,4,0.3079028120386217,2588.6837526436634,3172.6286906042924,583.944937960629,10.1,52.41,1.05
1044,7,5,0.5820756995068154,2752.9180871232575,3090.5025685102205,337.58448138696303,0,3.25,0.06
1045,8,6,0.12161439032108164,2696.92300120714,3142.260770671849,445.33776946470925,44.1,58.94,1.18
1046,8,6,0.09862116739783366,2795.75218372764,3184.076783008912,388.3245992812722,23.65,41.09,0.82
1047,6,4,1.0466478880484806,2825.531089765001,3266.653000900754,441.1219111357527,18.05,57.24,1.14
1048,6,4,0.16348889668803868,2656.700222875686,2993.372632093328,336.67240921764187,15.3,12.15,0.24
1049,5,4,0.09263692214088418,2754.6202826840367,3137.4971751084195,382.87689242438273,9.05,0,0
1050,7,4,0.5201970674398103,2719.2628335255795,3139.9915449767523,420.7287114511728,0,11.69,0.23
1051,7,5,0.5473043957859158,2754.2831898311015,3146.8275677195193,392.5443778884178,0,32.02,0.64
1052,6,4,0.1412583207996588,2808.9575699626826,3077.6511533732514,268.69358341056886,2.75,46.24,0.92
1053,7,5,0.19649012043953878,2733.9499864135537,3064.361306332197,330.41131991864313,14.95,188.45,3.77
1054,6,5,0.34417437681758783,2643.773160773719,3138.092657512857,494.3194967391378,36.75,52.73,1.05
1055,6,4,0.1449463575023103,2922.3554226427937,3211.5780003717105,289.2225777289168,32.6,53.19,1.06
1056,6,4,0.6829727099035691,2702.5759788395467,3143.5551612006243,440.9791823610776,0,0,0
1057,7,6,0.01487339918008076,2846.912525024343,3298.5411811991225,451.62865617477974,83.25,151.48,3.03
1058,6,4,0.31307366056693514,2622.488701045967,3264.8729890095938,642.3842879636268,0,1.79,0.04
1059,7,4,0.9463343836960496,2755.5384606426146,3196.204848672878,440.66638803026353,0,19.28,0.39
1060,6,4,0.022371874362729815,2771.198533779776,2994.1557408351264,222.9572070553504,0.45,73.33,1.47
1061,6,3,0.5755924373478749,2730.758085749157,3163.2067206388906,432.4486348897335,0,0,0
1062,8,4,0.778263109823009,2784.719939078022,3212.5337201738716,427.81378109584966,0,28.13,0.56
1063,7,6,0.1357380232978371,2663.749942026745,3228.40321088384,564.6532688570951,34.55,12.24,0.24
1064,7,4,0.03450126908925393,2620.8754237943813,3224.127476722011,603.2520529276298,0,5.68,0.11
1065,8,5,0.011934632524241179,2753.2148200218844,3216.866380219511,463.6515601976266,10.6,48.29,0.97
1066,9,6,0.04637285836406411,2710.290929498779,3131.4732648555055,421.1823353567265,38.25,58.57,1.17
1067,7,5,0.06591788571205653,2696.836075277687,3156.2189860993935,459.38291082170645,38.75,63.76,1.28
1068,6,4,0.10702797519781705,2660.6207713006565,3144.7554933039874,484.1347220033308,41.85,49.85,1
1069,6,5,0.8559479487839684,2725.811323908325,3154.3250788449823,428.5137549366573,0,15.08,0.3
1070,6,5,0.963571497315498,2791.689177492646,3118.8907712929827,327.20159380033647,9.2,70.79,1.42
1071,8,6,0.0581221514379216,2706.961365119869,3189.0182614498726,482.05689633000384,49.2,54.4,1.09
1072,7,4,0.06608056728560563,2760.719282043572,3168.779781850015,408.06049980644275,0.25,19.06,0.38
1073,7,6,0.0766860214252253,2775.8709558476125,3206.637130517416,430.7661746698036,26.8,92.13,1.84
1074,6,4,0.30095386282149195,2751.2011259085734,3190.3791973045886,439.1780713960152,0,0,0
1075,9,7,0.01861166727007584,2820.552878485859,3257.639522281159,437.0866437953,46.3,96.72,1.93
1076,7,5,0.24885177563115135,2806.222933840091,3191.926075719165,385.7031418790739,1.45,59.5,1.19
1077,6,4,0.5943118885001144,2700.5421410490803,3295.5224620887398,594.9803210396594,0,0,0
1078,7,5,0.6535503779643128,2741.5782172192476,3224.075051622651,482.4968344034032,0,0,0
1079,6,5,0.4115398974064593,2912.784778660717,3283.390335997324,370.60555733660703,23.1,84.45,1.69
1080,7,5,0.7150693135218952,2779.363558060195,3164.7282019393015,385.36464387910655,47.15,92.82,1.86
1081,5,3,0.04978622021129317,2724.230720795364,3286.1672865053183,561.9365657099543,32.45,32.02,0.64
1082,7,5,0.987753859863147,2696.9249262716257,3104.8438202503457,407.91889397872,0,14.07,0.28
1083,8,4,0.37137060187032855,2794.064350737429,3218.7719142602796,424.7075635228507,39.9,78.8,1.58
1084,6,4,0.7479686111639127,2641.2077882875064,3192.43616649756,551.2283782100535,0,8.61,0.17
1085,9,6,0.2284182244483071,2845.850624556858,3083.0929771471556,237.24235259029774,0,22.73,0.45
1086,7,5,0.26031499379825324,2689.098268228513,3096.017067912959,406.9187996844462,0,0,0
1087,5,4,1.1095561405671426,2784.9546844719034,3202.9065043483306,417.9518198764272,3.2,19.82,0.4
1088,7,5,0.37676126233476326,2795.0725097703007,3181.5910192686883,386.51850949838763,52.4,94.49,1.89
1089,7,4,0.05536088371731694,2834.3350238556245,3116.781908733391,282.4468848777665,0,57.16,1.14
1090,7,6,0.01712100545871886,2875.041822451651,3171.945103572122,296.9032811204711,43.25,100.76,2.01
1091,7,4,0.3630388595046944,2741.8638493339777,3171.792226287717,429.9283769537392,38.3,91.54,1.83
1092,8,5,0.007051234859179902,2839.5078833444654,3129.4191367466174,289.91125340215194,6.85,34.84,0.7
1093,6,4,0.2974366738492741,2821.9950995304753,3104.7272555183017,282.73215598782645,0,0,0
1094,7,5,0.3978264404327064,2729.4099247594418,3095.803533601388,366.3936088419464,1.7,45.95,0.92
1095,7,5,0.025451425376301726,2608.597971334536,3089.325472862535,480.72750152799927,14.65,63.7,1.27
1096,8,6,0.09627526096714621,2694.193229675141,3108.455910585387,414.26268091024576,53.6,72.15,1.44
1097,7,5,0.09691375781562245,2786.177688138553,3092.9351792943266,306.75749115577355,46.35,46.57,0.93
1098,7,4,0.19005689354453273,2627.1197317847054,3091.152411780374,464.0326799956688,6.6,27.31,0.55
1099,8,5,0.6716109314134229,2710.8580223430085,3203.034610707562,492.1765883645535,0,0,0
1100,6,5,0.08995274367888402,2774.0017470362095,3149.5461518474144,375.5444048112049,26.05,0,0
1101,6,4,0.6339680776924421,2645.851357680334,3204.136512373919,558.2851546935849,13.75,26.68,0.53
1102,7,6,0.8028006195469539,2786.84401958905,3112.759332637866,325.9153130488162,8.2,48.97,0.98
1103,8,5,0.16618641987441948,2796.199889279599,3254.7822497931957,458.58236051359654,60.45,122.01,2.44
1104,7,4,0.15133256717707966,2740.3256843760228,3219.18703433128,478.8613499552571,34.9,54.8,1.1
1105,8,6,0.222339984123344,2684.4204241257617,3133.344811304144,448.9243871783824,14.75,51.03,1.02
1106,8,6,0.10236828450164558,2872.7371518733003,3233.0121476611794,360.2749957878791,28.6,124.82,2.5
1107,6,4,1.067629754771442,2816.0812156689103,3147.4772073462927,331.3959916773824,0,56.32,1.13
1108,8,5,0.7013061504489994,2790.893245931093,3105.5258649576704,314.63261902657723,6.9,57.05,1.14
1109,9,5,0.09681595537298911,2699.6231958760254,3153.8107879026397,454.1875920266143,50.55,65.79,1.32
1110,7,6,0.06060536746163034,2686.2770951373127,3197.8673015303,511.5902063929875,62.45,65.84,1.32
1111,6,4,0.8108160581931237,2801.140952635342,3321.2586374783946,520.1176848430528,36.8,57.19,1.14
1112,7,5,0.36188008139097433,2765.657889721567,3244.692294164203,479.03440444263606,0,0,0
1113,7,5,0.19291491295493515,2721.740002168265,3112.5155397061385,390.77553753787333,43.9,49.79,1
1114,8,6,0.022639980514812245,2596.201772006931,3204.1306659371166,607.9288939301855,5.75,26.69,0.53
1115,8,6,0.07823454086624068,2808.5746484981473,3150.61401278812,342.0393642899726,44.2,74.32,1.49
1116,7,5,0.5868209585912103,2679.4640078879474,3111.9046336633023,432.4406257753549,0,0,0
1117,6,5,0.8849082514713417,2741.365954658742,3123.2033270260313,381.8373723672894,0,19.46,0.39
1118,5,4,0.343877423760677,2739.6362576499846,3144.3500734814647,404.71381583148013,21.9,0,0
1119,7,5,0.9310184581120431,2776.8030047443744,3092.8618360137543,316.0588312693799,0,0,0
1120,7,5,0.15411463064360867,2728.051021802935,3223.333364021387,495.28234221845196,39.2,49.39,0.99
1121,7,4,0.7833076848120069,2777.059579179221,3203.0336029124783,425.9740237332571,0,18.94,0.38
1122,6,3,0.15686673635072654,2799.4705946045524,3127.89841053253,328.42781592797746,19.35,33.07,0.66
1123,6,4,0.9135338851661904,2814.836910820896,3280.300265299216,465.46335447832007,0,8.42,0.17
1124,8,5,0.4945670277738571,2812.651979330119,3181.7313676893127,369.0793883591937,39,82.15,1.64
1125,7,5,0.536036520104559,2709.7945404264365,3332.8498018852138,623.0552614587773,29.75,52.53,1.05
1126,6,4,0.8394835861006792,2719.6098857784655,3152.6643878692657,433.05450209080027,0,23.45,0.47
1127,8,5,0.32455629977260264,2636.072823214758,3120.5386926685646,484.4658694538066,8.1,36.64,0.73
1128,6,4,0.026398905753310005,2688.8346207367704,3184.976526147014,496.14190541024345,50.65,63.96,1.28
1129,9,6,0.02034726866048671,2657.3335967300704,3134.5810805844335,477.24748385436305,7.1,33.65,0.67
1130,7,4,0.07527927911616317,2877.1192547541636,3057.85471618022,180.7354614260562,21.45,20.14,0.4
1131,7,4,0.19610596788128276,2740.1781119206066,3040.5672192520124,300.38910733140574,36.25,58.39,1.17
1132,6,5,1.1036056722992844,2634.014873884933,3243.3323935413055,609.3175196563725,6.1,29.93,0.6
1133,8,5,0.2827897655210236,2735.4023724700437,3072.5510349352703,337.1486624652266,27.1,78.79,1.58
1134,8,5,1.0422473174496334,2742.150238276755,3161.273697960135,419.12345968338013,0,4.55,0.09
1135,6,5,0.2764845928485946,2608.0741179084157,3169.844212327356,561.7700944189405,2.65,14.54,0.29
1136,6,3,0.004686876975063025,2645.6345841397656,3213.827436038799,568.1928518990335,56.75,56.66,1.13
1137,7,5,0.11977840388171265,2741.2579222687027,3157.01007552519,415.7521532564874,9.6,109.61,2.19
1138,5,4,0.44231978045654297,2710.341224984857,3152.0431314245775,441.70190643972046,0,0,0
1139,6,5,0.13007719797499978,2740.5685828995315,3029.5899714350544,289.0213885355229,0,0,0
1140,6,4,1.0562884653107247,2805.4510843461526,3158.168923643864,352.71783929771163,0,0,0
1141,7,4,0.19852773682472993,2776.905742615393,3164.8313973856298,387.92565477023663,3.2,66.05,1.32
1142,8,5,0.0859881826329083,2750.1647241423843,3066.7684926886486,316.6037685462643,55.7,118.8,2.38
1143,7,7,0.005098832109937935,2828.701147579031,3240.713545872947,412.01239829391625,45.75,53.37,1.07
1144,7,5,0.02078851259650396,2686.343208020819,3116.6393440776037,430.2961360567847,37.4,43.26,0.87
1145,7,4,0.5393950401452573,2592.169787850129,3171.790195264478,579.6204074143488,22.75,35.08,0.7
1146,9,7,0.019101133131583407,2686.7810426102724,3129.804524760061,443.02348214978883,27.65,65.47,1.31
1147,6,5,0.002735740946162975,2714.431571469024,3215.8998695982755,501.46829812925125,0,0,0
1148,7,4,0.1357537167723302,2725.851311984399,3044.718675439651,318.86736345525196,28.15,51.26,1.03
1149,7,5,0.027240268985622894,2781.100733321216,3257.817599950349,476.71686662913316,0,44.87,0.9
1150,6,4,0.5607339003915818,2652.0496261339745,3224.5947978378995,572.545171703925,22.7,48.62,0.97
1151,8,6,0.0888772026349641,2703.289081798834,3167.780096865091,464.49101506625675,10.9,70.32,1.41
1152,6,5,0.13231686765167586,2662.4274122542847,3167.643327786672,505.2159155323875,48.15,47.89,0.96
1153,7,4,0.032517928189026574,2771.9894136169924,3117.5213809514858,345.5319673344934,48.25,49.66,0.99
1154,8,5,0.16442915948106518,2838.1523653636627,3174.1608176082327,336.00845224457,17.8,27.3,0.55
1155,10,7,0.9244320772938743,2655.777869692887,3184.714315435918,528.9364457430306,1.75,97.13,1.94
1156,7,4,0.19698650816836014,2660.668165844362,3221.983146458879,561.314980614517,76.4,105.53,2.11
1157,7,5,0.029429544425635692,2620.7844747194627,3130.092404531905,509.3079298124421,5.35,62.47,1.25
1158,7,5,0.029781780907157773,2711.7017809197555,3228.6567702675666,516.9549893478111,2.15,0,0
1159,7,4,0.969147975713825,2811.7225243493576,3067.7367245330106,256.014200183653,9.85,35.08,0.7
1160,8,5,1.1152086049858152,2671.403031577375,3115.915593148319,444.5125615709444,25.6,54.92,1.1
1161,6,3,0.06792774529282206,2693.765014540895,3119.8061469996355,426.0411324587403,50.6,54.9,1.1
1162,6,4,0.07450390281651391,2650.2846320864433,3246.1017082352128,595.8170761487695,25.05,15.2,0.3
1163,6,4,0.9473940823213589,2844.0956462612576,3293.3475873548464,449.2519410935888,0,0,0
1164,7,6,0.006407428838331765,2725.7360072302095,3173.2564088585823,447.52040162837284,39.3,32.71,0.65
1165,7,5,0.5384152966806741,2623.6014874108914,3218.181596052474,594.5801086415827,29.4,80.61,1.61
1166,7,5,0.262914274693295,2776.3334340249817,3124.971183053363,348.6377490283812,2.7,113.92,2.28
1167,7,4,0.10090673786798227,2860.0862891032916,3137.807391129355,277.72110202606336,7.6,18.12,0.36
1168,7,5,0.2955405055391963,2759.2404806184786,3091.0441668718086,331.80368625332994,28.2,93.03,1.86
1169,8,6,0.020370621477955944,2821.047307800306,3178.434680849918,357.38737304961205,49.1,111.23,2.22
1170,8,7,0.6899763366175014,2655.049782775685,3312.9958105822584,657.9460278065735,56,137.09,2.74
1171,7,5,0.9348585360892897,2683.006019622311,3171.9796149405956,488.9735953182844,0,17.48,0.35
1172,6,4,0.6691844672384462,2811.4795057827964,3241.4662283524362,429.9867225696398,0,0,0
1173,6,4,1.0255319516531767,2728.188944843645,2984.7354819730135,256.5465371293685,0,1.04,0.02
1174,8,6,0.05778986431183628,2893.664161013756,3081.5581864609667,187.89402544721088,15.15,73.7,1.47
1175,7,5,0.500097438544494,2711.9312575260524,3167.790356767226,455.8590992411737,0,56.76,1.14
1176,7,4,0.09055853990182168,2755.071374362688,3317.8061123802986,562.7347380176107,19.8,41.48,0.83
1177,4,3,0.386641297241185,2815.774439645813,3091.3779468996195,275.6035072538066,0,0,0
1178,8,6,0.022094102057764894,2837.787800521633,3214.496244710097,376.708444188464,50.05,147.45,2.95
1179,7,5,0.22236225639292526,2812.9553826075785,3039.7004428033215,226.745060195743,0,0,0
1180,6,3,0.0490858980522408,2924.0776661004497,3231.279225934009,307.20155983355926,0,10.75,0.22
1181,8,5,0.09261190326717049,2807.2427372981774,3290.621780184949,483.37904288677146,28.5,41.06,0.82
1182,7,4,0.13715851790495703,2839.1127134691274,3190.355901624117,351.24318815498964,4.45,1.49,0.03
1183,6,4,0.07314205416201493,2659.260679397337,3167.1333309917763,507.8726515944395,0,78.26,1.57
1184,8,5,0.06807664657612308,2802.605522327572,3133.2513520996,330.6458297720278,58.45,132.29,2.65
1185,7,4,0.6140687591381967,2783.9323026002703,3138.4002313414862,354.4679287412159,7.6,35.27,0.71
1186,6,4,0.021248854708859927,2835.564035091063,3130.9623231476644,295.39828805660136,15.5,3.49,0.07
1187,7,6,1.0876400230352996,2726.4869850485616,3006.555412558246,280.0684275096846,9.35,89.36,1.79
1188,8,5,0.15012785666340545,2716.6873796769933,3270.8407477820892,554.153368105096,42,73.35,1.47
1189,8,5,0.135051081072879,2665.254478616699,3250.7410767427536,585.4865981260546,24,27.4,0.55
1190,9,6,0.9884249888530325,2729.754224956871,3145.6577175872335,415.9034926303625,0,11.94,0.24
1191,8,5,0.9533080084188192,2783.712917459724,3111.793953205959,328.0810357462351,0,23.73,0.47
1192,8,5,0.04567781259092064,2804.191337033616,3169.535878303132,365.34454126951596,61.45,99.18,1.98
1193,8,6,0.15312795085768485,2739.2975377598987,3165.462581561944,426.16504380204515,37.5,97.92,1.96
1194,6,5,0.33057846455216877,2721.966817416983,3209.0418573741586,487.0750399571757,2,20.3,0.41
1195,7,5,0.01822245228449209,2765.006848297083,3256.0372946474595,491.0304463503767,50.2,103.1,2.06
1196,8,4,0.0911239391719948,2731.832107326664,3329.3666308079764,597.5345234813126,5.65,72.24,1.44
1197,5,4,0.16880017248623452,2831.353904318431,3256.3542762599054,425.00037194147444,0,7.54,0.15
1198,6,4,0.47047171107067387,2599.075144938838,3158.3721146778144,559.2969697389763,10.35,36.42,0.73
1199,7,6,0.10889648270469313,2793.8621143965447,3185.6259778708395,391.7638634742948,0,14.25,0.28
1200,7,5,0.26981459292958426,2811.6465719902762,3128.3402384225915,316.69366643231524,16.75,148.84,2.98
1201,8,5,0.24441367461986044,2779.651230951199,3157.190365911988,377.53913496078894,18.7,21.77,0.44
1202,5,4,0.4661914750916222,2847.4896919063012,3165.2541589149628,317.76446700866154,0,0,0
1203,7,5,0.06903395534887209,2742.39651503006,3189.8838038867484,447.48728885668834,0,24.25,0.48
1204,7,4,0.643703083685954,2660.608882129362,3257.855579178397,597.246697049035,7.1,29.61,0.59
1205,6,5,0.16434848294264948,2770.8832902932527,3114.09223484959,343.2089445563374,0,23.07,0.46
1206,7,6,0.02617911904675019,2758.120172965989,3158.0181225991773,399.89794963318855,1.9,79.41,1.59
1207,6,4,0.2190713279565439,2781.2067931807087,3099.416350325712,318.20955714500315,0,2.67,0.05
1208,8,5,0.15876902518231012,2721.8463480230726,3138.8375046114056,416.99115658833307,0,52.35,1.05
1209,6,4,0.03409226892855047,2757.5066013441437,3127.757037937625,370.250436593481,0,0,0
1210,6,4,0.24788190934711604,2603.0969178235005,3002.91168736648,399.8147695429793,16.75,58.43,1.17
1211,5,3,0.6910114974209576,2757.324039355635,3095.0986446335683,337.77460527793346,0,0,0
1212,9,5,0.25947770969947176,2788.6891205412203,3250.3766789143046,461.68755837308436,39.1,91.45,1.83
1213,6,4,0.047630547149446645,2688.8167813204145,3156.576730053061,467.75994873264654,41.1,58.99,1.18
1214,7,4,0.3303220244821733,2642.5007409342747,3053.3094567660014,410.80871583172666,0,65.54,1.31
1215,7,6,0.05328869078290795,2758.387762132737,3122.7262012660826,364.3384391333457,32.3,74.84,1.5
1216,6,5,0.03837089298583082,2786.4293213923506,3253.6403418036734,467.2110204113228,45.95,48.23,0.96
1217,8,5,0.006732366944360247,2666.5440242640157,3103.693345566392,437.1493213023764,28.1,70.13,1.4
1218,9,7,0.5827177650695342,2725.9492304872774,3251.678602631402,525.7293721441247,0,36.52,0.73
1219,8,7,0.08883383080854214,2806.347762225332,3107.907460134776,301.5596979094439,47.75,134.9,2.7
1220,7,4,0.4099555036027673,2829.7478266057556,3184.728637990793,354.9808113850372,0,22.73,0.45
1221,6,4,0.3895251233154735,2835.6266988661387,3175.3124742631676,339.6857753970289,5.5,25.67,0.51
1222,6,4,1.1359401767534576,2812.0434776175734,3182.3210730177484,370.27759540017496,9.15,34.81,0.7
1223,6,4,0.5179180396235753,2734.6562828790543,3210.580376298628,475.92409341957364,0,0,0
1224,9,7,0.03879614901723928,2751.112590419981,3118.0445783192395,366.9319878992583,55.65,155.4,3.11
1225,7,5,0.03658354566777218,2753.052284006171,3291.8772435547885,538.8249595486177,12.5,49.57,0.99
1226,6,6,0.9442977554135931,2705.9928540513633,3077.438866361369,371.4460123100057,26.85,34.61,0.69
1227,6,4,0.12811314637275845,2832.143636786299,3161.4741393732265,329.33050258692765,1.9,16.96,0.34
1228,6,4,0.2095390402279537,2716.741712412562,3182.607057669721,465.86534525715933,46.55,48.26,0.97
1229,9,9,0.02573432989150831,2888.6228928314354,3272.699730307528,384.0768374760928,50.25,165.17,3.3
1230,6,3,0.7927258777342269,2682.4170117570025,3147.3033345102162,464.8863227532138,5.35,25.34,0.51
1231,7,6,0.38342614516336454,2852.6857664776817,3213.234055665347,360.54828918766543,0,13.91,0.28
1232,7,5,0.22697151562108217,2810.7700749510936,3235.831584232339,425.06150928124543,1.95,21.45,0.43
1233,7,5,0.44933939695131386,2612.590950612501,3319.780240885403,707.1892902729023,0,26.94,0.54
1234,8,5,0.4522329203242598,2659.569180427769,3201.0083292855893,541.4391488578203,33.05,83.81,1.68
1235,6,5,0.33141409847040487,2675.5886351604713,3127.0742825520965,451.4856473916252,36.75,83.63,1.67
1236,8,7,0.11572601486222825,2888.7493430303,3123.8932707737235,235.14392774342332,14.25,44.03,0.88
1237,8,6,0.13260670863762983,2749.0525842050033,3174.161425877747,425.1088416727439,21.75,34.95,0.7
1238,6,4,0.19302232989567256,2592.5344286176714,3301.87341200193,709.3389833842584,0,3.54,0.07
1239,7,6,0.6516595291396996,2777.4360515859535,3025.9317712099846,248.49571962403115,21.85,149.75,2.99
1240,7,5,0.6446974066915017,2701.5029261795944,3065.607523589455,364.1045974098606,9.65,38.06,0.76
1241,6,4,0.27887098417041634,2731.9874505349176,3144.835774378091,412.8483238431736,7.55,32.74,0.65
1242,6,4,0.05369102617098728,2781.892975041204,3235.7655956105245,453.8726205693206,11.85,27.58,0.55
1243,6,4,0.19154625333098166,2716.4172022452462,3063.861485606122,347.44428336087594,29.9,31.82,0.64
1244,7,5,0.056987749276959695,2792.9674777603122,3310.0857328254438,517.1182550651315,0,0,0
1245,6,5,0.05015326255501081,2741.4365375699217,3149.12251699283,407.6859794229081,22.85,143.81,2.88
1246,9,7,0.02294802868171131,2817.4586310307245,3117.1120141704832,299.6533831397587,27,186,3.72
1247,7,5,0.700870518959879,2854.769670526563,3186.8380450268105,332.0683745002475,0.05,15.6,0.31
1248,7,4,0.2794478984831106,2767.820975378304,3173.056538373911,405.23556299560687,10.65,24.66,0.49
1249,6,5,0.20301686553103282,2656.547087304124,3121.055601658102,464.50851435397817,27.1,50.48,1.01
1250,6,5,0.02197870965974253,2712.356886427202,3162.5765717953923,450.2196853681903,0,9.2,0.18
1251,5,4,0.013079774501168772,2803.697601115567,3174.0807263168535,370.3831252012865,9.55,53.96,1.08
1252,6,4,0.8413224271553194,2700.3358179253173,3091.517590304014,391.1817723786967,0,0,0
1253,6,4,0.6815197283881442,2703.6521450991077,3221.0967164738827,517.444571374775,0,0,0
1254,7,5,0.5344419779571569,2755.426532050421,3209.4165831723785,453.99005112195755,13.55,64.26,1.29
1255,8,6,0.6823637318721256,2691.9853938783726,3191.095132099422,499.10973822104916,0,7.73,0.15
1256,8,6,0.11634401182344356,2654.946628777331,3161.570897414133,506.62426863680184,60,90.29,1.81
1257,8,5,0.31179602707858556,2756.018304019848,3146.773399223446,390.7550952035981,0,64.66,1.29
1258,7,6,0.10619942538407182,2812.554225894701,3246.8418183508934,434.2875924561922,90.3,157.58,3.15
1259,7,4,0.3355834789084476,2607.0009530274683,3224.331260308175,617.3303072807066,30,37.65,0.75
1260,7,4,0.12006383938709883,2846.04331079575,3208.258683620784,362.2153728250337,25.2,50.04,1
1261,8,6,0.06492073637022516,2758.705068523057,3163.276112644714,404.571044121657,64.5,91.83,1.84
1262,8,5,0.3215216125234217,2843.6262853297308,3126.4773272059447,282.8510418762139,0,39.17,0.78
1263,7,4,0.05784810714144477,2731.8545601932624,3081.597470216763,349.7429100235008,33,53.62,1.07
1264,7,5,0.0029983605330391647,2731.0605315213447,3077.7560124088272,346.6954808874825,42.7,51.4,1.03
1265,7,4,0.0908895212221198,2743.99791449564,3134.1828285985757,390.18491410293564,0,0,0
1266,8,5,0.3000390925029019,2925.5102291435815,3149.993703036155,224.48347389257333,37.3,69.85,1.4
1267,8,6,0.17872027364908089,2746.3638136390114,3007.5006669020718,261.1368532630604,19.3,71.33,1.43
1268,7,4,0.5174453856202957,2828.7258904418436,3199.1245002040396,370.398609762196,0,39.92,0.8
1269,7,5,0.21447739951217284,2818.835667389796,3181.0836315575325,362.2479641677364,34.75,114.9,2.3
1270,6,3,0.44413663221095057,2692.0939865511737,3094.4969532879213,402.40296673674766,0,1.97,0.04
1271,6,4,0.0360491229143488,2685.93552540991,3133.9745449138927,448.0390195039827,62.75,54.16,1.08
1272,8,6,0.8554749911902961,2776.91993422094,3085.5354429881922,308.6155087672523,3.95,28.84,0.58
1273,7,4,0.055087252772269606,2807.5987179859026,3163.8461462294676,356.2474282435651,32.45,0,0
1274,6,4,0.2668288561671537,2712.6916340986454,3034.9303468593503,322.23871276070486,34.15,53.25,1.06
1275,7,7,0.2483270581128145,2717.3656684763855,3204.6041348048525,487.238466328467,0,0,0
1276,6,4,0.03016758480048714,2646.527737729611,3166.140837717758,519.613099988147,0,0,0
1277,8,6,0.14065297651379158,2729.231350955086,3146.110348072096,416.87899711700993,15.65,44.88,0.9
1278,7,5,1.033141466570643,2619.1823003123927,3116.537401469687,497.3551011572945,0,0,0
1279,8,6,0.6414402220031202,2652.876185558727,3041.2055878368888,388.329402278162,25.3,56.41,1.13
1280,8,6,0.18024867713551324,2818.177586395211,3216.5725579629916,398.39497156778043,20.35,72.55,1.45
1281,7,4,0.933973242880027,2634.3975681633756,3264.15059647261,629.7530283092342,0,15.83,0.32
1282,8,7,0.1245784793640247,2763.2503689771042,3039.9912061403893,276.74083716328505,39.8,122.92,2.46
1283,7,5,0.015104267750792481,2614.776838621997,3267.9131281190043,653.1362894970075,42.05,44.94,0.9
1284,6,4,0.0030520315986479083,2655.326855497678,3304.351571556298,649.02471605862,23.1,54.23,1.08
1285,6,5,0.00437921606477161,2639.386142420685,3041.7127086052787,402.32656618459396,78.45,77.3,1.55
1286,7,6,0.0025056732425287782,2779.0179297519744,3085.4078742581332,306.3899445061588,75.45,152.61,3.05
1287,8,5,0.4022339360629775,2687.744356636901,3214.751215490934,527.006858854033,0,0,0
1288,6,4,0.5517114501927001,2657.6301880390456,3191.272836721518,533.6426486824726,0,21.01,0.42
1289,7,5,0.011492628257143244,2707.2969487966075,3144.0163982370673,436.7194494404598,47.2,48.73,0.97
1290,9,6,0.09262470952760132,2752.920443291529,3135.109451351007,382.18900805947806,3.7,65.82,1.32
1291,6,4,0.6744070221686556,2732.455007035434,3233.6840035975993,501.2289965621653,0,16.06,0.32
1292,7,5,0.05152826749904005,2799.6610936257925,3145.2855744000854,345.6244807742928,41.3,56.54,1.13
1293,8,7,0.10207956032697499,2699.450056165809,3053.100485941797,353.65042977598796,43.95,46.68,0.93
1294,5,4,0.13482234054054854,2737.6977917991894,3033.7079672468417,296.0101754476523,12.2,0.56,0.01
1295,6,5,0.26240420558177435,2715.344680902278,3045.6469746983275,330.3022937960495,23.65,49.71,0.99
1296,6,3,0.03748472247131723,2789.2418017812274,3152.0734699718346,362.83166819060716,29.65,6.53,0.13
1297,7,5,0.0682619486318175,2750.341636037195,3281.109301182266,530.7676651450711,47.7,90.99,1.82
1298,7,5,0.30051386224015025,2698.0642260977534,3136.5790876851547,438.51486158740136,28.95,74.25,1.48
1299,7,4,0.2449019884082032,2682.0946716981275,3295.704872582215,613.6102008840876,0,0,0
1300,7,5,0.01393369614199133,2799.016222514849,3175.713782506896,376.69755999204745,0,0,0
1301,6,4,0.5654048253532513,2688.833500013374,2985.3051811466858,296.4716811333119,4.2,36.46,0.73
1302,8,5,0.05808131690870769,2726.7724999201246,3165.730402851488,438.9579029313636,11.15,72.36,1.45
1303,6,4,0.12056609082191806,2803.969259543711,3202.6898483872415,398.72058884353055,9.5,35.8,0.72
1304,5,4,0.015855646560882137,2748.29912507263,3237.8177319716715,489.5186068990415,13.15,61.83,1.24
1305,6,4,0.7970873688973703,2671.496102999867,3164.813461604417,493.31735860455,0,0,0
1306,7,4,0.11650133461536444,2724.0319079575124,3103.503622231262,379.4717142737495,3.05,25.99,0.52
1307,8,6,0.0984804280456461,2763.90400566572,3064.587244929902,300.68323926418225,32.2,52.11,1.04
1308,8,6,0.26962149494706944,2699.3652429109356,3136.418391547423,437.05314863648755,28.25,73.53,1.47
1309,8,5,0.1411903153291942,2690.1695280177696,3161.0785352332205,470.90900721545086,0,7.71,0.15
1310,7,6,0.06900159823341323,2661.8993121200224,3149.212169898197,487.3128577781745,7.6,35.84,0.72
1311,7,4,1.0996773894175433,2703.241041100203,3110.622385729185,407.38134462898233,0,44.84,0.9
1312,7,4,0.017915753953158597,2659.742638770038,3139.5458207483,479.8031819782618,3.05,20.56,0.41
1313,6,4,0.02475910495450575,2665.1588016456094,3127.1955278461355,462.0367262005261,59.2,65.72,1.31
1314,7,5,0.06282337782521175,2756.2359977900264,3109.164107961195,352.92811017116856,47.6,62.2,1.24
1315,6,4,0.11599550801144783,2770.801719884619,3207.5433329635284,436.74161307890927,0,16.75,0.34
1316,7,5,0.02314724530754925,2730.971689339837,3075.568382807862,344.59669346802457,31.85,75.56,1.51
1317,8,5,0.06125159569302825,2741.3330186684116,3287.9456388967806,546.612620228369,8.3,34.05,0.68
1318,5,5,0.6657160751298971,2703.3364932293084,3147.9587483965647,444.6222551672563,18.8,46.08,0.92
1319,6,4,0.24277372707048267,2799.5829676357193,3331.7238090539972,532.1408414182779,0,4.13,0.08
1320,7,5,0.5618501749795265,2671.297608492972,3172.2127236759748,500.91511518300285,5.2,28.84,0.58
1321,6,4,0.040336988397498094,2716.5389029559306,3042.8168669176075,326.27796396167696,36,60.74,1.21
1322,9,5,0.04717116269614626,2717.495817607995,3204.3971738921205,486.90135628412554,3.45,55.91,1.12
1323,8,5,0.28464973725992504,2723.6941380705694,3042.3586206957966,318.66448262522727,28.35,37.01,0.74
1324,6,4,0.8162015383828224,2825.193410211988,3189.0494803059773,363.8560700939893,1.6,0,0
1325,7,5,0.012666501546739593,2672.765213326081,3061.9539063863253,389.18869306024453,44.25,66.43,1.33
1326,7,5,0.4270261132561687,2793.1286805953887,3150.975703261768,357.8470226663794,6.2,40.53,0.81
1327,8,5,0.9192559608643799,2772.520499780015,3156.332907877715,383.8124080977,25.1,48.01,0.96
1328,8,6,0.06430628542886409,2788.7438284686546,3150.339981495122,361.5961530264676,33.45,15.4,0.31
1329,7,4,0.5472787532515674,2749.923114988737,3188.7456500661046,438.8225350773678,0,2.67,0.05
1330,8,5,0.20919043615092836,2742.729316563204,3188.4806950340203,445.75137847081623,0,23.26,0.47
1331,6,4,0.09591222240556622,2774.59457452101,3163.3550608613327,388.7604863403226,0,10.13,0.2
1332,7,5,0.030097717040405758,2567.5299468924063,3244.809262379785,677.2793154873789,49.15,64.77,1.3
1333,7,5,0.14801538732717356,2680.3171805309807,3117.722088400413,437.40490786943246,6.15,0,0
1334,9,6,0.06863735754172515,2925.982594454112,3244.862787574562,318.8801931204498,41.3,132,2.64
1335,8,6,0.7920133447794641,2800.8217297558213,3215.9615349793303,415.13980522350903,0,75.42,1.51
1336,7,5,0.8075652679304021,2697.6724641466744,3196.97699348514,499.3045293384657,10.25,61.05,1.22
1337,8,7,0.05945077600240957,2761.7602241910213,3119.8618137823196,358.1015895912983,0,30.52,0.61
1338,5,3,0.28750967984282655,2850.2958713950948,3188.4776493225077,338.1817779274129,0,0,0
1339,9,5,0.24792705420444064,2712.515108297695,3085.162321723964,372.647213426269,12.3,120.87,2.42
1340,5,3,0.5357710550631428,2739.8165085503056,3166.672426928833,426.85591837852735,0,0,0
1341,7,4,0.0810696167312302,2658.949923337423,3155.938942740501,496.9890194030777,13.7,50.43,1.01
1342,9,7,0.008888282245341547,2741.8303300759057,3127.7812557282246,385.9509256523188,30.75,179.01,3.58
1343,7,4,0.1173035663256174,2735.5400924900955,3183.744956701665,448.20486421156966,28.2,65.3,1.31
1344,7,4,0.09875642539221828,2754.38999814291,3153.1466308127556,398.75663266984566,6.15,5.36,0.11
1345,9,6,0.11749434547447986,2717.7946000766237,3249.322829481271,531.5282294046474,28.4,96.68,1.93
1346,8,5,0.1625252740226555,2731.081185343894,3025.4160812796613,294.33489593576724,51.15,127.12,2.54
1347,8,5,0.23976400634519446,2780.1111562472206,3216.125941554879,436.01478530765826,27.9,107.64,2.15
1348,7,5,0.668287320271223,2839.710602078416,3089.256811091486,249.54620901306998,10,36.99,0.74
1349,6,4,0.03632505936990597,2838.1958141492073,3263.4365221713747,425.2407080221674,51.5,59.91,1.2
1350,8,6,0.12239285623396244,2843.121400358369,3334.5520040167717,491.43060365840256,37.75,56.99,1.14
1351,7,5,0.577529976096413,2802.4052433310203,3214.626918638392,412.2216753073717,8.4,77.89,1.56
1352,7,6,0.27519713547097807,2867.434273746747,3087.50030784385,220.06603409710306,51.4,81.79,1.64
1353,7,5,0.1838335209091306,2657.010529796109,3241.3903067007946,584.3797769046855,0,0,0
1354,5,4,0.03518499197207885,2700.8277632174986,3150.938549521071,450.11078630357224,36.65,50.68,1.01
1355,6,4,0.42376540539571533,2801.182453128725,3164.038992648751,362.8565395200262,0,25.61,0.51
1356,6,5,0.23871786780317078,2788.9613986850272,3213.700993005712,424.7395943206848,0,0,0
1357,8,5,0.04898675731541924,2701.3288256441797,3155.628066838714,454.29924119453426,109.4,231.63,4.63
1358,8,7,0.0836028900414088,2716.626370881508,3098.61570489222,381.9893340107119,65.2,87.5,1.75
1359,5,3,0.16199822767250457,2807.7674493860204,3067.5792065526934,259.81175716667303,0,0,0
1360,9,7,0.007496249489027232,2699.956047133078,3121.908992737739,421.9529456046612,44.45,150.17,3
1361,7,4,0.013811925178704772,2727.4657045784957,3157.211708469143,429.74600389064744,0,9.3,0.19
1362,6,4,0.2861264745671543,2697.0843047591998,3183.1778128380415,486.09350807884175,32.5,53.61,1.07
1363,7,5,0.11449650210614779,2752.0483298341196,3178.4597099948305,426.4113801607109,42.75,85.32,1.71
1364,8,5,0.040199507577139276,2779.742141002671,3166.3465999680243,386.6044589653534,72.75,78.25,1.56
1365,6,4,0.634085914455385,2729.3299774202205,3189.2657864739986,459.93580905377803,6.3,28.92,0.58
1366,8,6,0.03955424467942061,2800.3945161197466,3108.00299041913,307.6084742993835,41.75,77.59,1.55
1367,7,5,0.06560023608709782,2772.726201326088,3105.6040271093616,332.8778257832737,62.1,54.49,1.09
1368,8,5,0.008968778160623409,2777.378456618381,3211.6965862967154,434.31812967833457,29.55,55.42,1.11
1369,7,4,0.15999530832210782,2860.3938283041216,3227.109548208311,366.7157199041894,5.6,56.53,1.13
1370,8,6,0.10768575125944409,2790.2281104455574,3179.657786089334,389.4296756437766,24.7,67.45,1.35
1371,7,4,0.5886595755831401,2748.6092355820797,3099.7763959488852,351.16716036680555,0,18.29,0.37
1372,7,4,0.027958257430827152,2753.2067582735003,3224.050600787545,470.8438425140448,39.65,124.07,2.48
1373,7,5,1.1203122537084902,2675.4251299639795,3074.030147934512,398.6050179705326,26.9,62.9,1.26
1374,9,6,0.22859878066579672,2815.4320123122097,3291.045807546462,475.6137952342524,29.05,64.01,1.28
1375,9,6,0.1135341990991635,2548.126801196363,3189.626262509006,641.4994613126432,49.65,125.15,2.5
1376,7,4,0.9014203772444456,2657.495592275912,3269.517897685085,612.022305409173,21.85,36.63,0.73
1377,7,4,0.01670162840993518,2706.7626076618017,3096.664301215825,389.9016935540235,0,0,0
1378,7,5,0.2302280682222508,2750.547057167384,3081.623534840945,331.07647767356093,31.15,42.46,0.85
1379,6,4,0.06292375342171355,2743.0798277269046,3082.985505886104,339.9056781591994,0,0,0
1380,7,5,1.0739786477376079,2794.943160832903,3005.2542527731043,210.31109194020155,0,0,0
1381,8,6,0.0554495323016665,2754.1862978343124,3251.921274742241,497.73497690792874,79.55,215.74,4.31
1382,7,5,0.04561891347513481,2761.326069582189,3219.4017713042576,458.0757017220685,49.05,50.65,1.01
1383,8,5,0.09959895531638092,2708.8798703200496,3125.1959632400362,416.31609291998666,11.4,22.08,0.44
1384,7,5,0.20837109694172234,2792.884973942536,3191.3570870157655,398.4721130732296,0,0,0
1385,6,4,0.18294401174415273,2781.6375977400194,3101.836080504106,320.19848276408675,0,9.75,0.2
1386,7,4,0.018785848931739155,2843.5874858186785,3305.3155325265793,461.72804670790083,65.95,64.97,1.3
1387,7,5,0.0245859953037739,2847.89216718616,3145.926103866125,298.0339366799649,0,0,0
1388,7,5,0.035469396523968064,2834.57339436268,3097.5277567796525,262.95436241697234,53.65,61.77,1.24
1389,7,4,0.40561386161089596,2833.0574632246467,2982.441566407122,149.38410318247543,44.9,61.49,1.23
1390,7,4,0.11481463929971707,2757.6452438963506,3228.0830764086354,470.4378325122848,35.05,58.47,1.17
1391,6,4,0.6514043876971447,2757.369855161239,3328.967700878641,571.5978457174024,0,0,0
1392,6,4,0.28460936883405263,2753.1541010707883,3135.17835854379,382.02425747300185,12,22.59,0.45
1393,6,4,0.41215574603821753,2814.2803245294976,3166.6208318571635,352.3405073276658,0,0,0
1394,6,4,0.26760625509444136,2743.4300876581697,3263.761756494001,520.3316688358314,25.75,49.86,1
1395,6,5,0.0401226603256607,2721.5852094607076,3080.765588709741,359.18037924903365,84.95,150.82,3.02
1396,8,5,0.03628047183339673,2724.3865780550414,3022.176204524052,297.7896264690107,46.85,102.5,2.05
1397,7,6,0.038769081587758596,2741.0620758540904,3208.9445160376185,467.88244018352816,0,18.38,0.37
1398,6,5,0.8782698209254255,2836.53112433847,3213.6778699239026,377.14674558543265,4.65,22.81,0.46
1399,6,4,0.7537433046383684,2662.2286672087057,3142.9383898843184,480.70972267561274,0,0,0
1400,7,4,1.0897087947899853,2732.232026787295,3200.6423435604247,468.4103167731296,1.9,22.6,0.45
1401,6,4,0.1295007921511294,2772.3791426221883,3095.6933467584167,323.31420413622845,0,0,0
1402,6,5,0.8277223633132383,2836.6048182336795,3144.6718397695486,308.0670215358691,28.65,69.65,1.39
1403,7,5,0.029027978015065622,2770.94239644741,3155.852043894321,384.9096474469111,24.25,52.37,1.05
1404,8,5,0.5182471805295608,2661.939518042892,2970.5204453142355,308.5809272713436,33.1,75.36,1.51
1405,5,4,0.9622072520659558,2656.0371019005543,3226.8543403760114,570.8172384754571,0,42.27,0.85
1406,7,6,0.20040018087935169,2746.5740503677293,3075.7696751814137,329.1956248136844,53.5,149.83,3
1407,8,5,0.11467695750806689,2694.412443465469,3102.328819402225,407.9163759367557,19.9,84.87,1.7
1408,7,4,0.10997682481109441,2717.66478836713,3189.963082724036,472.29829435690635,5.7,77.08,1.54
1409,7,5,0.3703262254182982,2731.8150698658624,3116.3300412582685,384.5149713924061,41.25,59.5,1.19
1410,6,5,0.0111931532518493,2789.740341854048,3193.814327634169,404.0739857801209,34.15,53.83,1.08
1411,7,5,0.07904195776474897,2786.021820804594,3251.4646005598875,465.4427797552935,56.65,152.37,3.05
1412,8,6,0.10488604032589864,2665.8092082919334,3219.378003519939,553.5687952280055,26.95,41.56,0.83
1413,5,4,0.34085633861424236,2795.5102658327305,3107.5522967994893,312.04203096675883,3.1,73.94,1.48
1414,9,7,0.045907772746358766,2731.2833786875235,3165.0908983691543,433.80751968163077,72.75,116.96,2.34
1415,8,5,0.12965640194012074,2831.0267979184787,3241.9829946156333,410.9561966971546,58.8,75.52,1.51
1416,7,4,0.1227204479390462,2793.3734058663445,3192.8920015451645,399.51859567882,5.05,54.72,1.09
1417,8,7,0.07841528677159912,2781.883310829925,3145.8255423320165,363.94223150209154,36.65,108.96,2.18
1418,8,5,0.10927018803897083,2745.262384389437,3128.1851933018,382.92280891236305,47.3,98.94,1.98
1419,8,5,0.16851919381446734,2704.8114360328577,3161.710168017046,456.8987319841881,37.7,103.41,2.07
1420,6,4,0.044844246942055736,2819.261491769957,3126.9987665170415,307.7372747470845,0,0,0
1421,6,5,0.017087047056877407,2780.012047824463,3142.2694167632753,362.2573689388123,0,31.23,0.62
1422,8,5,0.1953517558036676,2579.8446440427033,3080.5114758091768,500.6668317664735,0,0,0
1423,6,3,0.2364056854031679,2744.2376377577016,3187.2473456674065,443.00970790970496,31.8,53.23,1.06
1424,7,6,0.6715133230371682,2788.7503769417895,3073.111936251434,284.3615593096447,25.2,65.96,1.32
1425,7,5,0.016108160304130665,2793.17696607161,3310.4746877960233,517.2977217244133,21.9,102.95,2.06
1426,6,4,0.060373848258871106,2823.57914663617,3182.062750249626,358.48360361345567,25.95,53.95,1.08
1427,7,4,0.1914851365631189,2675.8736537003665,3202.0239528940024,526.1502991936359,0,2.37,0.05
1428,6,5,0.22546844728657467,2706.0982443748067,3260.31606982077,554.2178254459632,22.75,132.8,2.66
1429,6,4,0.07582297156831948,2765.640154526237,3105.9634909561855,340.32333642994854,20.8,6.34,0.13
1430,8,5,0.0042772326551512325,2830.435077635627,3152.5701170682173,322.1350394325905,0,37.16,0.74
1431,6,3,0.16224640014034855,2800.6190426930425,3121.2228793736285,320.603836680586,0,0,0
1432,6,4,0.4661630536339589,2776.6303064400054,3213.002950502319,436.3726440623136,0,8.79,0.18
1433,8,5,0.010865833912096012,2694.2798758925255,3336.6908025140974,642.4109266215719,10,37.99,0.76
1434,6,5,0.02776014265871558,2746.5736400513956,3235.3973384644873,488.82369841309173,0,0,0
1435,6,5,0.39406485452442835,2728.828082457628,3096.984938955394,368.1568564977656,15.8,23.51,0.47
1436,7,5,0.0993676500940328,2818.8291010395515,3043.776223729356,224.94712268980447,24.7,0,0
1437,8,5,1.1537826351983007,2695.265661301071,2950.3156657262366,255.05000442516575,32.8,83.8,1.68
1438,7,4,0.10409135582953957,2838.7621823441073,3188.4567974767083,349.69461513260103,82.75,85.64,1.71
1439,6,4,0.4891124337116324,2754.7776187267427,3125.677265623618,370.8996468968753,0,0,0
1440,8,6,0.019782339839912965,2718.9537835536767,3200.8831181647834,481.9293346111067,58.5,75.91,1.52
1441,7,4,0.00023875760604514745,2656.0986511964024,3097.1391682187746,441.0405170223721,48.65,49.09,0.98
1442,7,4,0.39238395643606,2732.6292877831347,3121.555321793221,388.92603401008637,11.6,85.74,1.71
1443,6,5,0.030056710869332766,2854.4229881722404,2972.049244351042,117.62625617880167,0,49.84,1
1444,7,4,0.21643730971497127,2685.0008846481132,3194.3538176829325,509.3529330348192,0,0,0
1445,9,6,0.09695149332799842,2885.490935594315,3230.2044034849205,344.71346789060544,38.8,189.86,3.8
1446,8,4,0.07854809339396619,2777.1122819516745,3172.0298941350575,394.91761218338297,34.55,57.13,1.14
1447,8,6,0.1902700947874667,2747.3387157808156,3208.4181099281627,461.0793941473471,24.35,56.51,1.13
1448,6,5,0.19087666469774459,2758.237363675172,3260.937292235277,502.6999285601046,7.75,54.18,1.08
1449,6,4,0.8219405528487874,2677.4610813372014,3202.5532350652447,525.0921537280433,24.05,71.41,1.43
1450,7,5,1.0221144298562825,2881.0018371304645,3149.039351325335,268.03751419487025,4.95,30.52,0.61
1451,6,4,0.08433430461390103,2701.5265060952343,3156.8647805526516,455.33827445741736,38.8,45.26,0.91
1452,7,6,0.6659713161538041,2697.083552176035,3124.551472545518,427.4679203694832,0,1.05,0.02
1453,8,5,0.923380318251834,2655.508730528828,3122.6925952374436,467.1838647086156,2.5,25.3,0.51
1454,7,5,0.056610749283205274,2823.1961609607497,3160.3535471461078,337.15738618535806,76.9,119.37,2.39
1455,8,5,0.10191849391858127,2761.3545983197378,3092.3758119207523,331.02121360101455,24.5,48.33,0.97
1456,7,5,0.07363772715175405,2719.4821851693273,3196.453952673082,476.97176750375456,0,0,0
1457,6,3,0.431038010524179,2807.9783172340376,3022.0558528084143,214.07753557437672,0,0,0
1458,5,4,0.3385991843199406,2685.6575824432607,3347.899023225849,662.2414407825881,0,0,0
1459,7,7,0.14287851793810574,2559.9394652386018,3118.325139941477,558.3856747028753,78.1,147.98,2.96
1460,7,5,0.05581324169220393,2720.741559477913,3208.028546218148,487.2869867402351,12.8,30.39,0.61
1461,7,4,0.7965953301205203,2769.125055333884,3254.616793649635,485.4917383157508,9.1,33.12,0.66
1462,7,4,0.10115020382541481,2786.468762660835,3199.1383582437775,412.6695955829423,17.1,47.5,0.95
1463,5,3,1.0393659703617335,2753.0378116090615,3097.9701404711063,344.93232886204487,10.15,34.19,0.68
1464,6,5,0.4979873379838556,2767.8922495233273,3155.9219717784376,388.0297222551103,6.95,8.85,0.18
1465,8,4,0.7630944231970738,2826.6012459143626,3153.529308745129,326.9280628307665,2.35,47.62,0.95
1466,6,4,0.904737861414024,2853.462439790965,3122.4180645290758,268.9556247381106,0,24.91,0.5
1467,7,5,0.49046975745509996,2808.923218814966,3247.6681789519903,438.74496013702446,10.95,55.33,1.11
1468,9,6,0.1368459235603105,2758.8556887509703,3146.3124368746467,387.45674812367633,38.5,55.87,1.12
1469,7,6,0.22873585386085393,2794.4101654014003,3222.8603926984692,428.450227297069,15.8,59.77,1.2
1470,7,4,0.21759792363483246,2723.318174581479,3188.6265451009535,465.30837051947447,48.25,108.35,2.17
1471,8,6,0.14813101003130547,2644.2505064973384,3145.734182489948,501.48367599260973,1.05,14.98,0.3
1472,5,3,0.7990243084659201,2834.6315697400787,3072.017725321981,237.38615558190213,29.4,40.4,0.81
1473,7,5,0.4986598204951773,2740.936817678417,3213.1835691128067,472.2467514343898,16.1,49.35,0.99
1474,8,6,0.04893420093862419,2733.62593801221,3146.8284925658413,413.2025545536312,7.4,97.85,1.96
1475,6,4,0.13691510890022893,2683.9159058848563,3092.298500991798,408.3825951069416,0,0,0
1476,9,5,0.4095355546352749,2732.3560626875,2975.3361601346924,242.9800974471923,5.35,24.7,0.49
1477,6,4,0.42150416173748767,2657.0944981204166,3043.2647377752496,386.17023965483304,0,78.44,1.57
1478,7,4,0.6389016563876949,2801.6355518787614,3105.5197242394943,303.8841723607329,11.85,39.02,0.78
1479,5,3,1.108253816304317,2770.0705953670654,3098.21723243916,328.14663707209456,0,0,0
1480,8,6,0.0469939511929784,2748.8039066387655,3089.832244918606,341.0283382798407,12,83.49,1.67
1481,7,5,0.04967115384628148,2751.335246370186,3146.5678814864095,395.2326351162237,0,3.11,0.06
1482,6,5,0.06635096448874646,2785.761210806091,3215.983843148083,430.2226323419918,63.95,61.57,1.23
1483,7,6,0.7470850073466533,2752.3622198061457,3133.752550666637,381.3903308604913,4.3,100.91,2.02
1484,8,6,0.3575260940893233,2823.327358689231,3155.654610244366,332.3272515551348,23.4,79.23,1.58
1485,7,4,0.10554231785606635,2755.270967881788,3208.84867665364,453.57770877185203,52.4,57.78,1.16
1486,10,6,0.19539091839375883,2701.301137215117,3133.9668975287836,432.66576031366685,38.85,85.15,1.7
1487,7,5,0.026565636172067284,2733.0676472996306,3328.4013923152484,595.3337450156178,89.6,147.88,2.96
1488,7,5,0.07386519688903177,2747.7672131895415,3118.3197064259934,370.55249323645194,49.3,34.73,0.69
1489,9,5,0.052824841035867674,2707.139951738329,3161.245904008568,454.10595227023896,32.75,89.21,1.78
1490,6,4,0.2712954355427483,2775.326675656083,3249.7703217222024,474.4436460661195,0,18.35,0.37
1491,8,6,0.010597887590727424,2739.8731060928194,3122.3337767368766,382.46067064405725,68.55,113.03,2.26
1492,7,5,0.6146239291692052,2845.717910054487,3155.784949813045,310.0670397585577,0,0.28,0.01
1493,6,4,0.0395058465369074,2818.1421766278822,3103.6352632836088,285.49308665572653,36.35,49.01,0.98
1494,7,5,0.008373645206192482,2798.452773435211,3134.42735399587,335.974580560659,28.3,40.75,0.81
1495,7,7,0.6485742185244989,2739.4258544827403,3052.1948791539435,312.76902467120317,4.75,38.43,0.77
1496,5,4,0.0014974580258085002,2773.5643747970507,3061.782110826366,288.21773602931535,33.1,12.7,0.25
1497,8,6,0.10160884549561566,2693.359901888346,3106.9113682484276,413.5514663600816,6.35,27.79,0.56
1498,7,6,0.07761574790787994,2778.3240700891884,3111.7249478662247,333.4008777770364,11.8,35.54,0.71
1499,7,5,0.20481920051932753,2783.6534351910395,3113.618020152395,329.9645849613553,3.3,28.09,0.56
1500,9,5,0.6703192772121537,2688.2357031042584,3190.915350742118,502.6796476378595,17.8,103.55,2.07
1501,6,4,0.041363500719641455,2778.863799555695,3207.0560167718254,428.1922172161303,0,0,0
1502,7,4,0.21768828621125655,2713.624731540062,3176.3207399259923,462.6960083859303,35.85,52.58,1.05
1503,7,4,0.09724247519033138,2630.4911975654604,3198.832791737098,568.3415941716376,37.55,42.58,0.85
1504,5,4,0.4039825367372619,2828.9449930492797,3148.511390950596,319.5663979013161,1.65,18.55,0.37
1505,6,4,0.32599423310755965,2764.0583453972463,3162.5354853032104,398.4771399059641,8.15,54.86,1.1
1506,8,6,0.20033785471393897,2758.7504510915574,3126.031365396699,367.2809143051418,20.95,38.25,0.76
1507,7,5,0.06554747512192387,2777.8939079857355,3118.1681637789525,340.274255793217,53.4,193.2,3.86
1508,7,6,0.09974075988850173,2818.3893577772046,3200.3375227054817,381.94816492827704,41.3,82.62,1.65
1509,8,5,0.8416827909347385,2782.2831655496148,3186.5416088790066,404.25844332939187,3.75,54.4,1.09
1510,5,3,0.25304478670415326,2783.275191092858,3228.7290903215057,445.4538992286475,0,0,0
1511,7,5,0.4271919497020541,2743.7926461160396,3128.794932379073,385.0022862630335,0.3,81.96,1.64
1512,7,4,0.08191528962343363,2780.7347006041705,3162.3322934911366,381.59759288696614,15.4,42.22,0.84
1513,6,4,0.13492999191805455,2861.169519711197,3147.9556043935313,286.78608468233415,25.65,49.67,0.99
1514,7,4,0.296516991634912,2691.039460201701,3175.241330729655,484.20187052795427,6.3,29.92,0.6
1515,7,5,0.3331669861815828,2704.6153529763264,3217.4664642828507,512.8511113065242,25.75,40.64,0.81
1516,8,5,0.019774722260811194,2739.957792372258,3193.9147613123587,453.9569689401005,36.05,60.55,1.21
1517,8,4,0.1090971274718225,2655.9841396348006,3141.8451223570546,485.860982722254,0.25,50.62,1.01
1518,7,5,0.6059097567317528,2751.477962153021,3041.4687485469744,289.9907863939534,0,0,0
1519,6,4,0.0062022371513946765,2867.3602325844,3113.201371546659,245.84113896225927,50.95,137.75,2.75
1520,7,4,0.08791112075916616,2672.396333907743,3039.834641409496,367.43830750175266,0,0,0
1521,8,5,0.24632768628466156,2700.0688039806414,3009.31782568572,309.2490217050786,16.55,88.85,1.78
1522,7,4,0.031179923830822298,2726.0166972363027,3202.848258540122,476.8315613038194,43.1,87.67,1.75
1523,8,6,0.6610846403060249,2888.03988539653,3162.32031897668,274.2804335801502,0,0,0
1524,5,4,0.16173007708138346,2825.891504629787,3091.063366714703,265.17186208491603,5.25,18.4,0.37
1525,7,5,0.4630446547901265,2705.8942071993456,3044.056448890759,338.1622416914133,4.1,53.41,1.07
1526,5,4,0.5513945043315807,2754.8641213116757,3137.2259638054147,382.361842493739,0,7.11,0.14
1527,9,7,0.003528764937861339,2866.876068740563,3226.7626175646255,359.88654882406263,52.95,81.4,1.63
1528,6,5,0.06975978178073734,2769.4526142181066,3099.4521005578144,329.9994863397078,40.65,36.56,0.73
1529,7,5,0.13869509758427048,2800.444736228237,3179.3164665977533,378.8717303695162,34.8,37.8,0.76
1530,7,5,0.2985944998163329,2819.014086565137,3215.7611552748776,396.7470687097407,11.95,40.06,0.8
1531,7,4,0.6419308276592848,2671.1779762064843,3088.252765347891,417.07478914140665,4.65,31.71,0.63
1532,7,5,0.2496147862589431,2742.9793660860078,3178.7057663433006,435.7264002572929,8.8,70.96,1.42
1533,7,6,0.09536953087106742,2667.53414194372,3228.1955342977635,560.6613923540435,71.8,269.54,5.39
1534,9,5,0.22400297210248984,2594.23657814607,3086.8962732190776,492.6596950730077,6.5,44.47,0.89
1535,7,5,0.0592795752323836,2773.7086332447416,3166.410949073788,392.70231582904626,12.55,68.03,1.36
1536,8,5,0.35602772701770447,2657.0993162093623,3151.7532121247214,494.65389591535904,31.5,114.49,2.29
1537,7,6,0.7417808579886711,2668.734224122303,3123.197844064621,454.463619942318,0,0,0
1538,7,6,0.05123944528026361,2742.674103019482,3210.9672903428004,468.2931873233183,26.55,96.97,1.94
1539,7,4,0.5085277179399998,2809.189917002623,3107.9241235571712,298.7342065545481,3.2,21.37,0.43
1540,5,3,0.9517587993315518,2888.950297302578,3205.0137764156575,316.06347911307967,0,7.22,0.14
1541,6,4,0.32925777782984045,2756.588181665713,3214.409344192352,457.821162526639,0,27.92,0.56
1542,7,6,0.9417709736062914,2801.662321136481,3273.333819904424,471.6714987679434,0,0,0
1543,9,5,0.09749756039087547,2772.2484435062083,3218.360021113063,446.11157760685455,36.35,91.56,1.83
1544,7,5,0.046458344552084606,2769.0736746704347,3142.428893905366,373.35521923493116,14.1,79.53,1.59
1545,8,5,0.46096936990904797,2638.7021256992375,3156.4983697748276,517.79624407559,0,0,0
1546,8,4,0.0810736038431365,2633.7240831852864,3194.783100753017,561.0590175677307,0,0,0
1547,6,4,0.2472163542229622,2838.748042284555,3188.6273016272917,349.87925934273653,0.45,11.08,0.22
1548,6,5,0.9025443061735136,2794.922024197101,3097.323466765652,302.4014425685509,5.75,24.74,0.49
1549,7,5,0.06749739202882604,2856.237152056914,3213.9302623172075,357.69311026029345,40.35,60.2,1.2
1550,8,6,0.1281460417114379,2667.037410792962,3122.9337835854426,455.89637279248063,2.85,29.72,0.59
1551,6,4,0.8406550601804391,2761.5927849373647,3198.7446548156236,437.1518698782588,0,0,0
1552,7,5,0.12356381568123301,2654.7554888640325,3043.648257054698,388.8927681906657,31.7,101.11,2.02
1553,6,6,0.0680168012477335,2782.421887465028,3200.9211446265736,418.49925716154576,72.2,110.79,2.22
1554,8,4,0.38562752720764376,2611.3276642028545,3193.674882923789,582.3472187209345,32.35,57.07,1.14
1555,8,6,0.05212934405037005,2784.5873677802665,3145.229172545318,360.64180476505135,38.55,135.45,2.71
1556,7,4,0.012172884096855944,2806.8414112621117,3049.7265166386715,242.88510537655975,15.2,49.96,1
1557,8,5,0.9440485382656306,2630.1899481656933,3148.4697865510043,518.279838385311,37.95,92.38,1.85
1558,7,4,0.03330791910340295,2726.266843190163,3005.2416889126816,278.9748457225187,0,0,0
1559,7,4,0.1588466232931274,2769.6731560926137,3010.4443297072767,240.77117361466298,18.75,49.04,0.98
1560,7,4,0.13937831243374427,2739.027952079343,3004.5666671404542,265.53871506111136,33.8,28.28,0.57
1561,7,5,0.17016917084333724,2807.1499599933345,3134.48664081471,327.33668082137547,43.85,157.71,3.15
1562,7,4,0.15739279172771692,2687.9270468410105,3208.728661823255,520.8016149822447,0,0,0
1563,7,5,0.7996837502899949,2685.2004499220598,3252.665917674668,567.4654677526082,0,33.58,0.67
1564,7,5,0.09542681874398763,2844.219377757243,3108.9704749762477,264.7510972190048,41.9,148.07,2.96
1565,6,4,0.0021710861921795917,2799.8220441663125,3403.23369716412,603.4116529978073,5.95,0,0
1566,6,6,0.5665305898523588,2645.023471260592,3165.2513585209686,520.2278872603765,42.1,88.89,1.78
1567,7,5,0.09732283248801465,2737.0608231926544,3110.66444793676,373.6036247441057,2.75,2.67,0.05
1568,8,6,0.20186483778795722,2767.1433817667107,3155.381677403821,388.23829563711024,7.55,29.95,0.6
1569,7,6,0.10583109938253887,2797.0091398454733,3111.976191995482,314.96705215000884,100.35,148.66,2.97
1570,6,4,0.6432228789592043,2674.449906929151,3118.2471726912217,443.79726576207077,24.05,20.21,0.4
1571,7,5,0.19429895306796852,2730.7184187648313,3163.077289364021,432.3588705991897,0,45.57,0.91
1572,7,5,0.02603573232097136,2855.754353718236,3235.6341702803347,379.87981656209877,25.1,53.06,1.06
1573,7,4,0.05242938437919027,2863.931113973175,3265.1521926275004,401.22107865432554,0.25,53.31,1.07
1574,7,4,0.9461186497059374,2696.38928521675,3123.20396932835,426.81468411159995,0,20.82,0.42
1575,7,5,0.5631485210147613,2839.0094090377365,3140.0139888739895,301.004579836253,27.3,49.03,0.98
1576,7,5,0.41745243379484254,2722.9352554724137,3014.533966056703,291.59871058428917,0,11.34,0.23
1577,6,5,0.2511682449650534,2739.0512261156264,3024.668591169007,285.6173650533806,8,35.21,0.7
1578,8,6,0.18148982837366445,2805.3472425391724,3212.2907072730563,406.94346473388396,38.15,108.71,2.17
1579,5,3,0.3148502788243326,2849.972425830992,3177.6289341275533,327.65650829656124,0,0,0
1580,8,6,0.4353950678742069,2795.908048836999,3232.8928747071354,436.9848258701363,32.8,62.13,1.24
1581,7,5,0.3517238454018598,2766.302826172468,3008.0653856208482,241.76255944838022,0,6.1,0.12
1582,6,4,1.0549686868516772,2845.500464743551,2999.9842400521975,154.48377530864627,11.25,37.45,0.75
1583,6,5,0.6523929474497204,2772.8364696589747,3244.68100591603,471.8445362570551,0,0,0
1584,7,5,0.29384032714238767,2661.5489779332515,3174.9830130877494,513.4340351544979,0,6.54,0.13
1585,8,5,0.9051451043965741,2685.85714844701,3138.4020497048286,452.54490125781876,29.8,74.99,1.5
1586,8,6,0.38139966571700035,2760.847644386976,3098.214054722934,337.36641033595834,0,25.89,0.52
1587,5,5,0.06875412534795129,2766.5562135142018,3184.0825137149764,417.5263002007746,35.95,53.06,1.06
1588,8,5,0.07492789920507559,2789.6398997069687,3129.418528914575,339.7786292076062,50.5,126.82,2.54
1589,8,6,0.12225116710041896,2761.1732786672037,3037.44764313233,276.2743644651264,30.9,84.48,1.69
1590,8,5,0.022670260959653788,2667.496368228312,3164.289531986097,496.7931637577849,42.5,65.34,1.31
1591,9,6,0.00022610508605687936,2708.7254666604904,3099.8228968973986,391.09743023690817,32,46.81,0.94
1592,6,4,0.06294567167130273,2718.56439354096,3136.4755288260058,417.91113528504593,40.1,58.95,1.18
1593,6,5,0.03609267328244332,2768.0606294540867,3169.7950901628965,401.7344607088098,0,31.2,0.62
1594,6,4,0.17580976908586665,2862.77877422857,3128.365337598138,265.586563369568,0,22.01,0.44
1595,7,4,0.18300133843725655,2633.852466919235,3240.529433007762,606.6769660885266,39.35,80.6,1.61
1596,5,3,0.7296228087065566,2628.4230011075106,3137.6624375289375,509.23943642142694,0,0,0
1597,7,5,0.25113368201760033,2625.7000952097683,3078.3836473821084,452.6835521723401,1.75,4.18,0.08
1598,5,3,0.5706181239641622,2766.7332720403097,3213.387915455811,446.65464341550114,0,0,0
1599,7,6,0.03873877873555741,2778.2153384637777,3137.4580440793775,359.2427056155998,0,42.64,0.85
1600,7,5,0.17980956038988832,2789.1674458232796,3246.3026949208124,457.1352490975328,31.65,137.75,2.75
1601,7,4,0.4155512259201286,2677.283064796949,3133.5106673665864,456.2276025696374,0,12.51,0.25
1602,7,5,0.20240675781776446,2767.6061292692875,3116.0597413228807,348.45361205359313,27.95,52.76,1.06
1603,9,5,0.12111357664412502,2782.647329342767,3140.552890603364,357.9055612605971,40,48.01,0.96
1604,7,5,0.1036141105205576,2700.5462848840584,3278.293832644778,577.7475477607195,0,19.53,0.39
1605,6,4,0.06853261437348891,2795.988255438675,3322.709557269152,526.7213018304769,51.1,77.57,1.55
1606,9,7,0.017929877096993525,2884.4718541291218,3234.2914012993156,349.8195471701938,96.3,144.89,2.9
1607,7,5,0.405543327265593,2716.5659581864156,3141.2410713848026,424.67511319838695,5.15,88.31,1.77
1608,6,5,0.4347200441351002,2742.5694817691274,3238.505383548349,495.9359017792217,0,0,0
1609,7,5,0.4408910302042829,2784.835736691439,3356.4482452091934,571.6125085177546,2.7,19.34,0.39
1610,6,4,0.3630278502031808,2662.181495607399,3075.5493415794776,413.3678459720786,0,0,0
1611,7,5,0.07442034437084528,2825.7802564432172,3107.4021214813024,281.62186503808516,44.35,122.8,2.46
1612,8,6,0.121210192865525,2848.11274037563,3101.2683962449946,253.15565586936464,39.65,116,2.32
1613,7,6,0.2060175919886178,2635.204457934048,3110.129960142275,474.92550220822704,12.95,19.89,0.4
1614,6,4,0.053645929055980236,2645.9710829919736,3100.681682945298,454.71059995332416,22.3,15.82,0.32
1615,8,7,0.040591410849877885,2734.978441064502,3326.8303117588334,591.8518706943314,52.8,143.51,2.87
1616,8,5,0.004397992025272184,2936.5060978384263,3209.2958692589427,272.78977142051644,78.8,121.31,2.43
1617,8,4,0.2088418398206838,2755.366912772554,3274.3286590561247,518.9617462835708,54.45,51.21,1.02
1618,5,5,0.6393947301392289,2531.8675986330722,3061.9099838901816,530.0423852571093,39.3,51.67,1.03
1619,7,4,0.00786579265996422,2796.922453045781,3114.579690169243,317.657237123462,0,25.6,0.51
1620,7,5,0.18289584905641354,2779.707934083691,3271.9864173172355,492.27848323354465,31.25,58.35,1.17
1621,6,3,0.4700643552554364,2579.471453490069,3185.7779938543276,606.3065403642586,0,0,0
1622,6,4,0.024040110239341637,2737.306412758693,3126.0280540545973,388.7216412959042,6.95,19.88,0.4
1623,6,5,0.6492529383085045,2643.9460018000314,3186.1699931650223,542.223991364991,9.9,68.32,1.37
1624,7,5,0.3205493401861654,2673.5081656629964,2999.9355648620594,326.4273991990631,47.25,110.42,2.21
1625,9,6,0.03593426160114385,2722.7645771580387,3162.9862963342766,440.2217191762379,7.95,60.94,1.22
1626,9,6,0.20392719292623002,2717.426159532657,3161.6749606804574,444.24880114780035,4.45,36.74,0.73
1627,6,4,0.10150022404134065,2820.2652039123977,3304.429538129304,484.16433421690635,6.25,30.12,0.6
1628,8,7,0.26934492392518283,2729.0521359225518,3113.2218456756004,384.16970975304866,9,51.03,1.02
1629,7,5,0.9563675273257384,2585.759488808691,3102.413031156118,516.653542347427,0,42.71,0.85
1630,8,6,0.17540831977162047,2673.13587271627,3207.597740460122,534.461867743852,0,42,0.84
1631,6,4,0.09301372123418164,2741.416873917326,3216.1975223421555,474.78064842482945,41.45,57.97,1.16
1632,8,6,0.2062297016320695,2849.117169997414,3064.6917763324755,215.57460633506162,29.65,54.3,1.09
1633,8,6,0.019858521537387097,2717.9903261509157,3024.736600060137,306.74627390922115,9.7,113.43,2.27
1634,8,6,0.09609726585225606,2709.857788397103,3056.0270501532796,346.16926175617664,31.4,98.57,1.97
1635,8,5,0.024756438438492213,2796.030646755434,3215.3356922257085,419.3050454702743,50.2,65.85,1.32
1636,8,5,0.016343796793395798,2751.22185317809,3055.660337430462,304.43848425237184,14.9,43.27,0.87
1637,7,6,0.3692372783213943,2864.9749423707462,3326.2366891976635,461.26174682691726,14.4,44.41,0.89
1638,8,5,0.005490765778799605,2857.65438938197,3252.3980943631836,394.7437049812138,30.45,53.36,1.07
1639,7,4,0.100866891711535,2765.427227940496,3064.939248179904,299.51202023940823,32.75,66.44,1.33
1640,6,4,0.1856333823562622,2840.8603411298163,3074.115251535119,233.25491040530278,39.55,56.85,1.14
1641,5,4,0.3130324876457414,2741.1395895631877,3080.4828033963036,339.3432138331159,22.1,43.16,0.86
1642,7,4,0.05971709274511309,2701.6290803936,3069.0853842584875,367.45630386488756,22.95,14.46,0.29
1643,8,5,0.19441103779817379,2851.011452915808,3154.9848897035167,303.9734367877086,0.1,21.37,0.43
1644,7,5,0.009863436315870144,2876.7056985150953,3220.2930060548515,343.58730753975624,0,47.73,0.95
1645,7,5,0.054796708497063286,2830.657993751749,3190.6909090045897,360.03291525284067,31.25,91.35,1.83
1646,6,4,0.08932829720096995,2824.792046114059,3176.7985098036474,352.0064636895886,0,0,0
1647,5,5,1.031957892640919,2786.0826943025368,3122.6620178903836,336.57932358784683,32.85,33.04,0.66
1648,9,6,0.2076026184999658,2709.041213459355,3103.5047572699773,394.46354381062247,0,60.27,1.21
1649,7,5,0.07519368100738151,2742.258831077045,3234.7358136463736,492.47698256932836,30.1,51.03,1.02
1650,7,4,0.4460047258212747,2556.722838207989,3198.417376044734,641.694537836745,0,19.56,0.39
1651,6,5,0.6973871945974884,2739.587439058986,3001.768790055455,262.18135099646906,12.35,41.29,0.83
1652,6,4,0.04214365067438127,2645.548455086248,3155.8946257343528,510.3461706481048,54.55,72.5,1.45
1653,9,5,0.010892531688753853,2733.308223371343,3182.4382829731,449.1300596017568,29.2,66.41,1.33
1654,7,5,0.1555009310620873,2723.607050186028,3196.3624446366534,472.7553944506253,35.85,85.44,1.71
1655,8,6,0.20422840947667836,2760.2919574666134,3190.113965922015,429.8220084554014,28.7,83.21,1.66
1656,7,5,0.8917691364690143,2771.6936157956375,3203.191934685684,431.49831889004645,58.1,162.99,3.26
1657,7,4,0.7816810822633944,2781.4133996274318,3338.4580000465166,557.0446004190849,0,22.31,0.45
1658,6,4,0.7261363157608934,2825.5340718008642,3318.802991375861,493.26891957499674,14.4,0,0
1659,6,4,0.35661413075395887,2661.831211579988,3134.587423901893,472.75621232190497,0,0.9,0.02
1660,6,4,0.4307604124429874,2550.271958978509,3204.694099848934,654.4221408704252,44.9,51.02,1.02
1661,7,4,0.9051895305402945,2668.4009074427668,3217.526034886852,549.1251274440851,1.7,40.03,0.8
1662,6,4,0.11302697265776337,2670.8502216107486,3034.141935923341,363.2917143125924,23.2,26.4,0.53
1663,5,4,0.16081289162822923,2868.9015374170285,3102.98535730829,234.08381989126156,0,0,0
1664,9,5,0.5778513718210984,2719.294210022132,3151.3427783204506,432.0485682983185,42.65,93.27,1.87
1665,6,5,0.15289863690207411,2830.726203353286,3135.739831559536,305.0136282062499,0,0,0
1666,6,4,0.2604303121629444,2741.435242773698,3199.2054853143372,457.7702425406392,0,0,0
1667,6,5,0.4642610156153823,2599.199134983574,3150.868797270662,551.6696622870882,9.15,41.68,0.83
1668,7,6,0.059126593709267844,2645.5765808513183,3330.493499641229,684.9169187899106,63.7,113.21,2.26
1669,6,5,0.260011982156695,2794.7804131918638,3175.778812190327,380.998398998463,9.25,33,0.66
1670,6,3,0.12834369851529168,2682.0422470307544,3147.4492391038007,465.40699207304624,35.9,54.65,1.09
1671,6,4,0.6797305540679606,2592.0761817048724,3176.523282973251,584.4471012683784,2.3,23.84,0.48
1672,8,5,0.427170706289475,2788.664128676921,3227.465479763293,438.80135108637205,30.3,80.95,1.62
1673,7,5,0.0028873584083118973,2647.0583382374334,3145.951785078188,498.8934468407547,38.7,43.22,0.86
1674,6,4,0.8552910354963407,2739.4591014409893,3313.192712838791,573.7336113978017,14.25,63.95,1.28
1675,5,3,0.12297288639721472,2812.494930954288,3239.3335335983816,426.8386026440935,0,0,0
1676,7,5,0.691499620439498,2730.8629849143167,3065.9141728577574,335.0511879434407,14.55,24.45,0.49
1677,5,3,0.45656895300581624,2743.4746952690357,3175.594070257049,432.11937498801353,54.35,68.99,1.38
1678,7,5,0.000659344981948778,2709.125363422046,3231.5737697853824,522.4484063633363,43.7,77.76,1.56
1679,7,6,0.04340933596459277,2771.2331517992657,3161.854203303477,390.6210515042112,50.7,161.21,3.22
1680,8,5,0.1264674004597137,2725.5369066745807,3144.7386876074015,419.20178093282084,0,30.42,0.61
1681,6,4,0.07727890939918175,2713.6108577417776,3213.472281903991,499.86142416221355,15.9,34.11,0.68
1682,7,4,1.1182466100396846,2707.2246530826337,3306.3691379148145,599.1444848321808,2,23.15,0.46
1683,8,5,0.6621361251122364,2707.952202283004,3075.2926866548464,367.3404843718422,13.55,75.71,1.51
1684,6,4,0.06698540002193669,2717.597942269139,3085.521680958582,367.92373868944287,47.4,43.81,0.88
1685,7,5,0.6399455239748266,2804.607752637813,3177.3678693844154,372.7601167466023,0,0,0
1686,6,4,1.0239714403887508,2728.694714842544,3149.472327776937,420.77761293439335,9.05,33.87,0.68
1687,6,4,0.6659732075967468,2641.394587495576,3061.661973450369,420.26738595479264,3.5,25.55,0.51
1688,6,5,0.18544336040905116,2760.7592593567224,3043.1101185985563,282.35085924183386,0,0,0
1689,7,5,0.693469470620797,2753.5128437352437,3022.6498712761954,269.13702754095175,16.85,70.45,1.41
1690,6,4,0.17893506388495528,2736.637114739165,3191.471424919911,454.8343101807459,39.55,59.51,1.19
1691,8,5,0.12665412953344524,2876.5290725347677,3096.502343748487,219.97327121371927,0,47.46,0.95
1692,7,4,0.036168847389045806,2647.786167701049,3127.62911164796,479.84294394691096,47.8,66.36,1.33
1693,7,5,0.07635833159791962,2823.758505346277,3084.258755203466,260.5002498571889,45.75,39.44,0.79
1694,7,4,0.057597204513380344,2798.018127701631,3455.5198056887552,657.5016779871244,4.25,10.97,0.22
1695,7,5,0.9190569802674112,2641.8840049680393,2981.8574452500625,339.97344028202315,0,0.49,0.01
1696,7,5,1.0975125275994975,2696.507157151125,2997.9939369896338,301.48677983850894,0,33.07,0.66
1697,7,4,0.009635702641059181,2806.1528538383177,3060.796314329033,254.64346049071537,35.75,63.89,1.28
1698,7,4,0.5724122722144152,2697.723968253876,3084.7769376091337,387.0529693552576,7.5,29.84,0.6
1699,9,7,0.3526735701486032,2790.45879465818,3121.312405404082,330.85361074590173,55,106.7,2.13
1700,8,6,0.11924036903002223,2711.2715378527305,3195.9721934688096,484.7006556160791,54.3,104.54,2.09
1701,8,5,0.03814415963956543,2872.798896356356,3170.3995867906206,297.6006904342644,50.65,62.89,1.26
1702,8,5,0.6029255927388835,2898.623400837046,3223.1028411689244,324.4794403318783,28.5,82.6,1.65
1703,6,3,0.5349434006815467,2756.0727090295522,3237.177387819594,481.1046787900418,0.85,49.8,1
1704,7,5,0.07539034801603249,2683.2642284742437,3135.4021502735172,452.1379217992735,27.55,49.63,0.99
1705,5,5,0.6316170753208333,2693.491191487211,3231.2366568044717,537.7454653172608,0,16.61,0.33
1706,7,4,0.16007073873402733,2908.7023726767943,3244.346550953213,335.64417827641864,8.15,36.2,0.72
1707,8,6,0.06609814672850554,2800.299653991251,3115.2737287373666,314.97407474611555,38.75,60.1,1.2
1708,8,7,0.15742444196691513,2753.6123251060535,3218.693245677341,465.0809205712876,12.95,42.96,0.86
1709,8,6,0.33954525858038875,2699.799741735259,3236.1584040976304,536.3586623623714,14.95,84,1.68
1710,7,5,0.44156675241898324,2710.6991270083986,3186.418136945472,475.7190099370732,0,0,0
1711,7,6,0.21992225782360858,2659.316222512416,3157.750412910051,498.4341903976351,48.2,104.24,2.08
1712,8,5,0.0013038513282638243,2650.3480761689443,3215.754608730104,565.4065325611596,18.35,52.72,1.05
1713,7,4,0.9171002445440848,2715.189263335359,3187.669578838819,472.4803155034597,0,56.49,1.13
1714,7,5,0.12202159409099744,2720.0138344402194,3177.0297482271562,457.01591378693684,0,0,0
1715,8,6,0.006424711233712407,2793.6654169237604,3264.788780115171,471.1233631914106,7.3,31.26,0.63
1716,7,5,0.28004056756141593,2680.931157603591,3155.3762435347153,474.44508593112414,33.3,60.07,1.2
1717,9,6,0.5598734138675153,2787.8125783626724,3074.9632873828245,287.15070902015214,12.95,63.32,1.27
1718,8,5,0.029828446098786997,2739.3825205477515,3158.8398847854955,419.45736423774406,54.15,48.87,0.98
1719,6,4,0.0034664597887042814,2728.275509812046,3158.9955010972108,430.7199912851647,24.25,5.99,0.12
1720,5,3,0.08267350517520641,2825.472536275239,3069.184629893019,243.71209361778028,0,0,0
1721,7,5,1.105050571614883,2700.532338542008,3003.6797369423825,303.14739840037464,28.3,126.06,2.52
1722,9,6,0.04146516241714441,2755.1121225483053,3200.244101605505,445.1319790571997,4.2,57.55,1.15
1723,6,4,0.8991137465518712,2633.2087491039115,3129.0991234542776,495.8903743503661,10.65,83.28,1.67
1724,6,4,0.12207668591235604,2807.3757765354267,3317.96132038866,510.5855438532335,54,52.3,1.05
1725,7,5,0.11967521251587253,2738.2972588995485,3119.5093110121206,381.2120521125721,33.3,91.55,1.83
1726,6,5,0.2968299534192972,2723.5127496646123,3093.34416545092,369.83141578630784,4.15,27.44,0.55
1727,6,4,0.22724278126619496,2775.421570706509,3065.6078864573938,290.18631575088466,0,0,0
1728,7,5,0.1021978450999808,2770.641696252163,3072.197747674432,301.55605142226887,9.25,10.93,0.22
1729,8,5,0.7202515269542984,2638.850800346543,3289.922409907963,651.0716095614198,14.25,45.03,0.9
1730,7,5,0.5127627252381984,2800.1130213568285,3180.0952940511706,379.9822726943421,16.6,94,1.88
1731,9,5,0.03356462959552,2665.4118341013077,3035.6077579321836,370.1959238308759,15.6,22.8,0.46
1732,8,5,0.025555879414599116,2791.969592040041,3186.359912706953,394.390320666912,23.85,49.54,0.99
1733,6,4,1.0419653966075233,2739.6889530023777,3202.1419997633934,462.4530467610157,0,15.7,0.31
1734,7,4,1.0408437423681947,2777.791066840695,3228.944886185632,451.15381934493735,0,8.9,0.18
1735,7,4,0.9161882351894223,2791.2553605504595,3002.288679006125,211.03331845566572,1.15,42.62,0.85
1736,5,4,0.5530142094313724,2672.145365872548,3199.890404047698,527.7450381751501,0,20.62,0.41
1737,6,4,0.2927949243978363,2805.615455770964,3260.831336077733,455.21588030676867,4.55,22.8,0.46
1738,7,4,0.14985998505961515,2800.189826071526,3157.060875718892,356.8710496473659,25.45,44.46,0.89
1739,8,5,0.1783812095446703,2773.5841582556222,3176.288236484446,402.7040782288236,20.85,68.33,1.37
1740,6,4,0.5793716039683237,2766.7222029936283,3129.4903859274004,362.7681829337721,0,6.86,0.14
1741,7,4,0.1393235266576459,2680.5031597927104,3129.154695546959,448.65153575424847,55.3,57.7,1.15
1742,6,3,0.26436706425259693,2766.1506617059003,3174.1158793554214,407.96521764952104,7.3,29.12,0.58
1743,7,5,0.97250012992108,2791.052576588891,3064.010810948414,272.958234359523,8.65,7.57,0.15
1744,7,4,0.037657092809605795,2766.1595585069895,3192.112202367816,425.95264386082636,19.2,20.64,0.41
1745,6,4,0.6135667517376948,2765.415615675901,3171.9405549006974,406.5249392247965,47.7,94.99,1.9
1746,7,5,0.2741467219388296,2661.139125989677,3065.718167242926,404.5790412532492,0,45.94,0.92
1747,9,7,1.0333138576079182,2893.1436714370952,3272.6249393707253,379.4812679336301,35.15,104.2,2.08
1748,7,5,0.06927116654870455,2838.337272811264,3129.1233462456025,290.7860734343385,17.1,100.3,2.01
1749,8,6,0.09688009207756863,2842.955446410357,3160.2658751078175,317.31042869746034,53.1,117.98,2.36
1750,5,3,0.06787234567684543,2757.870829152811,3079.6480171818494,321.77718802903837,33.45,62.26,1.25
1751,7,4,0.29476194819438495,2740.0774216598434,3184.4171010173995,444.3396793575562,16.05,0,0
1752,6,4,0.18281137059317656,2647.659051321094,3217.2012870047906,569.5422356836966,6.4,18.54,0.37
1753,7,5,0.8297776778832777,2806.607746181238,3204.7368261872994,398.1290800060615,0.9,15.84,0.32
1754,7,4,0.17921435870266308,2799.383098960144,3333.642707502665,534.2596085425212,41.8,56.08,1.12
1755,5,4,0.5093636571686226,2779.3055731564077,3144.7276172797265,365.42204412331876,0.75,0,0
1756,9,7,0.9098530685191567,2605.282588275812,3227.0330012319823,621.7504129561703,11.45,37.81,0.76
1757,7,6,0.11659146658613916,2724.069729903242,3056.214252531129,332.144522627887,40.65,79.34,1.59
1758,7,5,0.7658328615473449,2670.1539595389586,3224.0321009569993,553.8781414180407,33.15,99.78,2
1759,8,6,1.0836222702989247,2744.8322596886123,3071.996989357491,327.16472966887886,26,52.31,1.05
1760,8,6,0.295411609286738,2796.5224826501485,3151.3768821597955,354.854399509647,29.7,49.69,0.99
1761,8,5,0.22303571067400987,2770.7783144403616,3163.4693923029454,392.6910778625838,30.85,5.57,0.11
1762,8,5,0.3145142881678632,2826.2288494912896,3109.407162262768,283.17831277147843,0,0,0
1763,8,6,0.07473180686324792,2771.2377414107127,3088.0298778997235,316.7921364890108,0,21.84,0.44
1764,9,6,0.001324437219027805,2779.997865432112,3190.400714733805,410.4028493016931,37.75,205.88,4.12
1765,7,4,0.4025273694006659,2748.486373823472,3082.024566826298,333.53819300282566,14.35,45.68,0.91
1766,7,4,0.12856864580702151,2748.932220701733,3137.781193259391,388.8489725576578,37.4,75.59,1.51
1767,8,5,0.22857692298391472,2731.516042239702,3063.656917499966,332.1408752602638,0,0,0
1768,7,5,0.1348609575902873,2809.3545962188678,3051.6325349196513,242.27793870078358,5,48.97,0.98
1769,6,4,0.11069356178856783,2645.971740565272,3306.475959887969,660.5042193226973,31.05,77.41,1.55
1770,8,5,0.030787212592910222,2726.7917497794197,3019.6385172405253,292.8467674611056,19.65,56.5,1.13
1771,8,5,0.06463317094603714,2818.6286108718286,3124.4614468127147,305.83283594088607,2.25,11.46,0.23
1772,8,6,0.0034596166691074947,2945.4806178005406,3158.6787297471733,213.1981119466327,71.65,106.42,2.13
1773,6,6,0.23762609069884572,2717.468296637299,3150.2842736529437,432.8159770156449,22.4,34.72,0.69
1774,7,4,0.3213044735575946,2902.842694446206,3126.947907346521,224.10521290031465,0,16.14,0.32
1775,6,5,0.7195419032283584,2789.9861968142263,3179.962909203423,389.97671238919656,10.85,52.55,1.05
1776,8,6,0.3220551850306092,2555.2905020388057,2996.4816310273413,441.19112898853564,27.15,35.55,0.71
1777,7,5,0.7788091359361894,2764.0892556139097,3130.876081951505,366.78682633759536,25.25,12.66,0.25
1778,7,5,0.5747602326653161,2828.737203835615,3279.3993051324883,450.66210129687306,0,2.67,0.05
1779,7,5,0.02457316831570494,2745.277028197029,3110.66838456791,365.3913563708811,5.8,74,1.48
1780,5,4,0.02780617370904307,2759.9448692059095,3353.9047966771614,593.9599274712518,55,39.25,0.79
1781,7,4,0.5878808434438832,2688.9392933648587,3165.4536736564623,476.51438029160363,4.05,47.61,0.95
1782,6,3,0.18442839554099433,2659.563863993089,3074.636151232808,415.0722872397191,27.4,28.46,0.57
1783,6,5,0.015591363772495924,2761.2269574198463,3192.1756381332084,430.94868071336214,5.15,47.71,0.95
1784,8,6,0.8692325066627008,2660.9752500991694,3068.1461073278456,407.17085722867614,15.45,35.35,0.71
1785,9,7,0.15475252592612465,2776.6857531847236,3040.182153502119,263.49640031739546,11.2,56.43,1.13
1786,7,4,0.010349326337304558,2672.059481895143,3118.976990595143,446.91750869999987,0,13.7,0.27
1787,7,4,0.05508773206840844,2856.942884334543,3142.011872340144,285.06898800560066,0,0,0
1788,7,4,0.9282522729125908,2738.2462153647543,3152.591615543006,414.34540017825157,20.8,18.51,0.37
1789,6,5,0.0740992459560764,2679.2367181796044,3133.5712840736833,454.3345658940789,0,0,0
1790,7,5,0.11428215894973055,2754.5422063653787,3148.064404028154,393.5221976627754,51.1,59.47,1.19
1791,7,5,0.19102996340411227,2706.7346679782804,3095.3567511556876,388.62208317740715,16.75,7.54,0.15
1792,6,4,0.004717300934058176,2795.4461488446136,3057.568549263856,262.12240041924224,0,31.43,0.63
1793,8,6,0.010241952356428552,2816.3009835467124,3086.581377801121,270.28039425440875,20.3,144.55,2.89
1794,6,6,0.14830702497976034,2709.8181041975527,3224.4649251897886,514.6468209922359,2.7,23.3,0.47
1795,6,4,0.3515185364696763,2837.412248722256,3208.3732694532737,370.96102073101747,23.85,46.7,0.93
1796,6,4,0.3233537597762726,2760.802499455968,3072.114299268601,311.3117998126331,44.55,82.02,1.64
1797,8,6,0.03295200867599728,2664.3566628415924,3058.582541590634,394.2258787490414,76.1,133.92,2.68
1798,7,4,0.03266307233681166,2802.228718004947,3187.7667100338144,385.5379920288674,14.8,56.19,1.12
1799,7,5,0.062136777380820726,2671.9862765245934,3250.2259069210745,578.2396303964811,32.65,52.51,1.05
1800,7,5,0.3115177381473222,2819.153805095878,3233.5892555011583,414.43545040528033,25.35,5.71,0.11
1801,8,4,0.06213048191511468,2726.43941473994,3108.0065083657773,381.5670936258375,27.25,53.04,1.06
1802,7,6,0.18094346575741335,2713.804650693486,3064.9145704482544,351.10991975476827,38.65,45.16,0.9
1803,7,5,0.3478654389848149,2722.192819758616,3058.9363233474523,336.7435035888361,0,34.05,0.68
1804,8,6,0.1916703539804919,2641.5059311700766,3174.3522038350175,532.8462726649409,35.2,69.73,1.39
1805,6,6,0.2191689437920054,2623.3368681137686,3265.3042816661446,641.967413552376,33.05,71.59,1.43
1806,6,4,0.004040315749599833,2785.189792661702,3201.646973512864,416.45718085116187,58.45,116.72,2.33
1807,7,4,0.25700138084853374,2804.3189086132306,3134.769137838631,330.45022922540056,22,47.53,0.95
1808,8,5,0.28703319521996123,2694.0673384465276,3118.636353419822,424.56901497329454,0,28.43,0.57
1809,6,5,0.3585904966093692,2650.810455862826,3189.9172631748056,539.1068073119795,5.85,36.61,0.73
1810,6,4,0.03687482018080263,2753.2958439729696,3143.0217143304744,389.72587035750485,53.4,50.33,1.01
1811,7,6,0.8466815158030084,2759.125388930589,3061.413362999686,302.2879740690969,0,3.98,0.08
1812,6,4,0.4153877526886305,2802.3132021080623,3209.620112283751,407.3069101756887,0,0,0
1813,8,4,0.39819019490099083,2716.1238285113727,3113.149263060015,397.02543454864235,9.5,66.08,1.32
1814,7,4,0.1102083473949927,2785.5379556212024,3185.1952613745816,399.6573057533792,13.65,45.03,0.9
1815,6,4,0.6544635301419245,2723.249886211315,3238.401397089132,515.1515108778171,35.4,47.5,0.95
1816,7,4,0.20776778123485135,2788.311243600344,3152.1350831495283,363.8238395491844,0,0,0
1817,8,5,1.0271123691831916,2761.3314891834825,3133.8841882596957,372.55269907621323,26.35,28.8,0.58
1818,8,5,0.11636255395420379,2830.331037511693,3050.775431041898,220.44439353020516,5.6,25.66,0.51
1819,7,4,0.1700969436174101,2727.2941807252178,3115.9656480376752,388.6714673124575,32.7,55.3,1.11
1820,8,6,0.07239183895960667,2896.035686565613,3188.3433614667724,292.3076749011593,50.3,56.7,1.13
1821,8,6,0.46025339654517594,2854.1097015461482,3186.3143509736933,332.20464942754506,10.45,56.27,1.13
1822,8,5,0.0009713216240074834,2769.119426121239,3218.6539796021198,449.53455348088073,32.1,63.85,1.28
1823,7,7,0.22636983393502288,2792.916682745721,3218.7432824981493,425.82659975242814,17.2,71.75,1.43
1824,8,5,0.1874956706082119,2721.792608102212,3241.1726470752683,519.3800389730563,5.9,43.99,0.88
1825,9,7,0.08001207606374611,2870.4748700740206,3057.4685064535993,186.99363637957867,45.8,83.2,1.66
1826,6,3,0.0569594657231463,2796.152021534029,3165.004922330129,368.85290079610013,0,0,0
1827,7,4,0.1872927626524803,2713.468805524348,3177.6822399764383,464.21343445209004,0,0,0
1828,7,5,0.08733662900761455,2626.018776957281,3077.0668428730296,451.0480659157488,15.55,57.27,1.15
1829,8,5,0.07848545398310945,2724.6948475500726,3112.0504256474555,387.35557809738293,27.05,17.08,0.34
1830,6,5,0.09438097382228401,2723.261407604247,3153.8440077282926,430.5826001240457,48.15,46.62,0.93
1831,6,4,0.2776723092323976,2778.7288494863337,3141.8987799646666,363.16993047833284,1.75,16.96,0.34
1832,9,6,0.316230913543627,2652.4079207443897,3154.077382148814,501.6694614044245,4.1,31.54,0.63
1833,7,5,0.09292612707977294,2732.4638157296245,3249.1113537295378,516.6475379999133,0,18.93,0.38
1834,7,5,0.0006289285438899643,2798.1319713132634,3171.6074247178362,373.4754534045728,15.85,50.64,1.01
1835,7,5,0.8553816603469566,2900.3314305948766,3171.9705010876505,271.63907049277395,5.7,26.53,0.53
1836,6,4,0.4358564381864359,2617.8934402771815,3102.1772973484503,484.2838570712688,0,27.97,0.56
1837,8,6,0.3097142494047052,2729.7778335046037,3224.3268914384284,494.54905793382477,23.1,77.98,1.56
1838,7,5,0.23620351208013898,2779.382022447917,3037.0422177839005,257.66019533598364,0,13.79,0.28
1839,8,6,0.45299391568034586,2695.611554457754,3035.7498791943117,340.1383247365575,2.75,49.2,0.98
1840,6,5,0.05271403755613704,2848.285199442836,3161.433052583303,313.14785314046685,57.7,59.56,1.19
1841,8,5,0.10775193581634496,2701.6574373187345,3046.5334255175244,344.87598819878986,33.7,19.13,0.38
1842,7,4,1.0816286901903012,2784.827497895598,3173.8091760962056,388.9816782006078,11,27.2,0.54
1843,9,7,0.22716280966879004,2832.4411808940454,3142.565809320759,310.12462842671357,6.85,29.73,0.59
1844,6,4,0.06060118220770214,2743.768398958299,3167.593356591085,423.8249576327862,3.05,20.82,0.42
1845,6,5,0.1337859385957294,2757.6807575579573,3237.7837850930828,480.1030275351254,0,0,0
1846,7,4,0.23277342183500863,2790.9105703851,3162.7522946149684,371.8417242298683,8,53.21,1.06
1847,8,5,0.8949128168972666,2671.57325404162,3081.8807652349574,410.3075111933372,26.55,70.63,1.41
1848,7,5,0.06410696594963397,2767.9876927172613,3243.3529516817143,475.365258964453,59,147.11,2.94
1849,8,5,0.01763258924127607,2705.2782174944014,3161.8167127496117,456.53849525521036,32.2,58.97,1.18
1850,7,4,0.061055434979256314,2738.5676933627487,3158.7658658895593,420.1981725268106,33.1,43.8,0.88
1851,7,4,0.3598441612385787,2702.1216936229653,3101.357574021674,399.23588039870856,34.85,43.78,0.88
1852,8,7,0.07152865200898156,2659.7813880317585,3206.1379518104327,546.3565637786742,52.75,142.98,2.86
1853,9,8,0.05949487624404827,2679.2841043173903,3088.4229029348767,409.1387986174864,9.45,80.84,1.62
1854,7,5,0.1330396752032306,2664.485957915045,3282.062793842251,617.5768359272056,19.2,98.13,1.96
1855,8,6,0.05710177065815618,2806.5795535848065,3101.27421117848,294.6946575936736,0,0,0
1856,8,6,0.006493412906071633,2729.31158812248,3110.821373243416,381.50978512093616,0,36.24,0.72
1857,8,6,0.03463058523199984,2658.9370310490012,3183.668478671611,524.7314476226097,59.95,122.45,2.45
1858,8,5,0.11827600766352361,2685.611287103378,3186.7155987534193,501.1043116500414,58.8,83.65,1.67
1859,5,3,0.27462320763859155,2722.484969838513,3063.9746845077425,341.48971466922967,0,0,0
1860,9,7,0.16971901668444261,2769.6106790205176,3159.9403729217443,390.3296939012266,33.85,72.55,1.45
1861,6,5,0.4509730931983385,2716.3466786336026,3051.0637385125374,334.71705987893483,33.9,51.46,1.03
1862,7,4,0.18625288319602976,2740.110611517514,3265.5309496352975,525.4203381177836,0.8,35.18,0.7
1863,7,4,0.1891731538086538,2710.2178656764177,3119.1577082346153,408.9398425581976,12.7,49.53,0.99
1864,7,4,1.0944848038129324,2750.21865479863,3271.4654856536517,521.2468308550219,0,11.07,0.22
1865,5,4,0.859603794263308,2771.5802356742265,3089.406833799615,317.8265981253885,0,0,0
1866,7,5,0.10723502550752281,2780.0429053911903,3130.7466763359707,350.70377094478044,26.95,138.67,2.77
1867,6,3,0.2816415586558636,2702.2098347944316,3174.1292828828946,471.919448088463,0,0,0
1868,8,6,0.46566972516945215,2638.2208373526296,3127.1147486029736,488.893911250344,19.7,60.86,1.22
1869,7,5,0.2056310924493329,2747.2470038541933,3203.6235609542287,456.37655710003537,39.95,57.2,1.14
1870,7,4,0.33908503971413617,2735.8053024591923,3184.7545463654037,448.94924390621145,0,0,0
1871,7,6,0.011232240507006388,2787.832701316402,3107.514209109499,319.6815077930969,29.7,84.35,1.69
1872,7,5,0.6267641390868516,2570.6750656348518,3294.5863133961743,723.9112477613226,3.75,23.24,0.46
1873,5,4,0.1412099530333138,2715.241010790269,3234.8450200271527,519.6040092368839,0,0,0
1874,7,4,0.25084905241613703,2764.8937908748712,3135.4935123950986,370.5997215202274,0,0,0
1875,8,6,0.02758872526752125,2731.4448181674643,3161.8635598209803,430.418741653516,21.9,38.18,0.76
1876,6,4,0.12214113662274147,2724.3495945386057,3281.7983409525436,557.4487464139379,40.25,57.35,1.15
1877,8,5,0.22125292499574273,2496.1211192303945,2967.781111279731,471.6599920493363,55.55,106.12,2.12
1878,7,4,0.06264685386501483,2770.017949055751,3019.767604299862,249.74965524411073,34.7,60.82,1.22
1879,6,4,0.11792022523395775,2776.3718391062907,3251.048344781597,474.6765056753061,0,0,0
1880,7,5,0.023357988616687076,2815.0977138236494,3143.8797928077643,328.78207898411483,27.55,49.69,0.99
1881,8,5,0.4578139693667622,2740.493463920948,3110.628357672091,370.13489375114295,0,21.1,0.42
1882,6,4,0.039831222726660905,2660.261952822542,3132.895199094457,472.63324627191514,49.3,53.14,1.06
1883,5,5,1.068296319664289,2799.6042435747354,3163.217417958124,363.61317438338847,30.5,53.96,1.08
1884,8,6,0.12206341357879165,2567.4451609776506,3151.911888661949,584.4667276842983,0,24.07,0.48
1885,6,4,0.007425090009435261,2717.7699767318218,3141.3594073666172,423.58943063479546,55.25,54.48,1.09
1886,8,5,0.06210927747336919,2674.030010382159,3328.3451055783707,654.3150951962116,28.25,146.05,2.92
1887,6,4,0.13494808116697515,2768.6455080639407,3129.5401922346778,360.89468417073704,0,0,0
1888,8,6,0.9472471621895387,2641.0279733698044,3054.3056667702153,413.27769340041095,0.4,81.11,1.62
1889,9,5,0.2116210021822514,2620.1976265894473,3012.561546328049,392.3639197386019,8.55,13.17,0.26
1890,8,8,0.40384221545494775,2844.9241920029526,3254.4894298312365,409.5652378282839,13.95,50.63,1.01
1891,7,6,0.7163503407066919,2757.783011441824,3104.91412180697,347.131110365146,29.8,47.26,0.95
1892,6,4,0.3151454701999045,2775.6972542522917,2979.5655833680307,203.86832911573902,15.65,26.02,0.52
1893,7,4,0.17213344946796993,2827.748036014725,3262.6167811584783,434.86874514375313,15.85,0,0
1894,7,5,0.17951314610462216,2684.7066308273565,3039.9107201615507,355.2040893341941,0,0,0
1895,6,4,0.14183626139883376,2757.2131641938877,3194.7084834717493,437.49531927786165,6.05,46.34,0.93
1896,7,6,0.1672966463463891,2708.6702540213937,3015.2615007919935,306.5912467705998,17.6,49.05,0.98
1897,6,5,0.7402428434930675,2880.3101753360515,3139.115984452744,258.80580911669267,29.2,50.89,1.02
1898,6,4,0.16676272412966736,2650.2666875084697,3265.5018979787283,615.2352104702586,3.55,23.08,0.46
1899,8,5,0.15898149374982098,2873.2087752795996,3200.637483295095,327.42870801549543,23.6,18.45,0.37
1900,10,7,0.11826961163850792,2718.477591715352,3038.752692171665,320.2751004563129,7.1,86.76,1.73
1901,6,4,0.2384075557439843,2725.207150198121,3113.6519192136375,388.4447690155166,0,8.49,0.17
1902,7,5,0.15898095976147605,2811.4710934683403,3203.5798761220112,392.1087826536709,35.15,25.32,0.51
1903,6,4,1.0748042496408343,2905.582073570788,3167.8439756533776,262.2619020825896,32.85,54.25,1.09
1904,6,3,0.7734321553991259,2748.230820598235,3069.5871030882026,321.3562824899677,0,0,0
1905,8,6,0.05823669295915295,2739.4755250420894,3126.2426308110016,386.7671057689122,56.55,55.76,1.12
1906,9,6,0.22835625864853665,2726.567786448345,3282.145990774991,555.5782043266458,31.4,50.58,1.01
1907,7,4,0.2603486005502568,2708.4400509513393,3167.7796268749844,459.33957592364504,40.95,94.44,1.89
1908,8,6,0.16296020953423376,2841.404507043931,3443.0776475508846,601.6731405069536,19.55,69.07,1.38
1909,8,7,0.22162561154370933,2888.185006692132,3139.2141263299814,251.02911963784936,8.8,84.91,1.7
1910,7,4,0.05355906109154,2746.158979038675,3158.781669951625,412.62269091295,0,0,0
1911,6,5,0.15712673330161275,2808.3794504236707,3224.6285339154238,416.249083491753,7.95,30.54,0.61
1912,7,5,0.07277625568478376,2770.7187667880385,3173.400708828362,402.6819420403235,0,32.31,0.65
1913,7,5,0.10192089785691277,2721.248733311864,3064.8070127539745,343.5582794421107,34.9,60.97,1.22
1914,6,4,0.10919128066916378,2764.464307772979,3214.2065110817193,449.7422033087405,9.95,26.56,0.53
1915,8,5,0.07907169606473716,2700.804407092933,3114.082684582048,413.27827748911477,35.7,46.88,0.94
1916,8,6,0.08199864013054234,2871.183959825287,3126.576992420643,255.3930325953561,34.75,49.74,0.99
1917,7,5,0.6215155369790285,2675.8570132935947,3178.1392672595694,502.28225396597463,7.35,29.98,0.6
1918,5,3,0.034741666463818356,2784.5674371541113,3205.253934542242,420.68649738813065,0,0,0
1919,7,5,0.0638444851753937,2786.15050559556,3214.924131380096,428.77362578453585,6.9,25.89,0.52
1920,7,4,0.8484757378016294,2774.6458534789167,3181.4854773936745,406.8396239147578,2.4,17.72,0.35
1921,7,4,0.8444913432475895,2676.819384793722,3137.0890659244087,460.2696811306869,0,0,0
1922,6,4,0.10987979154757051,2811.898553941648,3172.509766265927,360.61121232427877,8.4,0.75,0.01
1923,7,5,0.3199479801968887,2802.4845995674523,3245.741204916054,443.2566053486016,0,0,0
1924,7,4,0.10844333079988419,2746.3453837613656,3093.682619324135,347.33723556276937,0,0,0
1925,7,6,0.07688673264115507,2885.5485071137246,3097.5796380998104,212.03113098608583,24.8,62.24,1.24
1926,7,4,0.1251214706551948,2857.542017501616,3242.8194209980984,385.2774034964823,14.35,11.07,0.22
1927,6,4,0.01820377877660775,2844.6865852486144,3240.7910366885535,396.1044514399391,0,44.88,0.9
1928,6,4,0.7608374793622888,2666.286500190547,3221.9687398538417,555.6822396632947,28,42.56,0.85
1929,6,4,0.31966331739647047,2754.949141566982,3199.957731456999,445.00858989001745,11.65,39.58,0.79
1930,9,6,0.01901372174517783,2598.7377679521787,3036.3124825739137,437.574714621735,26.8,0,0
1931,6,3,0.9340348732801279,2725.587591899726,3132.9854905909697,407.3978986912439,0,0,0
1932,6,5,0.7643422827180772,2775.020914156171,3241.7585266466244,466.73761249045356,0,0,0
1933,8,6,0.0171140016029791,2724.39969165407,3136.111712976533,411.712021322463,2,79.39,1.59
1934,7,4,0.09395046578415374,2707.614599998435,3152.147826951313,444.53322695287807,21.25,47.56,0.95
1935,6,5,0.9090378593015574,2818.1938161355693,3085.433800766078,267.23998463050884,16.5,33.71,0.67
1936,9,6,0.1247824823980062,2619.815642328379,3115.3714964037613,495.5558540753823,62.35,135.32,2.71
1937,6,6,0.8400849698646039,2754.6119660978725,3192.0406055550075,437.428639457135,5.85,55.06,1.1
1938,8,5,0.9032834633387814,2735.834374128389,3120.154378396073,384.320004267684,1.95,24.85,0.5
1939,7,5,0.1351506329217082,2874.153981970937,3231.9726062096283,357.8186242386914,0,0.15,0
1940,7,5,0.6501460431753696,2731.511706352641,3159.9941679822573,428.4824616296164,0.6,23.53,0.47
1941,7,6,0.014210398103842023,2791.908184010748,3135.692020908159,343.7838368974112,23.3,49.54,0.99
1942,7,4,0.035307919805427385,2891.319375693801,3225.684363678446,334.36498798464527,45.9,98.33,1.97
1943,6,5,0.8233123413386227,2920.1766818518054,3179.780703789602,259.60402193779646,0,3.69,0.07
1944,8,5,0.07561452142045294,2727.9788535638954,3137.082298347109,409.1034447832135,47.7,66.28,1.33
1945,7,5,0.22119608585487135,2732.728314245883,3037.795231253493,305.06691700760985,50.6,51.68,1.03
1946,6,4,0.5252849147651295,2585.174489674187,3250.291323517229,665.1168338430421,32.2,40.91,0.82
1947,7,4,0.9264471964328181,2791.724624071885,3355.063089912405,563.3384658405198,0.55,15.2,0.3
1948,6,4,0.03087296056719573,2682.733023367547,3271.2057045475394,588.4726811799924,29,70.93,1.42
1949,7,5,0.17540636673898255,2782.392950323482,3288.5086974495803,506.1157471260981,11.7,4.06,0.08
1950,7,4,0.22986237713284105,2706.797866118633,3156.003299570043,449.20543345141004,0,4.29,0.09
1951,7,5,0.04148008114810192,2806.3632343546433,3138.1874610380232,331.82422668337995,35.1,33.57,0.67
1952,7,5,0.7319799280898511,2729.352491379036,3183.9316213042384,454.5791299252023,0,20.37,0.41
1953,7,5,1.0908476443886175,2588.8880593419785,3060.535177537867,471.64711819588865,7.6,49.14,0.98
1954,6,4,0.07175967942720993,2642.200876065464,3092.515364486609,450.31448842114514,0,0,0
1955,8,7,0.1661355132465136,2686.1105464250704,3092.0392055386474,405.92865911357694,54,112.15,2.24
1956,7,5,0.21961807416773044,2681.0938140746257,3202.2249622329414,521.1311481583157,32.55,55.03,1.1
1957,7,4,0.034830958025410454,2781.246192766802,3244.159089293932,462.9128965271302,4.35,48.1,0.96
1958,5,4,0.2340105683782115,2651.0680643278088,3142.4868584735827,491.418794145774,0,0,0
1959,7,5,0.8224823836678095,2649.58979252131,3195.1516680922923,545.5618755709825,0,21.98,0.44
1960,7,4,0.6815092655641162,2688.6183997262474,3126.874383120342,438.2559833940945,28.95,83.6,1.67
1961,7,5,0.29555789426906903,2763.3927531101804,3197.377146387658,433.98439327747747,67.45,123.11,2.46
1962,8,6,0.0667730311420634,2754.429819134788,3257.752834625115,503.3230154903272,60.4,119.73,2.39
1963,5,4,0.7714219470858507,2718.4263747093655,3180.901470611137,462.4750959017715,8.4,72.14,1.44
1964,8,6,0.6428610360294119,2716.4968930471837,3085.1291781865184,368.6322851393347,3.6,24.08,0.48
1965,6,4,0.2200094561693471,2813.8395894169835,3105.9268189798304,292.0872295628469,25.5,11.85,0.24
1966,7,4,1.0800545275181952,2778.270215973789,3191.641767491918,413.37155151812885,0,27.88,0.56
1967,7,4,0.034710632785490726,2808.0655164546774,3105.190007720497,297.1244912658194,0,26.39,0.53
1968,7,5,0.5671702820526949,2772.217364862779,3048.437671100564,276.2203062377848,7.5,72.45,1.45
1969,6,5,0.08319924670099453,2690.624924282845,3073.861831380182,383.2369070973373,27.7,59.03,1.18
1970,8,6,0.36498952044306154,2738.3536328112177,3138.7064003895784,400.3527675783607,7,100.9,2.02
1971,7,4,0.2604265078410475,2799.3149783458152,3151.203178516892,351.88820017107673,0,10.89,0.22
1972,8,6,0.7061474237752112,2851.7214434059333,3254.9365954791974,403.2151520732641,6.95,28.92,0.58
1973,7,4,0.14647853188435941,2809.985504625322,3191.3810938136644,381.39558918834246,2.05,17.51,0.35
1974,8,5,0.04127617162284991,2795.6324076607966,3233.067978285552,437.4355706247552,34.25,88.38,1.77
1975,6,3,0.8101614538355626,2817.3900803145143,3182.7965147593018,365.40643444478746,0,0,0
1976,7,4,0.45397015242398836,2804.3342045200875,3293.3308904096407,488.9966858895532,11.35,39.84,0.8
1977,9,5,0.0849617498964002,2835.2251390270753,3133.7136693678044,298.4885303407291,46.95,78.95,1.58
1978,6,4,0.21036889159709782,2722.527512882568,3242.4890133875438,519.9615005049759,0,11.28,0.23
1979,6,4,0.8679179679835668,2612.1026696643444,3078.250233955178,466.14756429083354,0,0,0
1980,6,4,0.30301152205293197,2683.112567324813,3144.9578216295263,461.8452543047133,43.65,44.38,0.89
1981,7,5,0.43415949287880423,2751.3159200366226,3239.5226584807237,488.2067384441011,0,47.22,0.94
1982,5,4,0.39193198894785947,2783.3312636182736,3078.8189465721166,295.487682953843,8.8,34.61,0.69
1983,6,5,0.7117218025715994,2517.5768199035283,3096.667196127443,579.0903762239145,0,15.35,0.31
1984,7,4,0.05761456080128913,2750.2409362886583,3140.496195022475,390.25525873381685,8.95,61.37,1.23
1985,6,4,0.14170363623077978,2789.1306511969783,3225.713467772707,436.5828165757289,8.3,33.31,0.67
1986,6,4,0.38602844392956254,2691.083055210687,3099.09420275534,408.01114754465334,0,0,0
1987,8,4,0.6523161679189324,2790.263508844915,3151.253945276768,360.9904364318527,0,0,0
1988,8,5,0.19787075206713306,2772.8206444741154,3164.375936713808,391.5552922396928,45.75,104.09,2.08
1989,7,4,0.2664918230286781,2776.0577085091395,3141.8464054194974,365.7886969103579,18.15,0,0
1990,7,4,0.7641157586986118,2762.828574761856,3079.0880058218754,316.2594310600193,0,24.68,0.49
1991,6,4,0.06690553777388841,2716.377171979629,3112.541260078486,396.16408809885706,40.5,60.28,1.21
1992,8,5,0.17220741322432487,2748.140083400865,3193.735340869033,445.5952574681678,44.45,61.85,1.24
1993,8,7,0.01704671333980542,2689.7819041822695,3138.752799629819,448.97089544754954,29.45,98.31,1.97
1994,7,4,0.0049997649982118945,2640.967582747806,3035.138244648251,394.17066190044534,44.4,48.36,0.97
1995,7,4,0.09040343227613401,2788.642839833871,3258.232001471008,469.58916163713684,0,30.82,0.62
1996,7,4,0.22690552761124752,2779.444529247215,3117.704991784059,338.260462536844,0,6.88,0.14
1997,7,6,0.12676726741722535,2648.383328007913,3157.949952469129,509.5666244612162,52.4,111.08,2.22
1998,6,5,0.4637741315752456,2674.333964138223,3115.8040385601116,441.4700744218885,0,29.68,0.59
1999,6,5,1.0672602215290807,2722.8312797446692,3218.1466891256623,495.31540938099306,30.2,49.5,0.99
2000,7,4,0.7681161718549028,2678.960086480583,3199.226510656951,520.2664241763682,33.85,74.48,1.49
2001,6,4,0.008527950447672673,2816.6706863539816,3068.1379203764704,251.4672340224888,0,0,0
2002,5,3,0.4252125983164098,2700.7895553051103,3201.7498306201537,500.9602753150434,11.6,23.87,0.48
2003,8,5,0.006688770329444835,2768.5595366553944,3160.245529268814,391.6859926134198,24.25,115.63,2.31
2004,6,4,0.8270760134011333,2729.322528892565,2996.7582756112947,267.43574671872966,10.7,38.72,0.77
2005,6,4,1.0744655765579754,2759.2941332685314,3250.7032294664737,491.4090961979423,0,16.91,0.34
2006,7,4,0.11581789075630085,2801.060110111639,3122.851161505039,321.7910513933998,4.45,3.76,0.08
2007,7,4,0.2920668405470823,2767.2614211649106,3187.3328555021276,420.07143433721694,27.15,45.45,0.91
2008,6,4,0.2884328634247368,2746.544862726367,3141.930570683642,395.3857079572754,2,6.1,0.12
2009,7,6,1.0869804882302736,2730.210125370097,3158.2053009539004,427.9951755838033,0,1.75,0.03
2010,6,4,0.22132661951390045,2770.67465420828,3223.1883900994385,452.5137358911584,8,39.17,0.78
2011,9,7,0.047723063030480316,2769.5475095394436,3030.509796936137,260.9622873966932,49.95,192.02,3.84
2012,6,5,0.7839269881159159,2679.1908418972625,3149.893014730865,470.7021728336026,8.15,31.23,0.62
2013,6,4,0.49044176641475995,2776.413426751745,3174.362751638241,397.949324886496,13.05,28.88,0.58
2014,4,4,0.7481848845256662,2637.2433076574057,3269.7817494348446,632.538441777439,5,26.94,0.54
2015,7,5,0.037801400822400966,2732.27705526609,3119.075877262947,386.798821996857,17.1,50.67,1.01
2016,7,5,0.31366835916155633,2602.2539796706938,3217.772283113281,615.5183034425872,11.4,32.62,0.65
2017,8,5,0.08237799622488988,2826.465101631741,3134.435152908665,307.97005127692364,33.5,61.39,1.23
2018,6,4,0.28972779633295903,2779.1414814320087,3246.9757138097225,467.83423237771376,0,0,0
2019,7,4,0.19961207095324218,2816.7898406706495,3039.4894733871124,222.69963271646293,45.8,113.47,2.27
2020,7,7,1.072017682982715,2790.4743472334308,3175.4203027279545,384.9459554945238,52.3,144.16,2.88
2021,8,4,0.24899571387806632,2790.97430008058,3049.5491023893637,258.57480230878355,45.05,124.08,2.48
2022,8,5,0.11825066258604912,2772.479066565103,3187.4844075032397,415.00534093813667,41.15,42.62,0.85
2023,9,6,0.1888230648453871,2802.199741136653,3197.562571170877,395.3628300342243,0,33.45,0.67
2024,7,4,0.07460142158549693,2824.2092413797905,3149.989213044383,325.7799716645927,37.85,57.99,1.16
2025,8,6,0.1055265265277221,2697.6617767970915,3173.3037364591714,475.6419596620799,28.9,51.2,1.02
2026,6,5,0.6126730710574403,2763.6653374490434,3220.052216738167,456.3868792891235,36.35,73.17,1.46
2027,8,5,0.9623889897470513,2746.925627630542,3203.8237065680423,456.8980789375005,14.3,72.39,1.45
2028,7,4,0.35579836265499815,2706.251940912159,3191.2506789309546,484.9987380187954,0,0,0
2029,7,5,0.09655902457868204,2867.8402775945774,3233.420025548392,365.5797479538146,0,0,0
2030,8,5,0.29912193837367096,2773.6819969231274,3185.653724327044,411.9717274039167,13.8,52.47,1.05
2031,7,6,0.08258066429602828,2777.6161387443863,3194.3737576075987,416.75761886321243,70.25,117.85,2.36
2032,7,4,0.976623135764625,2802.1387312905877,3181.3702846397314,379.2315533491437,0,20.19,0.4
2033,7,5,0.26556540508085186,2832.2721845251876,3218.99491656886,386.7227320436723,7.15,33.53,0.67
2034,8,8,0.16888296073192471,2861.314539292588,3325.8543218826635,464.53978259007545,15.1,105.09,2.1
2035,7,5,0.1422280534444061,2824.998784037613,3173.5768454789572,348.5780614413443,9.65,42.33,0.85
2036,7,6,0.07671402638325125,2729.6677557657235,3173.936309147987,444.26855338226324,0,0,0
2037,7,5,0.5291648932143344,2858.9735530042713,3016.6298993293817,157.65634632511046,8.9,75.66,1.51
2038,6,4,0.28047134013309183,2700.100836072089,3112.5799074586007,412.4790713865118,2.5,37.9,0.76
2039,7,4,0.264168780273144,2743.4981684422837,3100.80923585487,357.31106741258645,0,8.68,0.17
2040,8,5,0.30255707550706296,2716.35234856327,3266.849096914278,550.4967483510081,0,19.73,0.39
2041,7,5,0.08100035638056467,2902.312269579723,3025.184917473238,122.87264789351502,24.8,23.46,0.47
2042,7,4,0.12792324092701227,2922.6422366090446,3253.415855646016,330.77361903697147,79.7,145.44,2.91
2043,6,4,0.5021857606989689,2678.4234053045498,3169.683452160579,491.260046856029,0,0,0
2044,7,5,0.02473807035357971,2744.1566654192266,3275.078055870268,530.9213904510416,66.55,135.73,2.71
2045,7,5,0.3030090710743832,2727.0637412691913,3151.1124561829106,424.0487149137193,34.35,65.93,1.32
2046,7,4,0.041000505197590076,2755.334197768225,3192.6003304397477,437.2661326715229,0,0,0
2047,6,3,0.6531267635765805,2804.3556348648485,3058.0554046533216,253.69976978847308,26.05,69.55,1.39
2048,7,6,0.3975479163541896,2691.470687991407,3092.7147225193858,401.2440345279788,0,2.82,0.06
2049,7,5,0.13927605707064997,2823.9096994423767,3177.706276108971,353.7965766665943,41.5,44.09,0.88
2050,6,4,0.1980743994496716,2784.962029472136,3168.6685815447063,383.7065520725705,0,0,0
2051,7,4,0.018793319552513236,2718.28090070874,3035.071779743182,316.79087903444224,8.05,33.26,0.67
2052,8,5,0.03720257636832398,2682.8855528852305,3246.462276062221,563.5767231769905,43.55,88.61,1.77
2053,6,4,0.37105612482584427,2823.9830895701716,3286.0362995856563,462.05321001548464,14.05,59.71,1.19
2054,6,4,0.11356752682226062,2552.4104136852725,3149.323500425095,596.9130867398226,7.3,74.74,1.49
2055,8,5,0.2706339982132969,2771.8871081518478,3066.2470335922103,294.35992544036253,49.1,92.87,1.86
2056,7,5,0.06122308675951879,2800.521877539978,3253.4746531084384,452.9527755684603,30.2,86.91,1.74
2057,6,4,0.05487420807656723,2744.0535193309624,3014.2501416937125,270.1966223627501,44.45,46.31,0.93
2058,6,4,0.5367410900372969,2627.237827470256,3173.2389110186905,546.0010835484345,0,26.61,0.53
2059,6,3,0.9843201666538924,2693.2831638794905,3140.7178130131433,447.4346491336528,0,0,0
2060,6,5,1.0432883250179583,2779.3687897509553,3154.707264007731,375.3384742567755,6.5,78.21,1.56
2061,8,5,0.24694108903894732,2639.2993093909063,3013.245656929472,373.94634753856553,28.05,65.29,1.31
2062,10,5,0.6006793334303282,2748.447233839044,3138.021616538558,389.574382699514,6.25,69.47,1.39
2063,7,6,0.16827448063316497,2739.459109181467,3322.570693132834,583.1115839513673,22.5,47.5,0.95
2064,8,6,0.1265178106440403,2677.978595877818,3107.681043188915,429.7024473110969,11.75,54.93,1.1
2065,7,5,0.033196168981199536,2733.329963236325,3178.4605551412164,445.1305919048914,42.8,57.4,1.15
2066,8,5,0.019227991308763036,2731.285877661397,3194.1304575346276,462.8445798732305,0,7.27,0.15
2067,9,5,0.2619752374609771,2797.8932749332953,3123.3666198982382,325.47334496494295,18.95,60.4,1.21
2068,7,4,0.3025250150232414,2779.8062732685994,3089.9099293578465,310.1036560892471,12.55,57.17,1.14
2069,7,4,0.08742113782858578,2809.4707359679014,3050.885235650495,241.4144996825935,0,44.45,0.89
2070,7,4,0.07738305161144592,2823.523309393481,3192.3872034747124,368.86389408123114,20.9,0,0
2071,6,4,0.0257040321871811,2722.3237632222003,3157.7584525104035,435.4346892882031,0,7.67,0.15
2072,8,8,0.020370084036485207,2754.1929416315843,3154.0931282752595,399.90018664367517,58,204.95,4.1
2073,7,4,0.3260983853582448,2731.728811574102,3210.695363657168,478.96655208306584,8.95,35.51,0.71
2074,7,4,0.1643937351510458,2682.7965226337105,3179.5330957716556,496.736573137945,53.05,108.37,2.17
2075,7,5,0.7785350568402759,2857.4899077922046,3226.4726278535622,368.98272006135767,0,39.39,0.79
2076,6,4,0.7023663385584341,2735.138676306808,3212.0664130391833,476.92773673237525,25,46.58,0.93
2077,5,4,1.1131752819182181,2570.0059715087464,3036.527043797436,466.52107228868954,11.05,25.77,0.52
2078,6,5,0.16094546183364972,2691.242620838835,3170.553053316636,479.310432477801,21.3,4.29,0.09
2079,9,5,0.1934792522878085,2773.684262036828,3128.82563955754,355.141377520712,12.35,81.34,1.63
2080,9,6,0.047799758437484303,2772.1791525149843,3095.978788495296,323.7996359803119,0,28.88,0.58
2081,6,3,0.046179336047292435,2735.241692645642,3256.0961028204847,520.8544101748425,0,0,0
2082,8,5,0.5013503995212923,2793.97816152123,3099.4400892911976,305.4619277699676,5.8,25.04,0.5
2083,6,4,0.15177054336137005,2725.7205017533165,3174.107032532172,448.38653077885556,38.35,51.66,1.03
2084,8,6,0.33958167470442163,2869.4291496825044,3089.593265064275,220.16411538177044,25.6,65.56,1.31
2085,5,5,0.87681895584938,2675.3459928607513,3182.8317057259155,507.48571286516426,8.6,85.85,1.72
2086,6,4,0.050009815999277354,2672.792089546411,3236.068594213617,563.2765046672062,36.75,52.75,1.05
2087,7,4,0.0024567379047171147,2680.100329959762,3134.6066582304243,454.5063282706624,30.5,67.06,1.34
2088,7,5,0.5914079298290108,2756.6211106151927,3262.6946988624204,506.0735882472277,28.25,72.3,1.45
2089,8,5,0.009652876533020683,2748.2639184745694,3108.5956074394508,360.3316889648813,41.75,128.92,2.58
2090,7,6,0.6524548654282863,2689.4640203831023,3203.1836697099798,513.7196493268775,15.45,79.71,1.59
2091,7,4,0.16664894588052953,2763.361267620832,3133.527794976724,370.16652735589196,8.35,26.36,0.53
2092,6,4,0.9335629626756526,2666.8365600460133,3215.6780565187482,548.8414964727349,15.55,88.16,1.76
2093,9,8,0.09741156737290806,2618.1558338604455,3119.20405916329,501.04822530284446,45.4,264.61,5.29
2094,8,5,0.3083060417357431,2850.2158438225474,3067.425154473513,217.20931065096556,21.5,33.96,0.68
2095,8,5,0.22900042552028482,2741.039131574845,3147.4951932792333,406.45606170438805,39,65.58,1.31
2096,8,5,0.2273711669403603,2587.356571650567,3128.746857775397,541.3902861248303,6.45,67.8,1.36
2097,5,4,0.030273822263221953,2586.8432814079656,3112.8651858457797,526.0219044378141,20.65,47.01,0.94
2098,7,4,0.5815818076986645,2774.995684551721,3159.1492420652494,384.15355751352854,14.4,47.58,0.95
2099,6,4,0.20038110387800073,2684.7344444355194,3076.6609869186855,391.92654248316603,0,0,0
2100,7,4,0.2625718387376114,2737.5445828219154,3118.132291868063,380.58770904614767,10.55,36.33,0.73
2101,8,5,0.09545942254135446,2809.18191424192,3115.1023203780246,305.9204061361047,5.35,32.47,0.65
2102,8,5,0.5121430147596424,2811.3931721701306,3259.799682654634,448.40651048450354,2,19.98,0.4
2103,6,5,0.9810375476794573,2706.574298610676,3141.4840439872173,434.9097453765412,29.35,60.74,1.21
2104,6,5,0.5505639494890512,2802.116169531627,3139.5761377009576,337.45996816933075,11.5,37.08,0.74
2105,6,4,0.34869778990268685,2620.3545462284574,3156.8940408520684,536.5394946236111,4.45,41.13,0.82
2106,8,5,0.507497205095274,2641.6393518762925,3238.869733195744,597.2303813194517,0,0,0
2107,6,5,0.3142354015071631,2691.8332671363455,3176.767506444309,484.9342393079637,6.7,43.74,0.87
2108,5,3,0.17927791329687803,2751.838858160525,3091.9821482597285,340.14329009920357,10.2,59.41,1.19
2109,7,4,0.0028384782791113197,2672.8965877038854,3113.8313924744334,440.934804770548,47.65,94.93,1.9
2110,7,6,0.6587647650472485,2815.7945459701455,3232.75663972191,416.9620937517643,42.95,115.98,2.32
2111,8,5,0.12692053132065445,2843.770027802931,3117.3689108522467,273.59888304931565,0,0,0
2112,6,4,0.02312360172685433,2735.278153938444,3073.993479625006,338.71532568656175,34.9,79.3,1.59
2113,6,5,0.09041686672658317,2837.9712420569335,3266.2470283278813,428.2757862709477,0,37.74,0.75
2114,7,6,0.030384411649526023,2771.389146212399,3302.4490849560775,531.0599387436787,36.9,122.27,2.45
2115,8,7,0.002847454452663212,2905.033578562752,3305.611933015572,400.5783544528199,81.25,140.79,2.82
2116,7,4,0.32665701840856753,2750.6872293504325,3080.5349767645957,329.8477474141632,0,9.01,0.18
2117,7,4,0.5500708815309582,2798.0543966340024,3161.501909326177,363.44751269217477,0,0,0
2118,5,4,0.09631645747198378,2787.9331190984153,3102.1654003371464,314.23228123873105,0,0,0
2119,6,4,0.17552647321301695,2674.903014614867,3210.0793171898163,535.1763025749492,6.8,0,0
2120,7,4,0.4632612896637593,2765.3190369825543,3136.0781593385254,370.75912235597116,3.4,27.95,0.56
2121,6,4,0.4582327611574599,2934.021562247111,3326.4745960266864,392.45303377957543,0,0,0
2122,7,5,0.06090973909597186,2694.5891055446173,3024.856149858296,330.2670443136785,0,25.97,0.52
2123,7,4,0.19623627518521575,2740.82209391273,3157.2603689716425,416.4382750589125,2.35,38.63,0.77
2124,8,7,0.20830755925637306,2699.78094740326,3130.271360321322,430.4904129180618,30.4,83.39,1.67
2125,7,4,0.5335310933162131,2784.8880434404996,3046.3860492517506,261.498005811251,9.9,41.74,0.83
2126,7,4,0.09581705199897432,2794.638041387681,3221.184965830171,426.5469244424903,25.35,60.79,1.22
2127,6,4,0.5115978035992376,2767.499994973794,3192.300923931482,424.80092895768803,0,33.04,0.66
2128,6,4,0.0053481398175978054,2675.494125434078,3231.1140156050938,555.6198901710159,8.9,0,0
2129,9,7,0.6123980400533916,2739.6626103561275,3187.3740701891975,447.71145983306997,19.95,103.04,2.06
2130,6,4,0.9009718169554338,2628.583165358086,3106.118610210464,477.5354448523781,0,14.04,0.28
2131,6,5,0.04058833398517726,2666.6467030520453,3179.3247197182523,512.678016666207,0,0,0
2132,8,6,0.1913997246587048,2540.532526865251,3145.4057044573797,604.8731775921287,36.8,107.21,2.14
2133,7,5,0.338162357406836,2663.326313024505,3198.4668255612833,535.1405125367783,1.55,24.01,0.48
2134,7,4,1.0016000266153013,2742.2590628936277,3083.454572170391,341.19550927676346,0,0,0
2135,7,5,0.5291659713954046,2739.0234955109922,3107.7824986938276,368.7590031828354,0,25.12,0.5
2136,7,5,0.640497082050236,2651.4210683429737,3180.974279728642,529.5532113856684,51.7,167.82,3.36
2137,10,7,0.019266009962908004,2673.9552801682307,3117.302782926789,443.3475027585582,33.1,87.52,1.75
2138,6,4,0.03033096422080931,2850.80325732222,3013.771794215683,162.9685368934629,0,10.57,0.21
2139,7,5,0.9131340899577612,2736.37844006036,3200.542945513453,464.16450545309317,25.55,56.52,1.13
2140,5,4,0.8227009235426966,2689.32125769566,3177.0211797234197,487.69992202775984,0,0,0
2141,8,7,0.035360523417462354,2651.0733815239014,3236.9370095678673,585.863628043966,36.55,52.89,1.06
2142,8,7,0.13453614455115645,2859.442141920244,3190.3151419123064,330.87299999206243,49.25,167.02,3.34
2143,6,5,0.5969128714631673,2737.157948852791,3125.7580249185476,388.60007606575664,2.25,47.34,0.95
2144,8,6,0.7129354476387382,2561.4809338691407,3121.2707896161633,559.7898557470226,17,75.86,1.52
2145,6,4,0.08944129272212732,2803.026911856466,3108.5245965743015,305.49768471783545,35.85,47.92,0.96
2146,7,5,0.2179070821344147,2657.808314208368,3063.4025132757024,405.59419906733456,1.5,22.02,0.44
2147,6,4,0.8050665228504732,2787.841196245219,3163.699507426729,375.85831118150963,0,0,0
2148,7,4,0.11894711400686435,2722.421545972601,3085.1305237063875,362.70897773378647,0,16.28,0.33
2149,6,5,0.88272184108324,2676.6773368198315,3143.977248966625,467.29991214679376,2.8,22.36,0.45
2150,5,4,0.06242542374173704,2808.464478511414,3273.7866725587182,465.32219404730404,15,25.92,0.52
2151,7,5,0.015797695159351005,2619.622708135206,3213.635600062754,594.012891927548,0,35.85,0.72
2152,7,5,0.20148235291919311,2666.907580238468,3216.3985974368375,549.4910171983693,27.05,52,1.04
2153,9,6,0.04579438060856798,2792.525890140991,3138.128284736843,345.6023945958518,82.2,158.67,3.17
2154,7,4,0.13033741332528756,2835.0842282026456,3276.6634962035628,441.5792680009172,20.65,62.73,1.25
2155,6,4,1.1420813927770572,2833.4014763550877,3137.9690797925177,304.5676034374301,4.7,18.39,0.37
2156,7,7,0.01880565717581302,2631.1866483268027,3094.51288280248,463.3262344756772,92.8,177.24,3.54
2157,8,5,0.10191016382935271,2721.1751557116067,3207.181471464664,486.00631575305715,0,41.32,0.83
2158,9,6,0.04009049347265912,2801.5379357664583,3102.869820330684,301.3318845642257,16.9,91.28,1.83
2159,8,5,0.049997173811811325,2654.9342601806866,3199.053310847396,544.1190506667094,0,40.33,0.81
2160,8,5,0.04375372305589568,2626.1647220737723,3135.7545058858177,509.5897838120454,40.15,74.07,1.48
2161,7,5,0.16398104312740566,2773.7983137408314,3282.0324920214953,508.23417828066385,38.55,46.54,0.93
2162,8,6,0.04761932732792102,2679.150544690831,3007.7239449069743,328.57340021614345,37.65,32.44,0.65
2163,7,5,0.17253533884589015,2781.2025519755875,3127.223600999758,346.0210490241707,0,0,0
2164,7,5,0.3777530604328537,2733.3406798095607,3142.2121569210253,408.8714771114646,31.95,99.51,1.99
2165,8,5,0.08804378378497439,2695.1037810827743,3133.894116082657,438.7903349998828,39.25,166.76,3.33
2166,7,6,0.1522742895774767,2749.71437712331,3227.287719646481,477.57334252317105,8.45,39.86,0.8
2167,6,4,0.3605140363249759,2755.668850131774,3207.1282010520517,451.45935092027776,0,44.61,0.89
2168,7,5,0.6858425695469126,2625.405637660329,3184.5564356911545,559.1507980308256,0,0.75,0.01
2169,7,5,0.33042719674735416,2776.6227309351257,3137.4733120442384,360.8505811091127,3.6,31.83,0.64
2170,8,7,0.04416269143165409,2662.3781872085715,3111.2891259648786,448.91093875630713,97.85,148.2,2.96
2171,7,4,0.5718231075243038,2729.2798019487077,3237.9139616594816,508.63415971077393,4.25,23.5,0.47
2172,7,4,0.03486390180986288,2620.0267926086904,3145.168421207817,525.1416285991268,42,58.92,1.18
2173,7,5,0.0897267964315969,2821.9209388292775,3120.572532884918,298.65159405564054,9.05,68.99,1.38
2174,6,4,0.5885902547871076,2834.8794429825675,3070.7734020720804,235.89395908951292,27.7,49.04,0.98
2175,8,5,1.0065769491304026,2780.554133239042,3171.5203447243475,390.9662114853054,4.1,22.1,0.44
2176,6,4,0.44892963263723445,2762.831240227615,3212.527697817787,449.69645759017203,0,0,0
2177,6,5,0.060136180161944636,2616.0105710613625,3210.6793788071755,594.668807745813,0,0,0
2178,9,7,0.036066478310132266,2753.649975885053,3152.3154232240568,398.66544733900355,62.1,68.39,1.37
2179,8,5,0.009291026051333954,2781.5143909669587,3128.090838646434,346.5764476794752,73.75,101.81,2.04
2180,7,4,0.06322632204789527,2757.7740914692718,3164.5797263735517,406.80563490427994,35.25,23.16,0.46
2181,6,4,0.7270571249678347,2696.303473750885,3155.9954689786523,459.69199522776717,32.1,82.83,1.66
2182,7,4,0.47060843332381375,2722.549525676995,3239.8128218934203,517.2632962164253,36.5,47.76,0.96
2183,7,4,0.06690977570812642,2761.3961313091977,3195.2607582728187,433.86462696362105,25.1,17.76,0.36
2184,8,5,0.010966563054521762,2769.967536967184,3152.1774413713256,382.2099044041415,34.25,100.91,2.02
2185,9,5,0.15733622129657776,2668.3123875110437,3244.43011973674,576.1177322256963,48.05,75.4,1.51
2186,7,5,0.7626556021110785,2780.251934114481,3189.564976532674,409.3130424181927,39.85,67.25,1.34
2187,6,4,0.8001618491713454,2719.506337884843,3123.892416722093,404.3860788372499,7.65,30.93,0.62
2188,6,4,0.37894527214546697,2646.364847632807,3160.0585115480844,513.6936639152773,11.55,48.98,0.98
2189,6,4,0.0639212309464501,2856.6058400222273,3177.25446253422,320.64862251199247,38.7,98.33,1.97
2190,7,5,0.8002326020518703,2805.1629432195,3141.0163144588996,335.8533712393996,0.95,12.95,0.26
2191,8,5,0.22395082461199942,2857.10687728369,3159.4746489848526,302.3677717011624,14.95,89.93,1.8
2192,7,5,0.2882611757132467,2777.0278750657003,3153.8119861626183,376.78411109691797,6.4,42.28,0.85
2193,8,6,0.0863274496880926,2570.8737253613945,3083.671025431592,512.7973000701977,23.1,54.68,1.09
2194,6,4,0.049154943481072716,2598.9463437969857,3077.280561739118,478.33421794213245,26.45,27.61,0.55
2195,7,6,0.014748085982408541,2704.656957521345,3251.904099705413,547.2471421840683,60.3,148.26,2.96
2196,6,5,0.21361406064900276,2753.808310157063,3269.5698232923014,515.7615131352386,36.25,27.19,0.54
2197,7,5,0.7755128645681116,2675.780506132782,3121.014138307446,445.23363217466385,10.55,36.98,0.74
2198,8,5,0.015215962844911154,2701.3088486517368,3292.7606693585417,591.4518207068049,54.7,137.49,2.75
2199,6,4,0.32942124183447064,2805.7398780411318,3079.915839318453,274.1759612773212,36.95,103.76,2.07
2200,6,3,0.2902352855762621,2705.473094130345,3094.2455052505275,388.77241112018237,0,9.12,0.18
2201,7,4,0.129771546528438,2769.464516528924,3093.295414790137,323.83089826121295,62.95,113.38,2.27
2202,6,4,0.01633880157334018,2737.0647675725486,3177.650709696688,440.58594212413936,40.45,62.76,1.26
2203,7,4,0.02103925207388557,2837.2834230586122,3229.0502603000427,391.7668372414305,35.35,59.89,1.2
2204,7,5,0.6347172460984469,2647.429448066159,3171.084734916578,523.6552868504191,17.9,51.43,1.03
2205,7,4,0.8422133441764866,2805.8812892921937,3193.4073679671874,387.52607867499364,0,5.7,0.11
2206,7,5,1.1307216930227648,2754.1220471569263,3036.410389179218,282.28834202229154,0,28.72,0.57
2207,8,5,0.8382854176733293,2762.086038417757,3156.3586270364794,394.27258861872224,7.8,41.38,0.83
2208,6,4,0.03161886731647566,2687.4241383052336,3180.9809561845213,493.5568178792878,32.8,56.52,1.13
2209,7,5,0.37609810138678196,2853.3999044420393,3301.0403575601667,447.6404531181274,16.3,52.45,1.05
2210,8,5,0.018274456875618364,2471.55788547143,3301.491007046654,829.933121575224,81.65,143.19,2.86
2211,8,6,0.028984972682297397,2699.3430488011304,3110.1890634104534,410.846014609323,59.9,54.66,1.09
2212,7,4,0.14581172895559294,2697.795903909131,3167.423880908749,469.6279769996181,20.75,48.87,0.98
2213,7,5,0.8375424934335236,2786.95638459588,3104.836310479484,317.87992588360385,1.75,46.57,0.93
2214,7,5,0.9867142677379129,2780.5595332396683,3007.537232635758,226.97769939608952,4.5,13.77,0.28
2215,6,4,0.09341046880415539,2683.472026762739,3226.8194474956945,543.3474207329555,0,55.59,1.11
2216,6,5,0.3687706846468541,2880.1762834148067,3058.648171631274,178.4718882164675,24.35,15.25,0.31
2217,8,5,0.8627504043063101,2838.0053162096533,3257.205888354659,419.2005721450055,3.5,53.84,1.08
2218,7,5,0.10394750489937511,2788.4711663761054,3079.134162638823,290.66299626271757,20.55,45.04,0.9
2219,7,6,0.21766240065581346,2795.334558967502,3179.918017318356,384.583458350854,26.3,52.47,1.05
2220,7,5,0.18529047458112236,2742.1448519682167,3215.8292664165842,473.68441444836753,4.25,39.48,0.79
2221,6,4,0.14925298401411907,2813.7230826344958,3195.003843941427,381.28076130693125,12.45,0,0
2222,7,4,1.0638451189584404,2726.628357591956,3116.6951973760924,390.0668397841364,6.9,31.75,0.63
2223,6,5,0.2967820228931641,2828.2771469921527,3100.699385530984,272.42223853883115,45.65,66.38,1.33
2224,5,5,0.1305941427489859,2612.8946468420513,3106.379139810306,493.4844929682545,0,0,0
2225,8,6,0.2854945951814304,2824.664684276389,3016.6199507203028,191.95526644391384,12.4,54.15,1.08
2226,7,6,0.08835085036841502,2630.9494213488697,3163.6340883060757,532.684666957206,34.3,57.92,1.16
2227,8,5,0.10217831748261573,2744.039934460509,3122.1288437654684,378.08890930495954,20,20.22,0.4
2228,6,5,0.1990772869895445,2830.6499134598216,3112.564605297325,281.9146918375036,10.8,0,0
2229,8,5,0.008115093755287283,2847.448178573258,3117.4632735726805,270.0150949994227,44.3,86.62,1.73
2230,7,4,0.07052804706228408,2750.195251051325,3049.6009263033434,299.4056752520182,17.85,0,0
2231,8,6,0.15139688636731016,2809.06770896672,3077.725207179405,268.6574982126849,24.65,161.21,3.22
2232,7,5,0.019254785358739736,2766.415788395966,3155.2994897871563,388.88370139119024,3.35,27.61,0.55
2233,7,5,0.29456674933748167,2687.183303606587,3193.466447716985,506.2831441103981,34.95,89.06,1.78
2234,7,4,0.07582552015736416,2794.57084287388,3121.841877500077,327.271034626197,29.7,110.58,2.21
2235,7,5,0.9337515798734769,2766.995963984557,3279.0917683255984,512.0958043410415,18.2,72.43,1.45
2236,8,6,0.05710992314240816,2663.1701918682506,3212.489493365975,549.3193014977242,73.45,218.04,4.36
2237,9,5,0.229171993579872,2733.155239835574,3201.3736430874255,468.21840325185167,12.05,33.32,0.67
2238,6,4,0.25131414237895855,2623.16333924196,3194.340974966839,571.1776357248791,0,0,0
2239,7,5,0.6243204117519644,2571.367601671617,3199.2713449553717,627.9037432837545,48.2,51.14,1.02
2240,9,6,0.39703691955732723,2760.2619928122604,3048.7149383067194,288.4529454944591,0,19.14,0.38
2241,9,6,0.06843333221609714,2812.7183629946944,3242.2177707690084,429.499407774314,38.15,69.79,1.4
2242,7,6,0.04504715398102479,2732.9301451967613,3101.0939721035697,368.1638269068085,44.95,66.62,1.33
2243,6,5,1.0024527510180963,2747.214296390678,3221.8751859085387,474.6608895178606,8.4,53.19,1.06
2244,8,6,0.5962633021011354,2650.1957850167964,3143.0039216476575,492.8081366308611,37.5,79.45,1.59
2245,6,5,0.8855195766930605,2661.1145060185636,3210.5826585443665,549.4681525258029,0,0,0
2246,6,4,0.32496237628026875,2813.045789890077,3209.571926658539,396.52613676846204,28.4,29.45,0.59
2247,6,5,0.2675923971068262,2737.3007125121308,3139.730453961174,402.4297414490434,0,8.78,0.18
2248,8,4,0.5287798204569646,2740.8125354767385,3144.0624063379923,403.24987086125384,12.4,47.3,0.95
2249,6,4,0.17204101949913983,2644.8914476035443,3043.8206861141994,398.92923851065507,24.2,84.03,1.68
2250,8,5,0.019778184622362832,2851.0227452041304,3178.4045368446446,327.38179164051417,25.65,7.59,0.15
2251,7,4,0.664104206055148,2612.905295160513,3109.3183489461153,496.4130537856022,22.6,84.15,1.68
2252,6,3,1.0008369737670975,2831.0426080860957,3145.321385690005,314.2787776039095,0,0,0
2253,8,5,0.40474281236521553,2886.447772466616,3169.8611793995196,283.41340693290385,11.5,65.5,1.31
2254,8,5,0.08161030281648401,2643.3918646097122,3122.3830731831927,478.99120857348044,10.1,0,0
2255,6,4,0.12662620067790317,2648.8545940355766,3199.316596466462,550.4620024308856,0,18.82,0.38
2256,7,6,0.3535907105903854,2687.907463941126,3126.711705559125,438.8042416179992,3.4,20.51,0.41
2257,6,4,0.125291897631362,2846.577481259481,3135.133745048664,288.55626378918305,0,2.3,0.05
2258,5,3,0.6784617699408665,2709.468245655085,3245.013115642226,535.5448699871408,0,0,0
2259,7,4,0.8386124812508335,2709.1374794248036,3215.6561575384867,506.5186781136831,0,9.41,0.19
2260,6,4,0.09276989697746209,2857.657165788512,3148.780151478433,291.1229856899208,50.7,70.33,1.41
2261,6,4,0.07700745018138272,2732.4887194887733,3111.7721050879904,379.2833855992171,8.25,22.26,0.45
2262,6,4,0.09061257917310052,2690.08228068497,3297.290235938967,607.2079552539967,30.8,24.74,0.49
2263,7,6,0.08345054223643955,2876.43906669822,3074.561708130689,198.1226414324692,37.7,88.04,1.76
2264,6,5,0.5136392479236265,2753.99565467528,3146.298080636144,392.30242596086373,1,54.31,1.09
2265,6,4,0.7424563342481644,2733.4277949673806,3206.7430836524904,473.31528868510986,17.4,18.34,0.37
2266,7,4,0.4303812755115371,2828.951746367124,3285.1596611780888,456.20791481096467,0,44.47,0.89
2267,6,4,0.2891544129594454,2741.125359902734,3105.184979229708,364.0596193269739,0.05,29.58,0.59
2268,6,4,0.03320839218380709,2736.2912070170255,3115.9130026232083,379.6217956061828,111.7,150.44,3.01
2269,6,4,0.5215487379762183,2685.687748281507,3027.066656868846,341.3789085873391,0,0,0
2270,7,6,0.10134941315261746,2725.0103302593157,3119.2588128177536,394.2484825584379,39.4,87.89,1.76
2271,9,8,0.0783908587586242,2671.120770094214,3172.036336677323,500.915566583109,24.9,133.07,2.66
2272,6,5,0.3623629421538373,2685.9112775599383,3191.99079991608,506.07952235614175,35.2,57.9,1.16
2273,5,3,0.2656953618347548,2766.8664592085215,3148.2880210865724,381.42156187805085,0,0,0
2274,7,5,0.14365981474667938,2569.966582990491,3139.9067388133694,569.9401558228783,0,0,0
2275,6,5,0.33290474987507696,2698.7344520807233,3113.0955155819724,414.3610635012492,6.05,47.9,0.96
2276,6,3,0.4440320832993169,2689.84625701838,3329.2142181648974,639.3679611465172,0,0,0
2277,9,7,0.03545974517014286,2702.7719692807664,3256.8652470464795,554.0932777657131,72.15,130.94,2.62
2278,7,5,0.09547708215883817,2788.84803024357,3155.545363745319,366.69733350174874,0,0,0
2279,8,4,0.08717373769397198,2769.216487124274,3170.407069483956,401.19058235968214,9.05,11.98,0.24
2280,8,6,0.005832805764122544,2738.7805342958545,3149.3424403568797,410.5619060610252,2.9,79.41,1.59
2281,7,4,1.1092716824854627,2759.175487197167,3098.8907773295746,339.7152901324075,29.3,84.98,1.7
2282,7,5,0.15537538780391832,2676.356825145808,3238.46399146241,562.1071663166017,0,10.44,0.21
2283,6,4,0.1992761930550561,2785.7701108723936,3160.4964346912907,374.7263238188971,0,0,0
2284,8,6,0.020418178097479048,2636.638717363757,3159.7307137372422,523.091996373485,42.05,57.76,1.16
2285,6,4,0.34920698189843463,2696.5628941319865,3161.68780898918,465.12491485719374,0,0,0
2286,7,5,0.8391547407264875,2655.6210351857953,3134.4681632293027,478.8471280435074,11.55,33.77,0.68
2287,8,5,0.23094814729193816,2701.415330355899,3169.9703646180064,468.55503426210726,2.35,86.01,1.72
2288,8,5,0.262604277944441,2785.0209076824785,3215.4960459998274,430.47513831734886,0,0.6,0.01
2289,7,6,0.013342596772691515,2754.785016536067,3153.4946156208593,398.70959908479244,6.2,4.64,0.09
2290,6,4,0.06631826204709358,2673.192307079632,3224.9869680297643,551.7946609501323,29.25,24.61,0.49
2291,5,4,0.6312227890841374,2831.6055801504785,3188.6270879198214,357.02150776934286,45.45,84.94,1.7
2292,8,6,0.9430253710041286,2771.6810086674286,3135.9620213854196,364.28101271799096,17.8,0,0
2293,7,5,0.1774668824756934,2903.720103670247,3278.1775784286233,374.45747475837607,35.85,56.02,1.12
2294,8,5,0.10113905881695248,2585.7825350962166,3076.5083001736702,490.7257650774536,11.4,38.31,0.77
2295,8,5,0.4726867127014648,2710.4538811789776,3048.305077926487,337.8511967475092,39.75,70.16,1.4
2296,8,6,0.125647197053558,2606.2681986961097,3092.819682805863,486.55148410975335,29.8,53.82,1.08
2297,8,5,0.262896772021647,2679.497740851711,3121.3398778804803,441.84213702876923,16.65,54.57,1.09
2298,8,5,0.008240114158625958,2718.7371874278415,3176.9466930301714,458.20950560232995,66.4,117.59,2.35
2299,7,5,0.026994213486147903,2637.514401628932,3206.5241304860965,569.0097288571646,88.55,159.46,3.19
2300,8,6,0.07421860350016825,2815.5365777287425,3313.482897668251,497.9463199395086,48.3,174.88,3.5
2301,6,4,0.02187219422429725,2678.1850204949815,3062.0147911042577,383.82977060927624,0,7.76,0.16
2302,8,6,0.19948725589526217,2803.8717709726184,3174.0491251036597,370.1773541310413,50.95,51.36,1.03
2303,8,6,0.1728389301090484,2657.861683929101,3092.3026304029036,434.44094647380234,13.55,0,0
2304,8,6,0.04995334934840635,2792.6221179499066,3309.9467445408504,517.3246265909438,105.2,147.83,2.96
2305,7,5,0.30384127987792664,2781.6626566631276,3246.9377989865643,465.27514232343674,9.3,48.84,0.98
2306,7,5,0.34537345635663264,2757.2436294026757,3063.9692018072737,306.7255724045981,23.7,106.72,2.13
2307,6,5,0.02745122743553847,2755.7166392409445,3279.8004066861804,524.0837674452359,9.55,42.65,0.85
2308,6,3,0.35368190392226956,2796.7793521699855,3193.024993401494,396.24564123150867,12.05,0,0
2309,7,5,0.08899768776449564,2651.3198970221583,3205.729676131658,554.4097791094996,21.75,98.15,1.96
2310,7,5,0.35565735457644343,2779.4819149704663,3237.784928601602,458.30301363113585,0,0,0
2311,9,6,0.23314077565966188,2683.87246969616,3115.8727523899947,432.00028269383483,24.3,75.07,1.5
2312,8,5,0.03345364999555694,2686.8268201310248,3081.735341018298,394.9085208872734,34.45,57.48,1.15
2313,5,4,0.11151048890585367,2737.3078403383074,3143.4620610752413,406.1542207369339,18.6,20.83,0.42
2314,6,4,0.07997845749304834,2690.2034396199347,3138.388381327995,448.18494170806025,42.2,59.91,1.2
2315,8,6,0.04045255108408062,2799.8473179060734,3199.6404657488984,399.79314784282496,36.3,68.56,1.37
2316,7,6,0.5768752961335614,2865.5328666133105,3179.384140718787,313.8512741054765,17.8,58.17,1.16
2317,6,4,0.3963395527733986,2743.688810938678,3026.5660247334754,282.87721379479717,0,0,0
2318,5,4,0.3218620995478652,2799.2148099339724,3257.3978450215277,458.18303508755525,48.55,63.31,1.27
2319,6,4,1.0572653564579477,2731.0346185700687,3019.4088191266965,288.3742005566278,28.65,27.97,0.56
2320,6,4,0.12110575623136786,2790.194151690816,3154.934396537115,364.740244846299,0,40.58,0.81
2321,5,3,0.12763596545372602,2763.7265016316646,3154.217851417616,390.49134978595157,0,0,0
2322,7,5,0.04880361554928652,2781.438750184365,3215.875600618424,434.4368504340591,113.9,191.03,3.82
2323,7,4,0.6688370196415296,2713.4431448400014,3165.5020184646196,452.0588736246182,0,0,0
2324,7,5,0.1841699031126922,2760.21679750459,3176.3257025665566,416.10890506196665,0,0,0
2325,6,4,0.21283184995670357,2641.699648921249,3176.3359445454034,534.6362956241546,0,0,0
2326,8,5,0.6658829165967959,2788.896478686959,3140.2807319515728,351.38425326461356,0,7.81,0.16
2327,7,5,0.07734254960987999,2842.6530694655203,3088.1329965324994,245.47992706697914,43.6,90.23,1.8
2328,7,5,0.08485198739746987,2713.590462019764,3118.4418568337355,404.85139481397164,35.3,66.89,1.34
2329,7,4,0.27948606560674544,2734.793354571043,3072.459498534725,337.66614396368186,1.95,40.21,0.8
2330,8,7,0.03506907651557456,2722.953913419084,3120.1769868274328,397.2230734083487,27.6,60.71,1.21
2331,7,4,0.8720836216250896,2746.9846221686694,3100.3944649769287,353.4098428082593,0,0,0
2332,8,6,0.021212073261797148,2811.4885123721124,3098.3954728606036,286.9069604884912,55.65,55.26,1.11
2333,7,5,0.13283063406579468,2816.8154137368315,3089.183405384932,272.36799164810054,47.05,45.04,0.9
2334,6,4,0.8488217872505563,2819.5572931551706,3159.4566782027573,339.89938504758675,8.65,34.92,0.7
2335,6,4,0.09177862037406465,2780.6914131743188,3108.9142709130165,328.2228577386977,43.1,92.15,1.84
2336,7,5,0.02171779761429451,2742.5547866078377,3165.0451870875913,422.4904004797536,69.4,151.4,3.03
2337,6,6,0.04471428856043183,2795.2861001633273,3161.692326864249,366.4062267009217,5.55,25.08,0.5
2338,7,6,0.11019513460627596,2611.5227957997818,3034.6123439621983,423.0895481624166,57.45,56.55,1.13
2339,7,4,0.042893900508153414,2658.2985477144753,3181.8075204895486,523.5089727750733,20.3,40.94,0.82
2340,6,4,0.4812597145865038,2686.7462606519503,3120.5649640550146,433.8187034030643,0,0,0
2341,8,5,0.20984554922864918,2705.1237337443195,3075.519143498332,370.3954097540127,30.55,103.6,2.07
2342,7,4,0.0985467189932738,2899.941708575616,3163.7927561783104,263.8510476026945,27.8,50.03,1
2343,8,6,0.8743988078036657,2663.9981987390106,3078.128411820063,414.13021308105226,15.15,52.22,1.04
2344,6,4,0.48358220476438607,2804.0690964483983,3165.3522638594645,361.2831674110662,34.55,44.39,0.89
2345,8,6,0.017857868764326247,2882.8343397084586,3150.877648655874,268.0433089474154,28.55,50.1,1
2346,7,4,0.3461512496149305,2844.279177514602,3078.1804970645276,233.90131954992557,2.75,18.27,0.37
2347,7,4,0.7141782441798127,2814.030263623908,3256.0297475604166,441.99948393650857,41.1,92.68,1.85
2348,7,4,0.1333011875237605,2704.115070729276,3265.9735798015063,561.8585090722304,42.25,62.44,1.25
2349,7,5,0.8688403426301029,2664.4685274147664,3155.292330740444,490.82380332567755,9,31.46,0.63
2350,8,5,0.3521171814431828,2449.473048206023,3093.5217265013803,644.0486782953571,28.3,36.82,0.74
2351,6,5,0.017205049283590054,2698.908490107199,3165.9189820216707,467.01049191447146,48.3,70.75,1.41
2352,8,6,0.08092261103887496,2799.997709125493,3179.8022490251797,379.80453989968646,0,0.85,0.02
2353,5,3,0.45403351298769457,2759.325580599563,3114.7805643870806,355.45498378751745,28.2,48.81,0.98
2354,7,5,0.2905773657225421,2723.8657974700272,2961.5946780961817,237.72888062615448,2.45,64.87,1.3
2355,6,5,0.39871340162095786,2705.418250704243,3137.9863132644946,432.56806256025175,0,48.36,0.97
2356,6,4,0.26617261979251644,2816.7084556661985,3132.651734873519,315.94327920732076,8.45,32.4,0.65
2357,10,6,0.2584093314113996,2763.499710344966,3217.4232708799454,453.9235605349795,51.8,102.35,2.05
2358,8,6,0.5506354843925696,2820.8631080557643,3146.819068354988,325.95596029922353,0.15,24.41,0.49
2359,7,4,0.15232182712718725,2681.214955644526,3176.7482499239086,495.5332942793825,0,0,0
2360,7,6,0.008561903915065242,2678.0637915898856,3166.4856085115234,488.42181692163786,38.25,49.87,1
2361,7,5,0.2281403381929882,2658.4416615701125,3131.416722093205,472.97506052309245,41.45,107.83,2.16
2362,7,5,0.3962648353029027,2800.817216325758,3115.0012494734137,314.18403314765555,51.1,116.24,2.32
2363,8,6,0.19870678073238549,2781.767184825686,3092.7888843249916,311.02169949930567,2.5,60.94,1.22
2364,5,3,0.14744818078707617,2747.9276654838895,3209.858980695848,461.93131521195846,56.6,60.54,1.21
2365,7,6,0.0958362521866841,2838.87373441835,3164.1469191221445,325.2731847037944,29,6.56,0.13
2366,6,4,0.4589777263639981,2874.082881946812,3262.8975190063916,388.8146370595796,0,5.72,0.11
2367,7,4,1.01404095977297,2777.000334529491,3162.011105338787,385.010770809296,0,4.13,0.08
2368,6,4,0.007351565348103707,2844.2458111490264,3066.7814833472444,222.53567219821798,9.4,73.77,1.48
2369,7,5,0.40842103898793286,2723.760876823651,3167.1315715911837,443.37069476753277,35.7,60.3,1.21
2370,6,5,1.0308809314251624,2674.64357056764,3153.306233591628,478.662663023988,2.8,38.62,0.77
2371,7,4,0.048326053264765696,2766.1869986518564,3100.9106862007243,334.72368754886793,0,49.76,1
2372,7,5,0.17453214849209603,2787.136977305845,3103.4684041782307,316.3314268723857,4.65,17.29,0.35
2373,8,6,0.21608015158030291,2794.5435870335796,3175.8747979831937,381.33121094961416,21.35,108.93,2.18
2374,6,4,0.44338832149231694,2688.7204052169786,3149.398528710807,460.6781234938285,0,0.9,0.02
2375,7,5,0.6079896152520299,2848.801186153907,3035.2769399844915,186.47575383058438,0,0,0
2376,9,6,0.052303706934559414,2745.534033092433,3135.658261235348,390.12422814291494,31.7,57.43,1.15
2377,7,4,0.31019074952444775,2739.023396815046,3254.342098398642,515.3187015835961,20.95,86.22,1.72
2378,8,5,1.0773497201220201,2886.054225794915,3279.5510642676672,393.4968384727522,32.6,47.24,0.94
2379,7,4,0.6427109872596889,2855.051220902434,3215.1417681127095,360.0905472102754,16.4,70.69,1.41
2380,6,4,0.003145044850458395,2864.438586114795,3115.7810534142795,251.34246729948472,46.1,76.58,1.53
2381,7,5,0.05136167663384124,2848.4102364851215,3167.4137387596465,319.0035022745251,36.2,11.55,0.23
2382,7,4,0.46499326880614517,2663.1977861643745,3122.6647336953006,459.46694753092606,0,0,0
2383,6,4,0.34063529015964783,2857.0568560195575,3213.87287212723,356.81601610767257,0,0,0
2384,6,3,0.7190125206618064,2762.1236605081713,3100.3896667284935,338.2660062203222,1.2,18.06,0.36
2385,6,5,0.3166059935171931,2650.6578414989826,3135.149538689825,484.4916971908424,19.8,100.18,2
2386,7,4,0.5284780837254527,2721.9981245090075,3132.276689871289,410.27856536228137,0,24.79,0.5
2387,6,5,0.07101539482797334,2827.320961726749,3164.7289933640964,337.40803163734745,0,27.73,0.55
2388,7,5,0.2706475971292127,2892.9320735043043,3120.2389623744675,227.30688887016322,37.55,64.69,1.29
2389,6,4,0.38234745717151114,2573.5046487779173,3196.490447942425,622.9857991645076,0,8.7,0.17
2390,7,5,0.13747726155610937,2765.5452159068122,3206.8811999443597,441.3359840375474,38.5,57.83,1.16
2391,7,5,0.004537346688187777,2486.3354431854773,3223.3200345214877,736.9845913360105,24.45,80.32,1.61
2392,9,7,0.0006580798182735837,2799.9115341389197,3211.205057496411,411.29352335749127,15.8,64.29,1.29
2393,7,5,0.36553803834484366,2634.2597148006034,3076.5017139419892,442.2419991413858,0,13.62,0.27
2394,7,4,0.29327603565813354,2755.016085030008,3175.3159313227316,420.2998462927235,16.2,26.85,0.54
2395,6,4,0.2408382238769416,2669.17778265901,3282.879752667865,613.7019700088549,33.55,23.32,0.47
2396,8,6,0.2036739018831705,2718.786502149368,3069.4402556530736,350.6537535037055,24.25,52.24,1.04
2397,5,3,0.1966511861573365,2785.0498047788174,3232.71711396957,447.6673091907528,0,4.54,0.09
2398,7,4,0.008957900750201623,2684.193859812867,3189.014800545897,504.82094073303006,28.95,65.77,1.32
2399,8,5,0.35422204811499663,2868.3308369787196,3196.173189778933,327.8423528002136,11.3,39.31,0.79
2400,7,5,0.17359152280699094,2588.782453793914,3128.5563893456183,539.7739355517042,7.1,28.97,0.58
2401,7,5,0.16993305892545177,2774.3974784981356,3173.49304380539,399.0955653072542,7.1,106.73,2.13
2402,6,5,0.9559678263345299,2801.303169815215,3198.70922440708,397.4060545918651,0,0,0
2403,8,6,0.40308258211715353,2678.5041607368516,3118.445877880035,439.94171714318327,28,102.17,2.04
2404,9,5,0.031381544517955565,2791.064162835714,3150.8049452037553,359.74078236804144,44.9,39.02,0.78
2405,5,4,0.17149516750934313,2680.093851250447,3191.157116833584,511.06326558313685,5.8,29.72,0.59
2406,9,6,0.10185612484975073,2740.400965590426,3026.5551884893093,286.1542228988833,56.15,75.49,1.51
2407,9,5,0.16305906905968734,2755.3964952437414,3170.2576349077517,414.86113966401035,15.5,27.46,0.55
2408,5,3,0.4724629177091981,2633.092654457378,3180.1629001877673,547.0702457303892,0,14.25,0.28
2409,7,6,0.2076532131003444,2674.563103231464,3161.106811132562,486.54370790109806,29.7,64.94,1.3
2410,7,6,0.31873562519673587,2734.651410759989,3261.7988154751283,527.1474047151391,0,0,0
2411,7,5,0.7040036471345605,2687.9945411491453,3234.526411062983,546.5318699138375,7.55,43.08,0.86
2412,6,4,0.7506775469814247,2761.72729794347,3290.992837888783,529.2655399453129,1.6,20.22,0.4
2413,6,3,0.2891074307775443,2747.927550605014,3281.669029698935,533.741479093921,0,1.64,0.03
2414,7,4,0.02101786895174764,2737.1188098010794,3290.810452857261,553.6916430561819,2.5,31.08,0.62
2415,8,5,0.0746043608986351,2804.3626892879997,3274.9849573265888,470.622268038589,0,43.44,0.87
2416,7,4,0.8658294885484242,2837.7614456918677,3169.3074182200485,331.54597252818076,32.3,76.73,1.53
2417,8,5,0.06892589646130655,2808.7409543415793,3195.321108761729,386.58015442014994,21.75,100.12,2
2418,8,6,0.676375411448562,2687.4357402101205,3319.1154798978882,631.6797396877678,15.2,47.65,0.95
2419,6,4,0.5156667551332853,2639.8835771300824,3104.768885533468,464.8853084033858,0,74.38,1.49
2420,6,4,0.48429467407040355,2737.938187089692,3098.891189760227,360.95300267053517,0,28.41,0.57
2421,6,5,0.8657695379687006,2752.9274518220545,3231.8306062847164,478.90315446266186,0,3.7,0.07
2422,8,5,0.5195013404378286,2841.714996607292,3185.6787369906106,343.9637403833185,9.8,37.84,0.76
2423,7,5,0.520452107591421,2667.3104502690035,3122.845034577397,455.53458430839373,0,0,0
2424,6,4,0.3621351008816434,2595.05534330079,3130.558361830298,535.5030185295082,0,0,0
2425,9,6,0.07278572955249213,2763.5045503371557,3258.3252178360763,494.82066749892056,44.85,95.89,1.92
2426,6,5,1.1049872527973972,2671.4986393506806,3243.225150736926,571.7265113862454,13.65,45.5,0.91
2427,7,4,0.38790109001577394,2636.378650820409,2959.951371265251,323.57272044484216,0,9.25,0.18
2428,5,3,0.2396245379138723,2655.587486142673,3171.773194153682,516.1857080110094,0,1.5,0.03
2429,5,4,0.8621416611323124,2736.020054010038,3114.8789582193053,378.85890420926717,0,7.17,0.14
2430,8,6,0.06346245626507353,2869.215425485352,3045.5865227120603,176.37109722670812,1.9,19.57,0.39
2431,8,4,0.5173169124129756,2845.587459695957,3182.5813246031735,336.99386490721645,2.3,42.92,0.86
2432,6,4,0.3039561572586868,2645.0120363305277,3190.6043261810046,545.5922898504768,1.3,14.65,0.29
2433,7,5,0.06938641072045044,2775.153131504894,3222.856774172359,447.7036426674649,93.6,143.42,2.87
2434,7,6,0.03460858218016087,2746.49741927772,3140.0625511013445,393.5651318236246,67.5,110.76,2.21
2435,8,5,0.26740623142178876,2649.2475733792317,3061.523452639899,412.27587926066735,22.55,34.5,0.69
2436,8,5,0.24199816039613006,2654.8006051733937,3251.648927058128,596.8483218847341,48.95,80.35,1.61
2437,6,4,0.1422745727412838,2700.443555777591,3140.550208191133,440.1066524135422,21.55,86.85,1.74
2438,7,4,0.0702742497172426,2676.787594758476,3125.225924649872,448.4383298913958,10.35,34.43,0.69
2439,7,4,0.23124378464385434,2737.5093863610196,3146.7909288880537,409.28154252703416,52.6,53.14,1.06
2440,7,6,0.19635185696549473,2801.930954259721,3132.91200227684,330.98104801711906,4.7,61.93,1.24
2441,6,5,0.3503434245781216,2800.0741212003522,3221.4677219644377,421.3936007640855,13.1,46.66,0.93
2442,8,6,1.0568295934829872,2646.0885252031644,3084.3883022299533,438.2997770267889,0.45,17.49,0.35
2443,6,4,0.0925975128565094,2845.437052890284,3169.480509202089,324.0434563118047,0,0,0
2444,5,3,0.6875242672390905,2805.8008530986126,2996.517659023015,190.71680592440225,1.2,15.14,0.3
2445,7,5,0.03825796738182161,2810.2727873317476,3248.0109193251687,437.7381319934211,80.95,94.58,1.89
2446,9,6,0.06151978216738171,2628.109361675546,3213.742723263964,585.6333615884178,29.7,67,1.34
2447,8,5,0.14533694556804866,2785.417705837699,3220.3774007442735,434.95969490657444,9.35,99.17,1.98
2448,6,4,0.8465646055296069,2723.9178568247657,3130.8835780803897,406.965721255624,0,0,0
2449,6,5,0.07436199098861987,2744.4866681988037,3159.111495290639,414.6248270918354,23,20.58,0.41
2450,6,3,0.19327428405182875,2755.557791690528,3029.0704366021673,273.5126449116392,0,0,0
2451,7,6,0.7768626929001369,2769.229984384384,3299.544122270607,530.3141378862233,0,0,0
2452,6,4,0.0015192232017401037,2818.0299822418883,3241.020104126599,422.9901218847108,10.55,35.1,0.7
2453,7,4,0.26630985733158885,2779.8836981364984,3123.9734651106264,344.089766974128,17.5,52.93,1.06
2454,6,5,0.0863473772196102,2852.367989515382,3152.966665659309,300.59867614392715,9.55,34.56,0.69
2455,7,5,0.11696570458353434,2678.3290009281154,3237.3960331477674,559.067032219652,7.45,15.69,0.31
2456,7,5,0.022594497225609633,2833.7324155490965,3177.365602896505,343.6331873474087,14.45,23.67,0.47
2457,8,5,0.06586449301098247,2707.4959598633636,3225.756058545247,518.2600986818834,25.05,51.7,1.03
2458,8,6,1.006452260474432,2802.4853180672094,3126.185197810754,323.69987974354444,9.05,32.71,0.65
2459,7,5,1.050094527117025,2670.8205941263495,3104.9734425812203,434.15284845487076,36.75,138.41,2.77
2460,8,7,0.2574317593022116,2803.2261993327074,3075.073227005417,271.8470276727094,13.05,78.01,1.56
2461,6,4,0.732694214915304,2577.566987094746,3202.3139497942616,624.7469626995157,0,23.29,0.47
2462,7,6,0.014693745852788837,2810.3513164489887,3147.7375973275425,337.38628087855386,20.35,57.14,1.14
2463,7,5,0.00018338119236600538,2673.9051114899457,3141.150712789857,467.2456012999114,37.3,57.53,1.15
2464,7,5,0.6376005740349612,2672.230512127381,3213.356658959942,541.1261468325606,4.5,26.36,0.53
2465,7,5,0.05564921582812001,2789.814100279763,3232.8853397623084,443.0712394825455,0,5.86,0.12
2466,7,5,0.11428669346096308,2766.380475902275,3145.2028715961037,378.82239569382864,73.7,140.63,2.81
2467,7,5,0.06444410915919863,2736.4940535877636,3155.464993462477,418.9709398747136,63.6,62.46,1.25
2468,8,6,0.0802860044362013,2845.5096585152005,3184.0013391466623,338.4916806314618,30.65,63.09,1.26
2469,6,4,1.0217876589951573,2701.354710771992,3017.6403163290333,316.28560555704144,1.95,19.96,0.4
2470,7,4,0.023711854901226695,2780.085805372534,3166.7056466842296,386.6198413116954,10.5,23.01,0.46
2471,8,6,0.3957363531011403,2834.138022932549,3311.7864808615136,477.6484579289645,19.65,92.58,1.85
2472,6,3,0.29242703923883645,2814.2511495194185,3121.117175687058,306.8660261676396,6.35,55.37,1.11
2473,7,6,0.04504879641398608,2764.8391606747,3199.7854427270795,434.9462820523795,28.5,55.96,1.12
2474,7,4,0.006451869768054805,2574.9091788945393,3298.1621815905064,723.2530026959671,44.45,98.83,1.98
2475,8,6,0.6902424826814989,2726.2728003280095,3055.1616838633186,328.8888835353091,28.15,107.8,2.16
2476,7,5,0.5323282411668534,2823.1155703464533,3129.4631363953326,306.34756604887934,7.35,30.5,0.61
2477,7,6,0.11314075215926463,2819.0430273185502,3113.9121400770628,294.86911275851253,40.5,59.78,1.2
2478,7,5,0.0902297935810173,2738.890685740942,3221.5206015667723,482.62991582583027,32.7,52.74,1.05
2479,8,6,0.19133881675057973,2639.4183611408216,3174.128567731425,534.7102065906033,54.4,152.73,3.05
2480,7,5,0.018711502814934694,2738.0647799750573,3106.2032637920292,368.138483816972,110.55,174.25,3.48
2481,8,5,0.3039042062413992,2779.5638323670323,3074.5724174117217,295.0085850446894,3.2,58.84,1.18
2482,7,5,0.09307216731668437,2879.118444115944,3196.559569530496,317.44112541455206,16.25,28.25,0.57
2483,8,6,0.8372746323709425,2691.056508079082,3110.7058595094027,419.6493514303206,11,46.24,0.92
2484,9,5,0.09596760112356717,2707.693557436455,3162.007568374495,454.3140109380397,91.2,168.69,3.37
2485,9,6,0.6966287455410448,2885.669481382783,3173.2325367767357,287.5630553939527,17.75,71.73,1.43
2486,7,6,0.03828001325644876,2726.8682440999705,3147.1911094727107,420.3228653727401,33.1,52.39,1.05
2487,6,4,0.4105633230190597,2706.7250195994166,3174.9265153502242,468.2014957508077,1.9,19.41,0.39
2488,7,4,0.049330712455111475,2661.387821387818,3093.3059192121223,431.91809782430437,0,1.54,0.03
2489,7,6,0.6945890611503143,2682.4112371547926,2992.464604284724,310.0533671299313,0,28.87,0.58
2490,7,4,0.12665504994849883,2778.0323812043675,3214.903933522538,436.8715523181704,0,0,0
2491,7,4,0.29562909148556704,2822.742001361924,3241.908806207422,419.16680484549806,2.4,70.12,1.4
2492,8,6,0.07710847229437899,2760.769613465537,3118.91430413671,358.14469067117307,52.65,84.03,1.68
2493,7,5,0.22371867994961442,2780.3040346132766,3080.778848032782,300.4748134195056,31.15,65.35,1.31
2494,6,4,0.9285516560246279,2613.696409922443,3180.2935702082755,566.5971602858326,6.15,37.67,0.75
2495,6,4,0.05593377929485027,2670.934222857312,3144.601199600512,473.66697674319994,10.5,17.45,0.35
2496,7,4,0.8569824032450968,2733.1168998254666,3184.0669459333944,450.95004610792785,0,4.84,0.1
2497,6,4,0.03685713156403708,2583.2313347987233,3093.0636730989536,509.8323383002303,16.4,29.46,0.59
2498,7,4,0.04768778490535225,2795.647387862171,3184.91503184675,389.2676439845791,16.15,11.27,0.23
2499,8,5,1.0108409634605715,2829.4616355114304,3208.1119916239327,378.6503561125023,14.2,47.69,0.95
2500,8,6,0.05513874821029125,2673.99935897153,3109.190149008782,435.1907900372521,65.3,68.55,1.37
2501,9,7,0.13106319366000174,2765.6705035616455,3281.1038593168446,515.433355755199,6.2,89.97,1.8
2502,7,7,0.06613572895294216,2734.351207087134,3081.0000994082075,346.6488923210736,4.75,26.41,0.53
2503,7,5,0.031524468927620744,2756.4697145169293,3123.689217984741,367.2195034678116,76.2,163.18,3.26
2504,6,4,1.06442199273663,2723.760841787391,3125.5903100670844,401.8294682796932,10.6,51.72,1.03
2505,7,5,0.5943388108660899,2786.1861229714114,3095.100827807897,308.9147048364857,6.3,29.92,0.6
2506,7,4,0.865241855269811,2733.4611593435093,3155.349418821532,421.8882594780225,12.1,41.76,0.84
2507,8,5,0.40165920704554875,2635.1056824108146,3008.8303668863855,373.72468447557094,40.85,62.77,1.26
2508,8,5,0.10629260121943639,2760.7141660178063,3040.1742223209044,279.4600563030981,15.85,49.9,1
2509,7,5,0.10839380492819393,2730.9153054949848,3082.1529401906337,351.2376346956489,26.9,7.54,0.15
2510,6,4,0.34557565482724095,2776.2278153345587,3106.7678813710795,330.5400660365208,6.15,26.4,0.53
2511,6,4,0.5208219183401067,2635.4119523880377,3108.870133650686,473.4581812626484,0,0,0
2512,6,4,0.305815888144337,2671.0429469186247,3064.283498864284,393.24055194565926,0,0,0
2513,8,5,0.24388814801441397,2789.6285528898607,3065.979497121133,276.3509442312725,45.1,47.85,0.96
2514,7,4,0.03042882905580865,2677.0294292022418,3206.4040608784608,529.374631676219,30.1,36.81,0.74
2515,6,5,0.0022836709130315833,2749.7900075369917,3226.9947018999073,477.2046943629157,69.35,62.21,1.24
2516,7,5,0.3281489934312082,2823.939005166903,3125.9102949865633,301.97128981966034,28.95,88.9,1.78
2517,9,5,0.40927978078373844,2668.4868585446325,3196.6845564666382,528.1976979220058,17.65,51.13,1.02
2518,6,5,0.19465330218924098,2787.459432357701,3048.0016531531232,260.54222079542205,30.55,37.86,0.76
2519,6,3,0.4179687458978354,2719.315130960995,3028.2557169147544,308.94058595375964,28,60.22,1.2
2520,6,4,0.02545232259760759,2798.0142599490996,3148.841751244426,350.8274912953266,30.65,50.94,1.02
2521,7,6,0.16170025575343383,2659.6389411526857,3228.7017606926875,569.0628195400018,60,185.85,3.72
2522,8,6,0.018091599433068112,2742.608999810285,3084.221318491474,341.6123186811892,51.5,53.28,1.07
2523,9,5,0.11355057454939999,2680.7260221560027,3218.7375941835194,538.0115720275166,12.15,51.69,1.03
2524,7,5,0.5185247795014484,2723.190290194878,3178.61063570839,455.4203455135121,38.15,57.1,1.14
2525,6,4,0.2662917987473753,2664.0968925835778,3094.9578217854473,430.86092920186957,27.7,72.8,1.46
2526,7,4,0.14332079114879956,2818.183610875477,3117.3714664516656,299.18785557618867,34.45,76.42,1.53
2527,7,4,0.2850915868801007,2863.7863878447074,3043.625050759204,179.83866291449658,24.5,4.82,0.1
2528,7,5,0.09187659241340025,2892.9554307643753,3149.634360532045,256.6789297676696,57.35,115.87,2.32
2529,6,5,0.8607136296551667,2609.971133722642,3124.280719410633,514.3095856879909,0,4.96,0.1
2530,7,5,0.01549684012390841,2734.1574595051084,3128.4833943421713,394.32593483706296,5.1,52.33,1.05
2531,6,4,0.04361285465310881,2772.2125443741706,3199.024640725064,426.81209635089317,50.3,41.59,0.83
2532,6,4,0.5415042254437871,2812.245924774879,3063.421964165158,251.17603939027913,26.25,50.23,1
2533,5,3,0.10190581547509511,2618.220219931188,3156.7327373304083,538.5125173992205,32.7,15.24,0.3
2534,6,4,0.3350717656769396,2755.5908967836444,3145.3449008436987,389.7540040600543,5.6,50.34,1.01
2535,8,6,1.0944729231299684,2755.4392739398445,3260.197300176934,504.7580262370893,5.25,75.16,1.5
2536,8,5,0.0321864725700762,2787.329649379192,3168.1789749374775,380.8493255582857,60.6,101.84,2.04
2537,9,7,0.0483894161974442,2682.2484212113186,3081.2610616536545,399.01264044233585,26.95,121.79,2.44
2538,7,4,0.1066790451529661,2659.1903464798856,3013.5936274006485,354.4032809207629,36.15,37,0.74
2539,8,5,0.22854481065024182,2748.961187255626,3149.256672155111,400.295484899485,28.65,83.01,1.66
2540,6,4,0.9926148576020715,2772.6691532856603,3182.5475938184836,409.87844053282333,10.55,38.22,0.76
2541,6,5,0.3201877705950767,2805.981805030771,3212.9032593867096,406.92145435593875,5.55,57.9,1.16
2542,5,4,0.7271724877936652,2805.625630717723,3161.1994980824243,355.5738673647011,0.3,19.99,0.4
2543,5,3,0.4218922164804491,2729.05778090694,3164.117078345584,435.0592974386441,0,22.94,0.46
2544,7,4,0.864922282762911,2814.0677599125474,3173.7014046030267,359.6336446904793,0,50.23,1
2545,8,5,0.929180909926223,2647.8664350643594,3244.009700180391,596.1432651160317,9,60.33,1.21
2546,8,7,0.26406731531578637,2647.046288871565,3026.6023824772938,379.5560936057286,13.15,36.54,0.73
2547,7,6,0.7579683767402078,2769.1116922043784,3161.6369849452362,392.5252927408578,44.15,117.83,2.36
2548,7,4,0.1284902064566085,2899.2727301820864,3076.597394598278,177.32466441619135,34.75,125.34,2.51
2549,6,4,0.3014452317426633,2727.016940301928,3165.9816959350474,438.96475563311924,0,0,0
2550,7,5,0.8303126398610123,2778.6833166531424,3199.7405215272433,421.057204874101,7.95,31.66,0.63
2551,6,5,0.05962622027837296,2806.806193801439,3245.43491776145,438.62872396001103,0,64.53,1.29
2552,6,5,0.12956377420592813,2750.417430521546,3260.8566211525376,510.43919063099156,3.7,44.71,0.89
2553,5,4,0.5649293346618579,2654.9476937213753,3091.51522920738,436.56753548600454,0,0,0
2554,6,4,0.1539835818228197,2766.635068400277,3238.6846959308436,472.0496275305668,0,35.07,0.7
2555,7,5,0.0682694500936897,2705.801225611966,3053.7441322887466,347.9429066767807,65.95,114.6,2.29
2556,7,4,0.0032036891380180454,2741.9856354187023,3024.0404890595405,282.05485364083825,0,42.23,0.84
2557,7,5,0.6365218663333206,2871.3892670617233,3114.7765280723183,243.387261010595,0,0,0
2558,9,5,0.0749708569353969,2773.123596402361,3158.203699603752,385.080103201391,30.7,55.12,1.1
2559,6,4,0.22769754563504618,2750.5256060974266,3086.978610154488,336.4530040570612,24.4,47.95,0.96
2560,7,6,0.1378646783779932,2648.656582637409,3238.792641555844,590.1360589184351,34.25,30.07,0.6
2561,6,4,0.2845627150260511,2731.378472645205,3156.361185882499,424.98271323729386,0,0,0
2562,7,6,0.019401521630074033,2772.3005897241324,3235.094801443872,462.79421171973945,68.4,151.9,3.04
2563,6,4,0.006210824427563331,2818.3026201273465,3275.1987697687605,456.896149641414,21.6,67.16,1.34
2564,7,4,0.021676306534256493,2741.9950587694043,3126.427646432826,384.4325876634216,20.95,3.45,0.07
2565,6,4,0.006131486273412529,2761.8144948485037,3167.3424146471,405.5279197985965,79.2,101.5,2.03
2566,8,5,0.5791668228905613,2801.2440295402594,3105.655521241142,304.41149170088283,2.85,29,0.58
2567,7,6,0.08202970052639579,2745.628656436273,3100.6516844800403,355.0230280437672,23.2,81.17,1.62
2568,9,6,0.026120381132596748,2717.6417768339074,3062.911442815387,345.26966598147965,24.6,125.51,2.51
2569,9,5,0.04359300927170761,2780.413985384629,3197.1642293663185,416.75024398168944,44.35,106.25,2.12
2570,6,5,0.16083872512120947,2784.302834826132,3059.0472768037366,274.74444197760477,0,0,0
2571,6,3,0.6158550797372947,2683.35916265683,3191.46650643508,508.1073437782502,0,0,0
2572,7,5,0.38107393168953174,2650.0419535359883,3119.8154325862824,469.7734790502941,25,50.76,1.02
2573,8,6,0.008906238056574287,2739.4697945804583,3125.157575435915,385.6877808554568,12.45,98.88,1.98
2574,7,5,0.15672340864446432,2737.517239885404,3242.4472991024168,504.93005921701297,28.4,28.09,0.56
2575,8,7,0.05080644393669338,2719.751879424503,3235.4315515902654,515.6796721657624,70.35,93.87,1.88
2576,8,5,0.059569865494101044,2634.5493974852934,3051.4082962523835,416.85889876709007,28.45,70.46,1.41
2577,8,5,0.18141500532751748,2853.3455749419218,3201.6386686416076,348.29309369968587,45.25,74.34,1.49
2578,6,4,0.5627659226618786,2765.499132759758,3128.3184890413922,362.8193562816341,0,12.43,0.25
2579,7,4,0.24138998606494155,2648.037550018585,3213.401313309093,565.3637632905079,39,48.06,0.96
2580,6,4,0.24650489989462757,2622.854084661982,3069.530726571886,446.676641909904,0,0,0
2581,6,4,0.04108992540001965,2816.6220692438133,3238.6309882225382,422.008918978725,48.65,66.18,1.32
2582,8,5,0.08951020674064937,2671.587708988156,3178.590583738137,507.00287474998095,16.6,35.13,0.7
2583,6,4,0.14373910393622996,2732.495608720605,3150.0112555435217,417.51564682291655,15.65,46.67,0.93
2584,5,3,0.4583324890782196,2718.2625998374847,3298.5968709954836,580.334271157999,0,58.71,1.17
2585,6,4,0.4431976223911064,2765.5449571780605,3122.6568142227534,357.1118570446929,0,3.76,0.08
2586,7,5,0.08337663553475758,2751.664982083919,3076.086822794353,324.421840710434,0,32.83,0.66
2587,7,5,0.07101130673787359,2771.1837991003963,3128.6425379923276,357.45873889193126,24.25,59.92,1.2
2588,9,7,0.05305404692893146,2877.1450739470088,3258.95454212466,381.80946817765107,62.4,110.81,2.22
2589,5,3,0.3020873814307677,2711.2478807038756,3081.864842391064,370.61696168718845,24.85,8.42,0.17
2590,6,4,0.3657668094801192,2679.7257249396275,3181.681358286743,501.9556333471155,1.15,68.91,1.38
2591,8,7,0.14128994574726553,2747.944191091993,3118.7026999943414,370.75850890234824,55.2,131.79,2.64
2592,6,4,0.008662972047919023,2821.0515586485676,3164.1969873516414,343.1454287030738,16.3,46.48,0.93
2593,8,7,0.14389777344085175,2856.668911169047,3129.6008462683553,272.93193509930825,0,76.3,1.53
2594,7,4,0.09538480664228989,2786.1608153928214,3112.1160035669436,325.9551881741222,39.8,92.24,1.84
2595,6,4,0.2772370562094828,2726.592261984171,3140.8576760685937,414.2654140844229,35.45,59.35,1.19
2596,6,4,0.02082601302255216,2732.2019009884943,3120.547576792375,388.34567580388057,2.7,33.09,0.66
2597,8,6,0.6744026922448916,2733.0996484546904,3162.127325373195,429.02767691850477,6.25,29.55,0.59
2598,7,4,0.030899139931314077,2749.1371304719455,3287.615890393461,538.4787599215156,50.8,93.19,1.86
2599,9,7,0.12181555902563988,2623.852149908519,3147.790066938493,523.937917029974,49.35,141.08,2.82
2600,7,5,1.0748961145147808,2634.3430517180986,3145.305261273369,510.9622095552704,4.4,33.27,0.67
2601,7,6,0.1404898640650761,2780.622818274672,3205.6772157071246,425.05439743245233,28.6,63.85,1.28
2602,6,3,1.033851704261455,2629.589368882113,3210.7416904066713,581.1523215245584,0,0,0
2603,5,4,0.29285211625697055,2700.3253678732112,3166.4778286379014,466.1524607646902,37.35,42.15,0.84
2604,8,5,0.14461246050999227,2878.9168732207295,3211.8718712971486,332.9549980764191,16.55,58.88,1.18
2605,8,5,0.4441795869178286,2659.0330581229264,3081.0671077899765,422.0340496670501,0,3.98,0.08
2606,8,7,0.20144228429237473,2777.4963365272915,3204.429953558347,426.9336170310553,41.65,75.15,1.5
2607,7,4,0.36526144070092376,2806.356960759793,3186.7127343524407,380.3557735926479,34.55,53.04,1.06
2608,5,4,0.4591297968690795,2766.9876767240366,3185.4489601658925,418.4612834418558,0,20.68,0.41
2609,6,4,0.27644730667617146,2861.899053499249,3169.386747632945,307.4876941336961,0,45.5,0.91
2610,7,5,0.6751917190351838,2807.9172511565894,3292.809159419454,484.8919082628645,19.95,43.5,0.87
2611,8,4,0.05777719089853468,2708.8145710540816,3214.3840291117817,505.5694580577001,39.3,83.21,1.66
2612,7,4,0.05463149105741162,2810.476433381185,3153.5367605032043,343.0603271220193,0,0,0
2613,7,5,0.11724927739405194,2782.1876896175404,3173.708997685266,391.5213080677254,28.45,49.1,0.98
2614,9,6,0.005967857724498585,2799.8100575116996,3219.4459797794766,419.635922267777,7.4,60.94,1.22
2615,6,5,0.43963529896115344,2745.2494467448514,3239.4008582081724,494.151411463321,0,0,0
2616,8,5,0.051943493960150314,2757.6408817532365,3060.7338419460025,303.092960192766,42.85,45.29,0.91
2617,6,4,0.09854964211312438,2739.8422702610437,3166.9102916067,427.06802134565623,39.85,52.37,1.05
2618,8,5,0.4459776732249378,2821.683777396763,3236.807184844882,415.123407448119,0,5.69,0.11
2619,9,7,0.12079621854552608,2726.9057539578516,3107.586605725255,380.6808517674035,32.35,97.3,1.95
2620,7,5,0.975495267871966,2721.9046927152117,3114.2673473323316,392.3626546171199,12.9,12.34,0.25
2621,6,4,0.16335179913573697,2788.8211136910995,3046.198642908856,257.37752921775655,13.35,59.98,1.2
2622,7,5,0.42597736731574637,2804.3942829517705,3212.077773989743,407.68349103797254,0,0,0
2623,6,4,0.2136581272308707,2730.9950770282912,3110.2128160665593,379.21773903826806,26.9,68.09,1.36
2624,7,4,0.05979011033871767,2858.455998373352,3147.507830005435,289.0518316320831,14.1,27.9,0.56
2625,6,4,0.12148135541771987,2790.2198722957287,3144.519319988525,354.2994476927961,18.75,0,0
2626,6,5,0.036006937364014405,2658.7514655190234,3165.3691241837932,506.6176586647698,65.8,64.02,1.28
2627,9,6,0.03601739851500332,2729.365013067609,3137.4209947765517,408.05598170894245,47.3,90.58,1.81
2628,9,6,0.22208859726618646,2698.6508714039333,3103.575370988538,404.92449958460475,15.2,71.96,1.44
2629,7,5,0.13762647274205045,2742.349718918536,3162.4862096896213,420.1364907710854,25.15,75.49,1.51
2630,6,5,1.0869894692675932,2709.188690981287,3180.34430118326,471.1556102019731,32.55,79.83,1.6
2631,6,5,0.225263136865895,2684.754315880634,3265.1807243621006,580.4264084814668,38,60.28,1.21
2632,7,5,0.7736904041591987,2774.8240698458985,3205.9822936356068,431.15822378970825,39.35,88.73,1.77
2633,8,7,0.665463413720389,2784.3148611595666,3111.5993840366364,327.2845228770698,30.35,90.28,1.81
2634,7,6,0.8845043207057607,2683.3448402299555,3286.573144309118,603.2283040791626,0,0,0
2635,6,4,0.005369637667956824,2806.710444912369,3114.645115469386,307.93467055701694,47.25,57.37,1.15
2636,7,6,0.27812465831323757,2800.0449713432904,3148.193779919128,348.1488085758374,0,0,0
2637,7,5,0.037105256478387756,2824.179447678172,3225.842849017958,401.6634013397861,0,98.08,1.96
2638,6,4,0.07200455433344728,2709.4736471245315,3135.6910194390816,426.2173723145502,0,0,0
2639,6,4,0.8424363840089691,2632.9278353672967,3158.413724457558,525.4858890902615,0,14.1,0.28
2640,7,4,0.14679771914244774,2783.2078262824302,3265.394727156187,482.1869008737567,42.15,44.11,0.88
2641,6,5,0.23458696478171398,2684.918161200369,3243.906484024019,558.9883228236499,20.3,40.49,0.81
2642,6,4,0.16582812211032794,2761.6076062897846,3244.0011876237404,482.3935813339558,33.1,50.36,1.01
2643,9,6,0.3735409482374098,2803.36953203753,3159.874565890335,356.5050338528049,26.15,45.83,0.92
2644,7,5,0.14547452573463318,2733.4104764180356,3257.7959776920484,524.3855012740128,38.3,78.9,1.58
2645,7,4,0.18598882635594416,2704.999017935382,3157.417476807986,452.4184588726039,31.95,61.25,1.22
2646,8,5,0.5766638563515529,2782.8437608222525,3143.699852338213,360.85609151596054,6.85,20.18,0.4
2647,6,5,0.16904700347988408,2596.1886812701837,3281.4069709363225,685.2182896661388,45.4,66.4,1.33
2648,7,5,0.3178619492961164,2726.4653200848215,3152.4213157934028,425.9559957085812,54.15,142.25,2.84
2649,6,4,0.04860165342715982,2803.4527203178895,3181.4533212561423,378.0006009382528,32.05,42.6,0.85
2650,7,5,0.28415104938230085,2603.2769604664504,3065.999437278273,462.7224768118226,0,0,0
2651,7,4,0.8977362130043662,2658.1954548722315,3260.707717358877,602.5122624866453,27.55,59.91,1.2
2652,5,3,0.015055499821884706,2707.3582716289625,3185.36699324949,478.00872162052747,0,36.2,0.72
2653,6,5,0.011126868224045416,2783.322027379811,3196.7624420252646,413.44041464545353,30.2,69.52,1.39
2654,7,5,0.02470820039244702,2768.537903467201,3070.2053854219016,301.66748195470063,34.5,142.88,2.86
2655,8,6,0.6198353374207044,2742.5256669397545,3032.9661580151287,290.4404910753742,17.85,76.32,1.53
2656,7,5,0.4321806205529355,2682.1675990040276,3298.7011733736995,616.5335743696719,13.2,66.21,1.32
2657,7,4,0.40560345473175796,2738.521787206211,3127.535559162607,389.01377195639634,0,21.7,0.43
2658,7,6,0.9764710808668183,2673.733983083071,3131.416867437074,457.6828843540029,25,58.48,1.17
2659,7,4,0.7446605087266572,2767.0997074749125,3452.6852320772887,685.5855246023762,5.5,42.43,0.85
2660,5,4,0.014882925013537726,2758.6476406086467,3245.17675347141,486.5291128627632,0,0,0
2661,7,5,0.2217450489170593,2718.7136314721197,3231.810938309355,513.0973068372355,0,26.23,0.52
2662,7,5,0.044099334116366073,2830.3929112375135,3064.204891991392,233.8119807538783,38.1,62.11,1.24
2663,8,5,0.1415569593824337,2837.5934731472926,3029.022951578738,191.4294784314452,22.8,68.71,1.37
2664,6,5,0.9631563669887435,2727.601371391053,3126.427133006336,398.8257616152832,4.15,0,0
2665,8,5,0.027629084962296744,2744.7570762858886,3107.9956695379356,363.23859325204694,49.35,94.03,1.88
2666,8,5,0.11075127205108247,2778.212241994579,3097.0141311426687,318.8018891480897,16.45,63.18,1.26
2667,7,5,0.10411007635558464,2748.510258334254,3082.428715008752,333.918456674498,19.25,146.51,2.93
2668,7,4,0.05332351018356147,2706.638763395862,3121.411858098638,414.7730947027758,49.85,92.09,1.84
2669,6,4,0.668937957356782,2641.949715580651,3197.0775590621533,555.1278434815022,13.1,40.29,0.81
2670,7,4,0.1556983402191982,2746.7494793737096,3223.7337716405427,476.9842922668331,33.75,77.97,1.56
2671,8,5,0.033647271557804836,2808.4471189254223,3188.278677701455,379.8315587760326,54.4,101.53,2.03
2672,7,5,0.07670021948793333,2743.478074545575,3182.3990834702645,438.92100892468943,42.7,63.93,1.28
2673,7,4,0.14227865265492023,2691.813342475241,3038.6016949843697,346.7883525091288,20.05,33.63,0.67
2674,7,6,0.5932651130099363,2845.2820676605,3214.295699428062,369.01363176756195,26.6,99.34,1.99
2675,5,4,0.06875930979840554,2624.3226572467447,3351.7803908999454,727.4577336532006,0,0,0
2676,7,5,0.538634211292273,2783.235829967166,3100.7100734613387,317.4742434941727,12.9,38.95,0.78
2677,7,5,0.7520860935750247,2782.2191549115178,3262.5428513975244,480.3236964860066,18,81.21,1.62
2678,6,4,0.3924310316363975,2664.5252469704233,3059.9689789067106,395.44373193628735,1.95,19.47,0.39
2679,6,5,0.05838229471119043,2616.7905759096884,2984.8719208393186,368.0813449296302,55.6,146.16,2.92
2680,6,3,1.1515499210093705,2813.042837644755,3069.6864423053416,256.6436046605868,14.5,45.82,0.92
2681,8,5,0.7379832816502611,2708.1885140784034,3143.4173735285053,435.22885945010194,22.65,69.63,1.39
2682,7,5,0.6952137730262679,2599.822255924384,3130.9063547274304,531.0840988030463,4.2,42.01,0.84
2683,7,5,0.5086017881551115,2718.6024307367466,3118.0034451476513,399.40101441090474,28.55,76.29,1.53
2684,7,5,1.0503938360058798,2775.3773175258398,3217.7023512945534,442.32503376871364,7.55,28.63,0.57
2685,7,4,0.015514590828122,2804.5668310970095,3093.9300022041184,289.3631711071089,20.9,0,0
2686,6,4,0.07015989667222751,2768.803251919489,3232.750651267602,463.94739934811287,28.4,5.37,0.11
2687,8,6,0.27541071880674917,2868.504981961223,3102.0580047384615,233.5530227772383,27.2,36.89,0.74
2688,6,3,0.06721217461157127,2750.70465122479,3285.342166363895,534.6375151391053,46.4,25.52,0.51
2689,7,5,0.38082787089418224,2688.929813651743,3108.3570926184634,419.4272789667202,19.1,98.86,1.98
2690,8,6,0.02467905975270617,2701.077699464783,3142.6011377929412,441.52343832815814,46.5,149.69,2.99
2691,7,5,0.01466950174990726,2754.605670724177,3138.7280977869473,384.1224270627704,0,57.79,1.16
2692,7,5,0.051928899757185495,2685.0168792122886,3057.3673568658332,372.35047765354466,94.25,133.73,2.67
2693,8,5,0.5717996576052952,2554.8513697137005,3045.3846301012004,490.5332603874999,0,0,0
2694,7,6,0.0038502640784479907,2827.3089184889805,3016.709007211479,189.40008872249837,0,47.66,0.95
2695,8,5,0.06112339064813491,2779.6037243948845,3340.16489869112,560.5611742962355,21.3,50.89,1.02
2696,7,4,0.3291688926110751,2776.426029378566,3133.363935028309,356.9379056497428,42.3,60.84,1.22
2697,8,5,0.025316802145261337,2772.8073275318407,3168.8217853649494,396.01445783310874,24.4,52,1.04
2698,7,6,0.14967414513966773,2854.7829749753287,3201.715533511089,346.9325585357601,40.35,118.2,2.36
2699,5,3,0.0510015040096808,2750.993140087524,3101.7224537048774,350.72931361735345,0,44.35,0.89
2700,7,5,0.15668186625876493,2704.777406645899,3115.3134707682398,410.5360641223406,23.55,70.95,1.42
2701,8,5,0.004705848283343546,2869.6361210848113,3167.3321220908733,297.69600100606203,11.65,38.96,0.78
2702,6,4,0.6420828019164588,2852.263611744754,3206.308939080068,354.0453273353137,0,0,0
2703,6,4,0.5617731533137845,2767.9090855058316,3145.9850829591046,378.075997453273,13.9,44.05,0.88
2704,6,4,1.0910333253603415,2794.599932552885,3100.391639161299,305.79170660841373,0.65,25.35,0.51
2705,6,5,0.1777824531540601,2657.374005152814,2968.6548360651177,311.2808309123038,57.1,79.72,1.59
2706,6,5,0.34066102258417963,2774.807020777268,3141.526889644749,366.7198688674812,41.45,163.69,3.27
2707,7,4,0.07489237107204315,2688.940633032182,3016.2123729562927,327.27173992411053,11.45,57.52,1.15
2708,7,4,0.00013763518194503607,2727.6671344097076,3048.003030629382,320.3358962196744,95.25,150.57,3.01
2709,7,5,0.6163711321303982,2707.7449273345114,3200.8855589281325,493.14063159362104,23.2,61.16,1.22
2710,7,5,0.37885961589141287,2781.222877649873,3152.3470051387926,371.1241274889194,0,8.8,0.18
2711,10,6,0.2626077215195016,2777.2113368942637,3253.25850237272,476.04716547845646,39.15,120.23,2.4
2712,7,5,0.2970288319137535,2763.556159075752,3228.9426418892085,465.3864828134565,0,0,0
2713,7,5,0.3669810819846542,2822.6158445969522,3142.4775683137227,319.8617237167705,0,0,0
2714,8,6,0.1984317744966257,2806.6839361654447,3075.0765862399303,268.3926500744856,0,0.75,0.01
2715,7,4,0.6298637973790829,2702.3399962091494,3138.769158277088,436.4291620679387,19.65,90.18,1.8
2716,7,4,0.2792709616492822,2793.823448072284,3254.6549585159046,460.8315104436206,0,0,0
2717,8,6,0.006542441947499176,2672.5955692037373,3120.5191390088244,447.923569805087,61.3,100.02,2
2718,6,4,0.2570816731277785,2648.5256233271252,3221.555834067533,573.0302107404077,21.1,59.91,1.2
2719,5,5,0.054223765206479674,2860.7406811007345,3087.155507369795,226.41482626906054,39.7,70.8,1.42
2720,8,6,0.0077429971662259355,2745.2599389188945,3205.2128698583892,459.95293093949476,92.7,177.18,3.54
2721,6,4,0.0780561836067571,2756.0953901719267,3209.4491134298087,453.35372325788194,22.95,54.98,1.1
2722,7,6,0.02050663516034926,2753.9027677688237,3139.8441239500953,385.94135618127166,52,86.3,1.73
2723,6,5,0.00667946018532812,2845.44671217348,3039.4882417096314,194.0415295361513,35.8,55.27,1.11
2724,8,6,0.7620458564966409,2877.567396471294,3082.352157417849,204.7847609465548,8.45,36.73,0.73
2725,6,4,0.11322983293058048,2731.2507009020524,3191.3183311884995,460.0676302864472,0,45.65,0.91
2726,8,5,0.11768356582797482,2657.963913850437,3211.3455810809737,553.3816672305366,46.15,191.63,3.83
2727,7,6,0.7829805971585097,2730.7759215868746,3150.702562360234,419.9266407733594,42,101.14,2.02
2728,6,4,0.009540769628100743,2728.0322323604414,3234.5207865608836,506.4885542004422,52.45,56.98,1.14
2729,7,5,0.04773659647767614,2780.1708997854894,3156.723188125207,376.5522883397175,13.2,100.35,2.01
2730,7,5,0.89389081224276,2628.767356814257,3118.414202193741,489.64684537948415,0,0,0
2731,8,6,0.35288660400757726,2941.4546014748116,3311.7163780032542,370.2617765284426,16.7,43.7,0.87
2732,7,4,0.04496261806110997,2753.007752064303,3232.4845911184184,479.4768390541153,36.55,34.02,0.68
2733,8,6,0.009092471673705037,2820.16716752615,3200.2679130673087,380.10074554115863,33.45,57.71,1.15
2734,7,4,0.34103301584428874,2654.8438283290607,3096.3457309122737,441.501902583213,41.5,45.6,0.91
2735,7,4,0.1322102693565039,2815.620562673129,3222.3017604652196,406.68119779209064,29.7,25.25,0.51
2736,8,5,0.16886019914843076,2769.2154071645605,3061.394053586992,292.1786464224315,24.35,22.08,0.44
2737,6,5,0.6315259958558369,2764.044338245091,3183.97015933548,419.92582109038904,32.35,41.01,0.82
2738,7,4,0.06789216400204741,2726.5407221786973,3054.3230661615403,327.78234398284303,41.6,54.27,1.09
2739,6,4,0.9097313176375609,2784.911750142108,3143.7815702143175,358.8698200722097,19,59.99,1.2
2740,6,4,0.014928618607641426,2676.657907409279,3298.1124375702275,621.4545301609487,23.95,52.95,1.06
2741,7,5,0.003246808797485442,2748.466384888925,3183.5504958467077,435.08411095778274,0,13.45,0.27
2742,8,6,0.0437355012708,2811.5338702930057,3287.3627639612528,475.828893668247,26.05,107.49,2.15
2743,5,3,0.15471223657452052,2712.755199128957,3107.8896055016726,395.1344063727156,0,0,0
2744,8,5,0.12767806878023416,2821.7620121885793,3152.0724002091215,330.3103880205422,33.05,46.82,0.94
2745,6,5,0.10983220407557313,2770.47395677193,3197.6956124291273,427.2216556571975,0,0,0
2746,6,4,0.313170459982266,2752.6956740452856,3119.1979757366635,366.50230169137785,8.95,81.04,1.62
2747,6,3,0.002029778731049236,2847.266633103584,3212.269313596994,365.00268049341,21.55,49.77,1
2748,7,4,0.3471467903719304,2636.9375992858895,3126.1798947050484,489.24229541915884,29.1,89.14,1.78
2749,9,6,0.005353515374768388,2725.4639920265045,3237.4677885521237,512.0037965256192,179.5,336.13,6.72
2750,6,5,0.6847628885097042,2813.412724968185,3251.2234424232424,437.81071745505733,0,0,0
2751,7,4,0.004963363484877219,2734.5747502690733,3275.974542616125,541.3997923470515,0,0,0
2752,8,5,0.9921553921364865,2822.321899643527,3171.2856643562604,348.96376471273334,6.25,27.56,0.55
2753,6,5,0.08840267199646529,2734.92679941193,3065.666561657228,330.73976224529815,0,9.66,0.19
2754,7,6,0.08417687644286012,2797.189525861166,3244.701375014437,447.51184915327076,28.45,97.58,1.95
2755,6,3,0.32251399161087874,2677.988818853185,3180.373807393386,502.384988540201,0,0,0
2756,8,5,0.12292771390108317,2782.1320712833244,3169.9475429532354,387.81547166991095,37.8,89.39,1.79
2757,5,4,0.0009368865721954436,2692.3664004111033,3260.826162269966,568.4597618588627,60.65,49.55,0.99
2758,7,5,0.10956578943127028,2707.632542046153,3125.331615350405,417.6990733042521,28.75,146.23,2.92
2759,7,4,0.0030061170661394325,2825.8730538824384,3160.02345875979,334.1504048773518,50.9,49.92,1
2760,8,5,0.12261970965411742,2714.9454137394905,3113.6737950678803,398.7283813283898,47.15,88.58,1.77
2761,8,5,0.6856593183868511,2838.9994082054804,3144.190738707881,305.19133050240043,4.75,22.95,0.46
2762,6,5,0.19380285409325937,2880.7959555858033,3139.292227352408,258.4962717666049,29.95,79.16,1.58
2763,7,6,0.5996012052260827,2736.457489483201,3148.031655502402,411.57416601920113,25.35,55.44,1.11
2764,7,5,0.09553260999775304,2715.9984544311096,3027.210954070269,311.21249963915943,45.15,58.87,1.18
2765,7,5,0.521941455322618,2791.962571876229,3248.222406928019,456.2598350517901,9.1,41.02,0.82
2766,8,5,0.03765228069790513,2713.2792875747064,3330.598507589385,617.3192200146786,45.75,50.26,1.01
2767,7,5,0.11554489800824366,2654.0829703751488,3149.5478696096598,495.464899234511,29.85,46.58,0.93
2768,8,5,0.08018295867940366,2773.03902477059,3050.6283760362803,277.5893512656903,22.15,51.54,1.03
2769,9,5,0.3713732770641741,2729.6969853413834,3153.029808711916,423.3328233705324,29.3,58.62,1.17
2770,7,5,0.29054697056682344,2583.330866198936,3195.3386477924187,612.0077815934828,0,4.85,0.1
2771,8,5,0.007606843717279082,2823.486349315031,3197.711056584324,374.22470726929305,18.65,45.33,0.91
2772,7,4,0.6786210939540033,2644.8606084610624,3194.415144876055,549.5545364149925,0,28.5,0.57
2773,7,4,0.024696139584288474,2758.434253510314,3135.4937314819194,377.05947797160525,32.65,19.17,0.38
2774,8,6,0.6679765310327439,2594.6126565469444,3145.583114905963,550.9704583590187,45,126.69,2.53
2775,7,4,0.20862562439627996,2705.394804563862,3122.962702914467,417.567898350605,11,0,0
2776,8,5,0.02943488920213226,2737.245677092366,3079.2499754962337,342.0042984038678,44.5,93.81,1.88
2777,7,5,0.6346941893613383,2836.228802670275,3207.2212604755405,370.99245780526553,0,86.09,1.72
2778,7,4,0.08243450927494751,2799.8099509275335,3268.014912342153,468.20496141461945,12.35,0,0
2779,8,5,0.17389877816839538,2653.3973258334518,3032.8008176936983,379.4034918602465,27.95,65.63,1.31
2780,6,6,0.049544985452054095,2782.353761186316,3139.2956257638216,356.9418645775054,44.2,55.17,1.1
2781,7,5,0.01849791319878643,2580.2955979924195,3124.301722809093,544.0061248166735,102.6,186.79,3.74
2782,7,4,0.9524294971711922,2742.626329676687,3074.150858212509,331.5245285358219,28.6,45.61,0.91
2783,6,4,0.5437216608941864,2713.6372319172474,3196.494520681472,482.85728876422445,17.4,24.33,0.49
2784,7,5,0.10191960525826872,2784.9619681290724,3219.1640703607663,434.20210223169397,38.15,92.82,1.86
2785,6,5,0.8730251075087097,2691.9133972046293,3091.7290787222832,399.81568151765396,30.95,40.63,0.81
2786,8,7,0.15702185196679513,2749.6813068429697,3175.781393893336,426.10008705036626,20.95,55.56,1.11
2787,8,5,0.43248236842240456,2789.3617497579226,3145.7791107045364,356.4173609466138,21.45,61.74,1.23
2788,9,6,0.02630537644475421,2717.600101512463,3106.910866883432,389.31076537096897,74.75,139.36,2.79
2789,5,4,0.778908675768827,2636.641903671883,3107.8386661977806,471.1967625258976,25.75,22.45,0.45
2790,6,4,0.891649516829202,2703.7464254984875,3111.6972572981676,407.95083179968015,0,0,0
2791,8,5,0.16740523008128852,2764.3515735019264,3178.9971500605593,414.6455765586329,35.4,49.82,1
2792,8,6,0.2497110391149174,2730.1085522890394,3137.578904844735,407.4703525556956,2.4,70.98,1.42
2793,8,6,0.5812771228104615,2791.0383737218917,3158.9786276823793,367.94025396048755,11.15,45.66,0.91
2794,8,5,0.43334129138596433,2722.0023885100004,3134.8473039789055,412.8449154689051,25.3,75.88,1.52
2795,8,6,0.0927563388612459,2764.3552758182514,3089.413183040043,325.05790722179154,26.5,55.6,1.11
2796,7,4,0.8484801474522269,2717.505395770247,3175.7321950093688,458.22679923912165,0,0,0
2797,7,5,0.08789617818828764,2816.0775342042825,3025.676400147183,209.59886594290037,45.35,72.37,1.45
2798,8,7,0.03027055714657951,2611.063758295613,3284.503059209554,673.4393009139412,81.4,144.06,2.88
2799,7,5,0.03519474986796414,2766.5953629487676,3102.0192750366036,335.423912087836,0,0,0
2800,7,5,0.5071546578794826,2655.0945177141652,3074.6479271950293,419.55340948086405,0,0,0
2801,6,4,0.07046894299837211,2674.9274635868605,3171.3883928805894,496.4609292937289,7.85,46.42,0.93
2802,6,6,0.2140770505618868,2839.495738624042,3113.8962311884184,274.40049256437624,2.85,29.85,0.6
2803,7,4,0.0064942718707412216,2725.625957261518,3068.8695070182926,343.2435497567744,24.5,18.41,0.37
2804,9,7,0.23310191301446315,2750.642785832364,3120.203281419741,369.56049558737686,19.45,136.31,2.73
2805,6,3,0.7068593865697925,2784.713898605828,3141.4044924400864,356.6905938342584,0,0,0
2806,7,5,0.09430143064223902,2606.134285690182,3170.25196186165,564.1176761714682,112.85,146.99,2.94
2807,8,7,0.07470970342663992,2772.9054471317913,3187.2892689187224,414.3838217869311,76.55,266.98,5.34
2808,7,4,0.04247507805550545,2780.4385067994917,3131.5022789848235,351.0637721853318,32.5,81.96,1.64
2809,8,5,0.6890555697564827,2843.857351819494,3192.6963000973888,348.8389482778948,5.2,14,0.28
2810,5,4,0.6770410810836712,2800.8152714822427,3191.5799682635493,390.7646967813066,0,9.6,0.19
2811,6,5,0.4956885586609494,2794.874625849983,3133.549386270187,338.6747604202037,0,0,0
2812,7,6,0.05966863972986477,2921.7153309779446,3225.1879154427925,303.47258446484784,78.45,61.4,1.23
2813,7,5,0.0013548934320008062,2870.58356749622,3207.7619353469436,337.1783678507236,32.65,14.6,0.29
2814,7,5,0.10254886090377074,2739.276475818185,3193.869988021811,454.5935122036258,0,0,0
2815,7,4,0.8243736567474913,2770.2749364972346,3174.528628572725,404.25369207549056,28.1,127,2.54
2816,6,5,0.5091591450637805,2705.3863841996395,3288.29066216609,582.9042779664505,2.65,64,1.28
2817,6,5,0.3329790339827563,2861.2345912196706,3233.103736875847,371.86914565617644,0,50.13,1
2818,8,5,0.023391341141162172,2532.3544611086727,3093.788141656022,561.4336805473495,23.65,29.89,0.6
2819,8,5,0.029847147053762305,2705.025223626183,3263.030395273472,558.005171647289,10.2,91.05,1.82
2820,8,6,0.7692897002729778,2701.548311236907,3171.759297050377,470.21098581346996,7,58.73,1.17
2821,7,5,0.6986626563560087,2831.113819541494,3069.0191598811525,237.90534033965832,0,2.23,0.04
2822,7,5,0.2548868634201517,2553.1967921836454,3288.7211574280163,735.524365244371,9.4,47.08,0.94
2823,7,5,0.07077111964591415,2704.9192854522194,3158.425005745346,453.5057202931266,0,0,0
2824,8,7,0.24106797452484446,2672.701372690627,3117.524598746152,444.8232260555251,56.5,148.98,2.98
2825,7,6,0.08638196206912345,2816.5872025908907,3221.6828633443,405.09566075340945,12.95,41.9,0.84
2826,6,5,0.08235505124300704,2737.677023241499,3209.6544745815663,471.97745134006755,27.35,50.21,1
2827,6,5,0.16981143980402888,2526.1332315283803,3161.2847813063554,635.1515497779751,45.65,52.51,1.05
2828,5,4,0.4112834031549495,2751.6644091118087,3031.9330232591774,280.2686141473687,0,29.71,0.59
2829,8,5,0.20251059598412965,2692.8184595882444,3050.6842957738145,357.86583618557006,41.45,86.8,1.74
2830,8,6,0.9996035468558112,2698.8219609479042,3255.458625146153,556.6366641982486,46.55,118.14,2.36
2831,6,4,0.003837854969327154,2737.8045183000086,3138.7539949946045,400.9494766945959,41.75,76.91,1.54
2832,7,5,0.20183349356870575,2830.7965339040666,3235.6635831234207,404.86704921935416,14.35,16.78,0.34
2833,7,5,0.1438633911180245,2775.6953338957137,3054.959569524888,279.26423562917444,28.8,110.94,2.22
2834,8,5,0.021527361271344025,2743.709108595651,3221.31901720154,477.60990860588936,0,35.01,0.7
2835,9,7,0.17897501752507164,2820.9219681502855,3238.44718237777,417.5252142274844,13.35,79.32,1.59
2836,8,5,0.12987311706293495,2716.9734444723726,3115.625371908177,398.6519274358043,29.9,16.62,0.33
2837,8,6,0.35107101793563034,2717.4996404235035,3138.8300889454645,421.330448521961,22.45,45.87,0.92
2838,8,5,0.06018280501992318,2766.2271366832056,3133.431652189555,367.20451550634925,22.85,153.09,3.06
2839,8,4,0.15306695422347294,2629.8658263789926,3124.425057139623,494.55923076063027,0.5,11.92,0.24
2840,6,5,0.06286391856086798,2772.321848408264,3189.2943607722677,416.9725123640037,23.9,0.85,0.02
2841,7,6,0.1809100719967018,2716.394603211932,3042.5692763639167,326.17467315198473,27.15,76.44,1.53
2842,6,4,0.00483764589626024,2796.120734633214,3177.1456733105133,381.02493867729936,8.85,35.8,0.72
2843,9,5,0.200719662927261,2558.9963952966627,3217.6905949636034,658.6941996669407,5.95,54.03,1.08
2844,8,5,0.13985445251173462,2693.7463632421654,3197.688820938261,503.9424576960955,33.2,55.11,1.1
2845,8,5,0.10423841932128271,2776.756876531303,3098.3361945445763,321.5793180132732,49.7,59.15,1.18
2846,6,4,0.9841646006572403,2781.053575205871,3124.592790803787,343.53921559791615,0,22.5,0.45
2847,7,6,0.14257226999500874,2747.0945964047623,3147.725477002619,400.6308805978565,69.45,170.05,3.4
2848,6,4,0.27067341739799716,2802.9884766576356,3255.1713176020353,452.1828409443997,29.25,68.88,1.38
2849,6,4,0.048674788346103115,2721.4587008998496,3247.2366352890863,525.7779343892366,0,0,0
2850,7,4,0.24325254206776964,2644.4015384710565,3146.108746262687,501.7072077916305,9.05,77.78,1.56
2851,8,6,0.04015442632663063,2698.700443669519,3127.481456976227,428.78101330670825,83.9,156.32,3.13
2852,8,6,0.01275285613286359,2668.306834736883,3218.2421211516157,549.9352864147327,48.3,83.35,1.67
2853,6,5,0.4400272847860898,2733.0068200006986,3242.682905677852,509.6760856771534,10,35.22,0.7
2854,7,5,0.03388095084293077,2679.512061158602,3129.5922280938257,450.0801669352236,7.5,54.57,1.09
2855,7,5,0.14371602988034146,2622.1299689728185,3109.2090373394763,487.0790683666578,48.85,60.34,1.21
2856,7,4,0.08645424894691937,2741.2489101603346,3219.6455411107295,478.39663095039487,27.5,38.66,0.77
2857,6,5,0.8471709238992565,2831.8284446056496,3200.273911006148,368.4454664004984,0,0,0
2858,7,4,0.16697932991916345,2846.1197984428995,3206.488829197611,360.3690307547113,44.85,77.67,1.55
2859,6,3,0.11535696104878716,2811.6323016606066,3175.3273730969786,363.695071436372,26.6,9.06,0.18
2860,9,6,0.19117585880984836,2813.3915236168787,3047.9488543133007,234.557330696422,14,80.08,1.6
2861,5,4,0.39968273174865365,2862.692183433605,3112.174848985502,249.4826655518973,13.65,20.43,0.41
2862,6,4,0.3053572842632606,2645.2765493739894,3322.902937905453,677.6263885314638,0,0,0
2863,7,5,0.17085457955314323,2810.2170012461424,3061.967051174501,251.75004992835875,2.95,0,0
2864,8,6,0.096771672036796,2764.949417525643,3074.0323005828714,309.0828830572282,6.55,62.28,1.25
2865,8,7,0.023412793806225032,2811.198129515224,3155.1591600607144,343.9610305454903,58.95,120.55,2.41
2866,6,4,0.5580001207483266,2778.3269049348055,3207.1115034323134,428.7845984975079,6.05,27.98,0.56
2867,7,5,0.4665266929455872,2706.7914366521536,3215.3926843314493,508.60124767929574,11.85,61.52,1.23
2868,8,7,0.06205910530876869,2772.467646682854,3088.212316578239,315.74466989538496,52.1,77.95,1.56
2869,6,4,0.17156745123408237,2758.1892452028983,3125.8638986615083,367.67465345861,53.85,51,1.02
2870,8,6,0.04633658275088296,2664.578592620824,3111.167501681792,446.58890906096804,7.85,106.29,2.13
2871,8,5,0.10948963263374993,2675.7660236831143,3215.825698076485,540.0596743933706,0,21.17,0.42
2872,7,5,0.04116810885173005,2682.545534034387,3047.8744713633882,365.3289373290013,0,59.52,1.19
2873,8,6,0.05961603307331269,2893.4909733928703,3190.517541822891,297.0265684300207,70.35,151.36,3.03
2874,9,5,0.2579585320112575,2774.0562939578604,3193.6391484402534,419.58285448239303,4.35,0,0
2875,7,5,0.21468255610613154,2747.22759953361,3157.334062249854,410.1064627162441,0,0,0
2876,6,5,0.04546246018985871,2633.026641189832,3149.7199665734774,516.6933253836455,66,156.83,3.14
2877,8,7,0.14593634884799778,2781.9886024736043,3320.1537793620178,538.1651768884135,27.05,68.41,1.37
2878,6,4,0.10380849654230734,2694.1525284413433,3165.3021798558634,471.1496514145201,8.5,32.5,0.65
2879,7,4,0.003513915923683982,2612.7171248491773,3231.0692933114183,618.352168462241,28.9,56.13,1.12
2880,7,4,0.0013447067121983296,2749.567582211619,3217.872023118357,468.3044409067379,54,51.81,1.04
2881,8,4,0.07508564151781913,2779.982445170648,3188.9041838983308,408.9217387276826,2.95,17.52,0.35
2882,8,5,0.8827685989852172,2761.7313866401805,3273.18844733999,511.4570606998095,23.35,98.38,1.97
2883,9,6,0.05785118637424818,2763.023164709571,3206.6543408942803,443.63117618470915,40.7,91.61,1.83
2884,7,4,0.1596178060417771,2656.684813931537,3130.434892688072,473.750078756535,10.2,76.27,1.53
2885,8,6,0.0620531705214556,2763.5638869586924,3086.729681106352,323.16579414765965,38.8,112.11,2.24
2886,8,5,0.06756129121295608,2748.898206301584,3143.363543429675,394.4653371280906,34.7,184.3,3.69
2887,7,5,0.04101180043642007,2776.242025245954,3096.5615075958663,320.31948234991205,25.45,0,0
2888,9,6,0.2192496570956926,2737.687760146992,3238.1731259590706,500.4853658120787,39.35,126.34,2.53
2889,8,5,0.10229146117699427,2700.9825238371122,3279.2214392100677,578.2389153729555,18.35,58.53,1.17
2890,6,4,0.5584757837886676,2682.9117891741516,3316.7845741489436,633.872784974792,11.4,39.89,0.8
2891,6,3,0.45938470060263925,2885.204424213596,3240.4393013395947,355.23487712599854,1.8,20.31,0.41
2892,6,4,0.28537136652312345,2648.2847438504123,3129.4009751561985,481.1162313057862,7.25,0,0
2893,8,6,0.35077665236942385,2703.8170723340886,3124.136569977753,420.31949764366436,18.65,70.35,1.41
2894,7,4,0.005016887382725338,2732.7637506001624,3250.9274102415015,518.1636596413391,0,0,0
2895,7,5,0.2613328290782536,2869.570858663967,3148.096171761056,278.5253130970891,15.05,0,0
2896,6,5,0.24423701753435337,2772.3638846932404,3059.0201867447136,286.6563020514732,25.65,35.49,0.71
2897,6,4,0.2787647910097414,2713.7280086663227,3149.2074375141224,435.4794288477997,0,0,0
2898,9,8,0.11013312235472754,2712.6220571185195,3122.4156310608687,409.7935739423492,19.6,109.3,2.19
2899,7,6,0.44128293419566766,2678.230340937605,3238.1204390865364,559.8900981489314,5.05,18.63,0.37
2900,6,5,0.03884897703344515,2607.219370399566,3083.1811684307786,475.96179803121277,48.15,94.12,1.88
2901,8,8,0.1412011591052084,2746.6384475460936,3028.2736014250736,281.63515387897996,31.9,185.38,3.71
2902,6,3,0.01225184427005895,2772.4187521543317,3064.8524550991283,292.43370294479655,6.6,46.32,0.93
2903,8,6,0.13710988893955894,2815.693233658829,3139.4330682389964,323.73983458016755,41.15,84.86,1.7
2904,9,6,0.023366001467057872,2795.9733785805174,3131.7130524463887,335.7396738658713,36.85,141.14,2.82
2905,8,6,0.2557992335494381,2751.6221020882854,3136.6738134200223,385.0517113317369,39.8,142.98,2.86
2906,7,5,0.1647507169720873,2654.246384546997,3314.1004104011986,659.8540258542016,56.2,111.62,2.23
2907,6,3,0.6135532748850018,2772.916369873049,3150.008573958254,377.09220408520514,0.5,21.84,0.44
2908,5,3,0.23183708269402992,2676.9522586431003,3022.9466111292127,345.99435248611235,7.05,7.35,0.15
2909,7,4,0.05220698389996175,2740.531370372235,3143.795479644868,403.26410927263305,0,50.74,1.01
2910,8,5,0.027473649443142824,2771.792055899629,3144.438320948147,372.6462650485182,8.65,43.77,0.88
2911,8,5,0.8669135662676128,2792.0562871205343,3131.8862461457434,339.82995902520906,7.45,49.44,0.99
2912,6,5,0.7548308676092126,2618.094548578547,3021.9908375437585,403.8962889652116,31.05,61.47,1.23
2913,7,5,0.15362184330010234,2819.24834947843,3261.773168061308,442.52481858287774,0,0,0
2914,6,4,0.6653949367283566,2689.801504205799,3110.5484597818167,420.7469555760176,0,53.92,1.08
2915,7,5,0.03578757962310732,2561.4390069043097,3183.797988570896,622.3589816665863,33.65,54.15,1.08
2916,8,4,0.1201997981184295,2722.2065953630095,3226.797966356007,504.5913709929973,0,40.56,0.81
2917,7,5,0.847777072891743,2810.102750199748,3156.5733468185203,346.47059661877256,1.8,22.69,0.45
2918,8,6,0.10523312065391131,2620.369576499958,3160.228105101118,539.8585286011603,12.2,56.52,1.13
2919,6,4,0.5810392836590434,2785.549975480277,3158.324078289719,372.77410280944196,0,0,0
2920,6,5,0.027017293120822582,2592.07653742489,3197.0111947983705,604.9346573734806,26.7,53.13,1.06
2921,9,7,0.23077236498080542,2770.629058479686,3239.0302927648045,468.40123428511833,14.15,120.76,2.41
2922,8,6,0.16379382445877114,2789.4168873744416,3128.2957022308406,338.878814856399,50.55,94.41,1.89
2923,9,7,0.16441385494200011,2699.4144091552844,3082.1096236992885,382.6952145440041,0,22.85,0.46
2924,7,6,0.06715517251676842,2749.8547694838867,3251.726793470409,501.87202398652244,65.25,60.44,1.21
2925,6,4,0.2659894728735502,2865.3929212604294,3265.543420301886,400.15049904145644,16.1,0,0
2926,6,4,0.010374951941526992,2724.461405894717,3085.387019883551,360.92561398883436,0,0,0
2927,8,5,0.11148368325594044,2693.6677135931664,3144.5717172801874,450.90400368702103,0.45,11.66,0.23
2928,8,4,0.4631323556165817,2751.077811087361,3219.8816652023515,468.8038541149904,0,43.06,0.86
2929,8,5,0.08900061922958673,2794.252628834496,3166.365978856957,372.11335002246096,22.95,20.16,0.4
2930,7,4,0.028968528573487275,2836.0709235492245,3184.7636666079097,348.6927430586852,53.35,108.95,2.18
2931,6,4,0.03316665649020083,2632.911854786332,3052.523675525411,419.6118207390791,7.75,30.34,0.61
2932,7,4,0.4966364925084121,2776.021442231136,3229.398699545584,453.3772573144479,0,0,0
2933,7,5,0.24108762528391242,2677.7172025919294,3248.928014590179,571.2108119982495,24.1,102.7,2.05
2934,7,5,0.0028954190891369597,2594.3387676134253,3071.2388979129087,476.9001302994834,52.5,118.07,2.36
2935,7,5,0.2107746731581013,2711.3370698319472,3113.3094312281805,401.9723613962333,0,48.05,0.96
2936,7,5,0.06467661911067162,2691.165991612348,3231.4923688278077,540.3263772154596,3.75,38.46,0.77
2937,8,4,0.0031392010743450474,2845.135082765354,3180.5046949367174,335.3696121713633,3.85,34.07,0.68
2938,8,6,0.2948673961521987,2656.9202745115363,3190.2537949953607,533.3335204838245,0,0,0
2939,6,4,0.17925135986164809,2600.531585114625,3142.5009505495373,541.9693654349121,8.75,33.84,0.68
2940,6,3,0.08924893380457805,2774.5288793024947,3242.3665689897516,467.8376896872569,0,25.98,0.52
2941,8,6,0.5684567997323173,2740.157377399838,3190.9735962600603,450.8162188602223,8.75,40.84,0.82
2942,8,4,0.14428733898584203,2835.8374087400816,3220.944958859876,385.10755011979427,20,35.45,0.71
2943,6,4,0.7551285900691147,2751.6402645016724,3009.098359926876,257.45809542520374,42.5,73.71,1.47
2944,7,7,0.12665132836417495,2781.7189771507306,3069.7126963665073,287.99371921577676,22.75,124.75,2.49
2945,7,6,0.03552201900287086,2680.082582445447,3137.5328007648186,457.45021831937174,23,79.69,1.59
2946,5,4,0.5250188858181566,2815.2201074448235,3197.784967985776,382.5648605409524,0,8.35,0.17
2947,8,6,0.018163390724836297,2702.969964814617,3084.238373998514,381.2684091838969,24.2,0,0
2948,8,5,0.10511525374773152,2822.5236916755434,3375.3413328335982,552.8176411580548,3.95,5.05,0.1
2949,8,4,0.5158222930287794,2712.6997151131263,3245.702944198737,533.0032290856107,43.65,108.15,2.16
2950,7,4,0.5220786706446741,2746.0527278008603,3167.8575790827563,421.80485128189594,0,16.07,0.32
2951,8,5,0.007587978415633934,2697.589634987543,3055.403092614801,357.81345762725823,15.55,63.19,1.26
2952,6,4,0.2071834679805985,2789.790905279533,3283.4923687025157,493.70146342298267,26.5,57.82,1.16
2953,5,4,0.21772064207533964,2825.463393488696,3190.437084572532,364.973691083836,25.75,1.57,0.03
2954,7,5,0.02049677740691391,2723.0806587433876,3213.1235411241755,490.0428823807879,0,53.39,1.07
2955,7,4,0.05784263645565646,2707.2597651360215,3075.0406383311265,367.78087319510496,18.25,0,0
2956,6,5,0.04400279992127529,2797.511029087261,3202.2056706235817,404.6946415363209,35.55,182.41,3.65
2957,7,6,0.1836417672169641,2701.3072413457326,3311.206648678741,609.8994073330086,0,0.71,0.01
2958,7,6,0.09451414928368053,2797.758020295012,3168.2864171067795,370.5283968117674,41.65,59.69,1.19
2959,5,5,0.058924507136047216,2673.3240510176947,3160.8737548648796,487.5497038471849,37.8,58.63,1.17
2960,8,5,0.13465540894607517,2711.8851982435085,3282.5326438013276,570.6474455578191,37.95,171.12,3.42
2961,9,6,0.0939402802853683,2738.3419699542687,3103.7999881339415,365.45801817967276,39.85,90.5,1.81
2962,7,5,0.12290232397941034,2871.8262060232432,3177.823403459009,305.9971974357659,57.2,103.94,2.08
2963,6,5,0.32934217192784965,2694.1126296853135,3199.838685319098,505.72605563378465,47.8,95.86,1.92
2964,8,6,0.1386184085085566,2814.9526469795405,3127.65863647315,312.70598949360965,0,4.42,0.09
2965,6,4,0.6190103267975736,2717.5400612804606,3144.548015366265,427.0079540858046,0,0,0
2966,8,7,0.06276469320637247,2771.44992459298,3319.9291433703293,548.4792187773492,5.15,27.8,0.56
2967,9,7,1.0963678054324786,2750.0897526392373,3126.1984327038335,376.10868006459623,5.35,64.95,1.3
2968,8,5,0.32737225433243466,2865.493806958598,3143.8129381182916,278.3191311596938,1.9,20.58,0.41
2969,6,4,0.5130944578692976,2755.9974597619935,3068.453415973391,312.45595621139773,20.2,83.5,1.67
2970,6,4,0.08212517637100485,2531.353556416819,3083.5142731366077,552.1607167197885,18.75,49.45,0.99
2971,7,5,0.09608365832868487,2746.0265778396047,3146.7715902412706,400.7450124016659,32.05,51.76,1.04
2972,6,4,0.45329580980938233,2706.4441778342866,3223.3372552775804,516.8930774432938,3.8,21.13,0.42
2973,9,5,0.2525828636509947,2701.3083766498876,3129.71992618977,428.41154953988234,0,74.38,1.49
2974,8,7,0.6513981545522863,2719.9269504737013,3057.53546908459,337.60851861088895,20.75,93.92,1.88
2975,8,7,0.01581797069288076,2833.662103547646,3202.705343023488,369.0432394758418,76.25,142.62,2.85
2976,5,3,0.0306308568969841,2645.3242805168084,3113.2878925450023,467.9636120281939,0,16.7,0.33
2977,7,5,0.6407692463045308,2673.6026540888092,3129.410415330762,455.8077612419529,11.5,81.76,1.64
2978,6,4,0.5994518262672797,2691.04980717061,3125.82986471854,434.78005754793,41.05,83.85,1.68
2979,7,4,0.23200664150982508,2751.9477330077993,3307.5181043330053,555.570371325206,0,47.64,0.95
2980,7,4,0.137121821085772,2738.65715614576,3120.012532791057,381.35537664529693,35.7,60.62,1.21
2981,5,3,0.392859412530363,2639.6863234016914,3081.2931300801997,441.6068066785083,5,53.12,1.06
2982,7,4,0.283599565854014,2507.3591484711296,3111.8178386791215,604.4586902079918,3.75,22.22,0.44
2983,7,5,0.049707457244367356,2832.8013872676065,3221.952965525408,389.1515782578017,21.25,75.61,1.51
2984,7,5,0.15785711330982163,2688.9215769009743,3076.537128425596,387.6155515246219,9.8,55.84,1.12
2985,5,4,0.4030564279391203,2851.8415374846045,3319.4504188210835,467.60888133647904,34.85,100.31,2.01
2986,7,4,0.6152834193601664,2696.5064098976,3262.339103182561,565.8326932849609,0,0,0
2987,7,4,0.11829243794994636,2812.928612924172,3118.3877855280925,305.4591726039207,62.2,88.41,1.77
2988,9,6,0.05099816835711008,2609.2342961250815,3286.285541166057,677.0512450409756,10.6,102.11,2.04
2989,7,4,0.4711830777189674,2732.119848767357,3283.987691861803,551.867843094446,0,3.55,0.07
2990,7,4,0.7585611979497356,2722.5875366894543,3083.6914122662497,361.1038755767954,0,15.53,0.31
2991,7,4,0.3483579704837019,2848.6748201775845,3233.734564659647,385.05974448206234,0,0,0
2992,7,4,0.28482987823754535,2799.090366686949,3163.086792718724,363.9964260317752,2.65,95.88,1.92
2993,5,4,0.008086920024339188,2722.1312558998725,3144.756814152591,422.6255582527183,47.1,26.63,0.53
2994,8,5,0.23444879157046863,2716.0617877828445,3117.8526789118087,401.7908911289642,14.2,53.17,1.06
2995,7,5,0.14957097797685273,2629.128361660562,3086.6956376323437,457.5672759717818,21.3,50.11,1
2996,7,5,0.18230236433553784,2756.8342310136677,3242.23740092714,485.4031699134721,8.9,47.94,0.96
2997,9,6,0.015365860112003396,2783.0162574596498,3244.7528856172903,461.73662815764055,53.1,132.29,2.65
2998,6,3,0.14461281690107106,2756.3676730825396,3154.667530829862,398.2998577473222,6.25,38.66,0.77
2999,7,5,0.022657939795209282,2729.7629084994005,3125.199457271445,395.4365487720447,50.6,93.29,1.87
3000,8,6,0.11347562609152312,2719.538252046805,3224.947454207142,505.4092021603369,35.65,83.02,1.66
3001,8,4,0.7333329546635013,2699.2894144756892,3197.628058921495,498.3386444458056,19.45,86.55,1.73
3002,6,6,0.03923389068367801,2790.2031397737546,3132.731307289042,342.52816751528735,26.65,45.12,0.9
3003,7,4,0.21237323643189812,2680.127438459888,3082.415339732796,402.28790127290813,27.3,29.01,0.58
3004,7,5,0.008304820362462223,2813.911567278414,3337.228669851909,523.317102573495,54.25,62.49,1.25
3005,7,5,0.40211842047455526,2686.8793968270847,3188.5687867778065,501.68938995072176,0,35.95,0.72
3006,8,6,0.08599274072228417,2699.7992190458413,3115.8482962344397,416.0490771885984,37.4,54.59,1.09
3007,8,5,0.553329161129702,2853.885988141603,3150.2278776732155,296.34188953161265,0,14.21,0.28
3008,6,4,0.6797455947327139,2710.9732357777866,3243.8572135825493,532.8839778047627,18.65,50.88,1.02
3009,5,3,0.7074023171431943,2776.6442917324175,2988.4839537754815,211.83966204306398,0,0,0
3010,7,4,1.0003077133709115,2713.502233968369,3124.4376664510196,410.9354324826504,5.95,33.19,0.66
3011,7,4,0.3831821126131523,2798.553843909525,3117.847976130465,319.29413222094036,31.4,53.5,1.07
3012,7,5,0.1793851330890479,2698.126253466278,3218.39551499831,520.269261532032,0,0,0
3013,8,5,0.7983414465404549,2669.3648847477475,3128.6741282755847,459.3092435278372,8.7,40.95,0.82
3014,7,6,0.053277759888386546,2712.4722429754675,3076.7092878712238,364.2370448957563,15.15,23.54,0.47
3015,8,6,0.10861180822433238,2727.367460150481,3113.455079498012,386.087619347531,51.85,82.12,1.64
3016,6,3,0.4525352190505036,2720.0342994798534,3041.116565933497,321.08226645364357,0,0,0
3017,7,4,0.41615864769233857,2879.3256210849886,3135.81753196523,256.49191088024145,3.9,20.39,0.41
3018,7,6,0.0665693322595529,2666.758045556029,3313.692835707177,646.9347901511478,32.3,88.15,1.76
3019,7,4,0.33164740109128915,2719.8912374164106,3226.754912012395,506.8636745959843,0,0,0
3020,9,5,0.012578361533446408,2863.4070672832413,3162.1892985478307,298.7822312645894,17,70.58,1.41
3021,6,5,0.12976131349449024,2728.104652925014,3198.988735364087,470.88408243907315,27.45,0,0
3022,7,4,0.06133363123019726,2781.9846994290533,3168.450113378264,386.46541394921087,32.55,55.38,1.11
3023,7,4,0.033733861732671865,2871.416185190332,3108.2520982388774,236.83591304854554,2.85,31.11,0.62
3024,7,4,1.0880187816586913,2812.1738009394408,3044.50611357553,232.33231263608923,0.6,36,0.72
3025,8,5,0.19101569047630906,2726.5695013867958,3138.9008340395226,412.3313326527268,12.2,40.27,0.81
3026,7,5,0.38671395254111773,2706.358902903446,3047.832114066423,341.4732111629769,48.65,86.16,1.72
3027,7,5,0.08892857405996658,2684.437597516392,3098.7817979761867,414.3442004597946,47.75,96.88,1.94
3028,7,5,0.23856103794628322,2649.7671732883596,3101.988209645488,452.22103635712847,32.2,49.4,0.99
3029,8,5,0.06152219427328896,2856.591926288132,3168.8413819213265,312.24945563319443,99.2,115.86,2.32
3030,8,6,0.8601769147203439,2717.854994926751,3136.3644528044483,418.5094578776975,9.6,50.21,1
3031,6,4,0.11856156016378087,2812.3939869582364,3076.53475145438,264.1407644961437,36,75.52,1.51
3032,8,6,0.10463944970382125,2766.6278612776896,3261.836727517822,495.20886624013247,67.3,61.42,1.23
3033,6,5,0.33641158441832825,2667.1119868790333,3091.529440865372,424.41745398633884,7.3,22.35,0.45
3034,6,4,0.022482936556665365,2716.5088652600957,3244.5930131550576,528.0841478949619,0,0,0
3035,8,5,0.08926026011892932,2618.7365114725712,3116.1424849235623,497.40597345099104,28.5,66.19,1.32
3036,6,5,0.6542850498114037,2728.784047557407,3185.941118400483,457.15707084307587,29.55,74.01,1.48
3037,6,5,0.031189562143670628,2561.07578818642,3175.6628722382347,614.5870840518146,0,0,0
3038,6,3,0.09188589330255796,2742.0667108507837,3131.952893984902,389.88618313411826,67.7,60.24,1.2
3039,7,7,0.9626326970715618,2578.1514291205813,3133.8442674564462,555.692838335865,5.45,39.11,0.78
3040,8,5,0.34021871500802114,2629.2699580556655,3051.570827604844,422.3008695491785,6,65.62,1.31
3041,7,5,0.3027885996864188,2686.380226910974,3215.019039290405,528.6388123794309,16.7,35.69,0.71
3042,7,4,0.20463890986873537,2731.461103785873,3238.5004572647586,507.03935347888546,26.65,46.5,0.93
3043,7,4,0.3627542859142703,2679.048715272358,3174.559012456292,495.51029718393374,16.05,72.1,1.44
3044,7,5,0.07512917168803704,2759.5595059501543,3320.8731680850315,561.3136621348772,8.9,25.08,0.5
3045,8,6,0.32099113907822757,2644.181822158647,3116.448449201893,472.266627043246,46.3,65.48,1.31
3046,7,4,0.04647483226695837,2883.9619184262237,3221.6560956416397,337.69417721541595,36.6,14.71,0.29
3047,8,6,0.5681798392524579,2749.8330080059704,3142.6243588851985,392.79135087922805,0,40.22,0.8
3048,7,4,1.01534112156614,2786.9706296749964,3145.423587675372,358.4529580003755,0,0,0
3049,7,5,0.4471587305573844,2651.137298571807,3052.063583015913,400.92628444410593,0,21.15,0.42
3050,8,5,0.3852453514912839,2910.916875882537,3215.5422480915804,304.62537220904323,11.15,54.08,1.08
3051,7,6,0.03819260162107349,2869.9928772231433,2992.051156454695,122.05827923155175,48.95,46.38,0.93
3052,7,5,0.42430598109228057,2761.895558898946,3265.350640799234,503.45508190028795,1.25,0,0
3053,7,4,0.4397685714449722,2624.4717748345934,3111.454711163305,486.98293632871173,15.5,43.58,0.87
3054,7,4,1.0249602767591568,2738.3785268415263,3106.4840251339906,368.1054982924643,0,0,0
3055,6,5,0.8278684017325778,2778.925433043963,3103.793953014708,324.8685199707452,5.25,39.57,0.79
3056,7,4,0.07157591766908712,2594.1044030853604,3136.741946967161,542.6375438818004,8.3,10,0.2
3057,7,5,0.022799946104586334,2798.9987676592928,2991.0075619254826,192.00879426618985,3.65,43.13,0.86
3058,7,4,0.8823961933050305,2723.778776219587,3105.7133832953373,381.93460707575014,3.1,24.93,0.5
3059,8,5,0.06967559139719544,2699.9805963548783,3172.9082521959695,472.9276558410911,22.1,49.93,1
3060,7,5,0.12894301445308445,2784.612866952111,3071.227726684036,286.6148597319252,0,10.22,0.2
3061,7,6,0.22673479863656276,2805.941445052667,3247.0511400129903,441.1096949603234,44.05,129.86,2.6
3062,7,5,0.5212574877961994,2723.5325848818006,3194.6081492938456,471.07556441204497,3.4,15.91,0.32
3063,7,4,0.0409889311567101,2798.5033415335347,3257.099370711201,458.5960291776664,24.5,32.15,0.64
3064,9,6,0.12886439953222376,2815.7980727838235,3046.7133156775203,230.9152428936968,8.85,80.63,1.61
3065,6,4,0.617156732692771,2825.538968733421,3132.3484506794452,306.80948194602433,22.35,45.09,0.9
3066,8,5,0.05029472480768064,2724.2548096443893,3107.6169789066166,383.3621692622273,31.35,91.34,1.83
3067,8,5,0.7491755816316771,2776.878348708218,3142.9254752170646,366.04712650884676,22.85,46.36,0.93
3068,7,5,0.2860351629949921,2846.5202492869685,3161.4826223668188,314.9623730798503,28.9,87.1,1.74
3069,8,5,0.31147315203003345,2708.850032590816,3295.684386389698,586.8343537988817,8.25,31.82,0.64
3070,5,3,0.41947584929305815,2807.3208717813072,3056.8839554428787,249.56308366157145,0,7.11,0.14
3071,7,6,0.2179696515113326,2891.049517702349,3291.18770574551,400.1381880431609,23.25,62.46,1.25
3072,6,5,0.01336733339675587,2818.591245785717,3129.6033287414416,311.0120829557245,9.2,24.39,0.49
3073,5,4,0.11650767942459664,2740.861555332411,3098.6654585268534,357.8039031944422,0,0,0
3074,6,5,0.10770750181945567,2722.1769164430148,3154.13484060514,431.95792416212544,0,0,0
3075,8,5,0.08811790366209736,2732.1282856345933,3139.357683413859,407.2293977792656,0,48.78,0.98
3076,6,4,0.7021258164607691,2684.578344294835,3079.1154576428016,394.5371133479666,12.7,42.46,0.85
3077,7,5,0.05404949984718378,2688.951888333634,3142.0172982847707,453.06540995113664,34.35,86.75,1.73
3078,7,4,0.13428195499473058,2641.135217618647,3065.670605609212,424.53538799056514,42.1,61.44,1.23
3079,6,4,0.8453543085625914,2808.32848670347,3120.0625743028777,311.73408759940776,0,0,0
3080,5,4,0.7160312856190636,2799.389628736588,3199.1371881426403,399.74755940605246,37.7,54.94,1.1
3081,7,4,0.7421888102940988,2628.390736293429,3329.536471919715,701.1457356262858,0,69.9,1.4
3082,7,4,0.4617781495651154,2659.8167165498157,3208.471611230762,548.6548946809462,0,0,0
3083,8,6,0.09786956935286004,2751.489357147552,3193.329129536223,441.839772388671,49.5,150.15,3
3084,6,4,0.04764683750743892,2757.6923401057293,3277.2670049532894,519.5746648475601,0,48.02,0.96
3085,7,6,0.04483770005220135,2881.955144559812,3191.9373381857504,309.9821936259382,38.8,60.17,1.2
3086,7,5,0.005632888928071081,2683.473336970359,3237.3549818345214,553.8816448641624,53.15,50.29,1.01
3087,7,4,0.11326535622036703,2693.0232564310795,3194.4946681985252,501.4714117674457,11.4,0,0
3088,8,6,0.2178681804089925,2592.92015031943,3086.0248698206287,493.1047195011988,41.65,83.13,1.66
3089,8,5,0.1692598615501382,2800.4100497112963,3286.948216264786,486.53816655348965,46.1,118.74,2.37
3090,6,4,0.09964307025338616,2628.3228662449646,3136.604107823699,508.28124157873435,0,0,0
3091,8,5,1.1141506091435356,2692.2168255345673,3155.407903081133,463.1910775465658,0.7,47.15,0.94
3092,8,6,0.19425530118233947,2763.8308580838016,3194.334193600945,430.50333551714357,20.8,48.1,0.96
3093,9,6,0.3209161634544202,2793.234920930021,3123.2982652126,330.06334428257924,0,15.03,0.3
3094,7,4,0.26157897066268126,2774.1142334260153,3125.2590062513723,351.144772825357,3.75,21.49,0.43
3095,8,5,0.04248873726599828,2819.4321231213803,3153.5357129306626,334.1035898092823,16.65,81.41,1.63
3096,8,7,0.09130763277825259,2732.9636505239037,3194.9867566343664,462.0231061104628,12.65,25.42,0.51
3097,6,5,0.047853234465452886,2713.105822055241,3081.4115700542075,368.3057479989666,35.2,48.03,0.96
3098,8,6,0.06095615600103042,2824.538974136894,3176.3771909748057,351.83821683791166,0.4,64.32,1.29
3099,7,5,0.5888072501841567,2678.335545977398,3043.395482106198,365.0599361288,9.75,55.98,1.12
3100,7,6,0.033234213497421644,2746.752493523569,3105.9803988120466,359.2279052884778,9.5,51.73,1.03
3101,8,5,0.5759977175027411,2634.067227520621,3192.3987564158924,558.3315288952713,4.85,96.72,1.93
3102,7,5,0.07726415790256959,2764.1893027376286,3167.2652488289855,403.07594609135685,0,48.61,0.97
3103,5,3,0.31926241119069293,2825.2386526419596,3169.3240956413165,344.0854429993569,0,0,0
3104,8,5,0.14049658729326517,2799.961670142444,3206.951601790372,406.9899316479282,49,47.5,0.95
3105,6,5,0.021331712413739164,2673.6632890305596,3115.426901679155,441.7636126485954,0,8.43,0.17
3106,8,4,0.04457057285270429,2664.18314383378,3137.1605854898094,472.97744165602944,48.5,52.42,1.05
3107,6,3,0.2982736277510135,2783.0973630336566,3161.6427236529635,378.54536061930685,44.25,47.32,0.95
3108,8,6,0.01413820794061013,2831.4482760340134,3053.6937030057475,222.2454269717341,116.65,304.82,6.09
3109,6,5,0.32750482719298063,2625.500117882082,3191.1153065881595,565.6151887060773,58.25,135.98,2.72
3110,6,5,0.006144319543251042,2642.8010236300797,3098.2510516674574,455.4500280373777,36.6,66.64,1.33
3111,7,5,0.04782868568837351,2782.8796372539978,3200.653390128282,417.7737528742841,11.95,58.76,1.18
3112,7,4,0.03734275249958057,2918.5499411111823,3168.3976871851387,249.8477460739564,29.3,61.25,1.22
3113,9,6,0.14922426933038824,2567.7010967061346,3229.01401893194,661.3129222258053,33.2,74.82,1.5
3114,7,4,0.1926244268581266,2862.801146640241,3234.1694184331373,371.3682717928964,0,35.49,0.71
3115,5,5,0.02835400064621949,2798.0741296601714,3164.270474951842,366.1963452916707,28.65,46.33,0.93
3116,7,4,0.9897618098103297,2836.783736275725,3106.953182723754,270.1694464480288,3.2,40.94,0.82
3117,7,5,0.4246569136088993,2763.599603003937,3159.2270400880034,395.6274370840665,13.15,89.74,1.79
3118,9,7,0.4979938067359118,2825.1285716131115,3192.761568048162,367.6329964350507,2.4,48.19,0.96
3119,7,6,0.003386471257070493,2712.161089218255,3117.1727425890986,405.01165337084376,44,65.82,1.32
3120,6,4,0.5201851084339629,2756.814539941483,3085.626492234919,328.8119522934362,0,0,0
3121,7,4,0.10213223631515411,2680.22778235988,3304.2555899210743,624.0278075611941,35.2,81.42,1.63
3122,7,4,0.3922284266478977,2601.516212489017,3164.763314271661,563.2471017826438,22.65,48.58,0.97
3123,7,4,0.7149230374653556,2649.925844888283,3051.418572830682,401.49272794239914,0,34.12,0.68
3124,7,4,0.015351263385772643,2801.2534200213636,3190.436326952418,389.1829069310543,34.6,59.69,1.19
3125,6,4,0.881474228320883,2870.610408819188,3214.4099455930836,343.79953677389585,4.2,60.56,1.21
3126,10,7,0.2296867450334221,2705.108865533851,3117.523351565084,412.4144860312331,32.75,115.16,2.3
3127,7,4,0.07136451236332089,2842.48211429051,3191.697956555833,349.2158422653233,53.5,52.47,1.05
3128,8,4,0.0096190252836347,2764.896985183979,3124.134665319578,359.237680135599,1,47.47,0.95
3129,7,5,0.09334223913582433,2798.5858596908533,3278.447374527966,479.86151483711274,0,23.29,0.47
3130,8,6,0.8840242806134413,2815.470515806341,3152.3482732894386,336.8777574830974,13,40.91,0.82
3131,7,7,0.11614916867765122,2871.9349911818113,3206.5704974694977,334.63550628768644,70.2,133.61,2.67
3132,10,7,0.029402593525308263,2676.1602359395456,3059.038481649006,382.8782457094603,24.35,81.31,1.63
3133,7,6,0.0037057923505666767,2792.768562366733,3027.5416086195687,234.77304625283568,99.95,170.55,3.41
3134,7,5,0.03395869569246238,2775.3508390544957,3318.2995503867946,542.9487113322989,62.85,148.46,2.97
3135,6,4,0.3487732481969747,2737.089924300846,3216.7575777222173,479.66765342137114,0,0,0
3136,7,6,0.12049718623459199,2596.7758815210395,3016.356238408182,419.58035688714244,26,49.05,0.98
3137,6,5,0.6897768737009532,2711.4916120379976,2998.9853316159824,287.49371957798485,0,0,0
3138,6,4,0.09110022281437978,2733.5330624520957,3089.4881485046753,355.95508605257965,1.9,20.22,0.4
3139,7,5,0.0654716301161508,2877.9786645025138,3090.375161949133,212.39649744661938,35.1,64.02,1.28
3140,5,5,0.03597991550750933,2759.3708497569214,3281.828753193486,522.4579034365647,49.9,94.33,1.89
3141,5,4,0.6218689390234783,2659.1076145650964,3142.1250297858874,483.017415220791,0,0,0
3142,8,6,0.6439055547247107,2757.893113910944,3015.203390962079,257.310277051135,7.1,38.02,0.76
3143,8,7,0.2841795330943592,2758.239212867019,3118.3610539198176,360.1218410527986,43.6,142.67,2.85
3144,7,4,0.017446876777029944,2635.958644988699,3037.5507355802188,401.59209059152,74.95,167.72,3.35
3145,7,5,0.05798866824289066,2766.6738132930673,3240.8237328227274,474.1499195296601,1.8,113.48,2.27
3146,7,4,0.343772464270782,2727.3142559882203,3028.813553338708,301.4992973504877,6.75,30.73,0.61
3147,6,4,0.024720376618482046,2664.0278162302016,3216.0518069053123,552.0239906751108,63.05,64.72,1.29
3148,7,4,0.0002157749585889574,2759.819812381956,3043.5896473426737,283.7698349607176,0,20.55,0.41
3149,6,4,0.16310645515231076,2775.9914756190888,3160.9532359802392,384.9617603611505,0,18.64,0.37
3150,7,5,0.03930049860591208,2809.6945303696025,3172.5419748885865,362.84744451898405,0,45.42,0.91
3151,9,5,0.12890968193887284,2764.7577783470574,3134.1949225154513,369.43714416839384,38.9,92.27,1.85
3152,7,5,0.013948431690928693,2859.8039600775064,3031.180275820867,171.37631574336046,53.65,147.89,2.96
3153,6,4,0.8878404904014664,2740.4208314323205,3280.7300166098794,540.3091851775589,0,0,0
3154,6,4,0.29344657598763835,2734.1687321737654,3098.000546863731,363.83181468996554,34.3,91.68,1.83
3155,7,5,0.3245628665432936,2822.349072539635,3230.191663866458,407.8425913268229,0,0,0
3156,6,5,0.059974347123379436,2779.577238834629,3163.420379793098,383.8431409584691,29.05,23.81,0.48
3157,6,4,0.2667436403615915,2785.27941587197,3137.2275526199055,351.9481367479357,17,43.43,0.87
3158,8,6,0.22812995810208067,2721.638314121066,3038.987892552645,317.3495784315792,0,99.25,1.98
3159,7,4,0.08996289716505484,2737.5988795898984,3072.3977121650482,334.79883257514985,0,13.88,0.28
3160,7,5,0.38858155608209777,2774.0587724189554,3253.49050170253,479.43172928357444,26.4,72.6,1.45
3161,7,5,0.19877305242038865,2677.739070380546,3182.4401936092486,504.7011232287027,9.7,51,1.02
3162,6,4,0.5260419736085307,2824.8423162838453,3052.312693800243,227.47037751639755,35.9,41.1,0.82
3163,6,4,0.015054617195955522,2772.9435511126767,3280.2177317727496,507.27418066007294,42.4,0.07,0
3164,8,4,0.5019690279013574,2745.0711476850065,3018.3609988803028,273.28985119529625,4.7,23.54,0.47
3165,7,4,0.20381058645665803,2736.843564248287,3207.290007299636,470.446443051349,9.15,35.58,0.71
3166,6,4,0.0659815645249937,2649.9017757247184,3163.072056094352,513.1702803696335,61.65,57.76,1.16
3167,8,6,0.07019440111068237,2687.956799682951,3037.01807074275,349.06127105979886,53.35,57.71,1.15
3168,7,4,0.10187487049581267,2638.7069671058853,3158.562713678005,519.8557465721196,34.5,74.15,1.48
3169,6,4,0.06558077848747182,2742.278447913619,3197.8129455259673,455.53449761234833,25.15,51.58,1.03
3170,7,5,0.17986253240583666,2872.9802395872302,3193.451649922958,320.4714103357278,0,28.15,0.56
3171,8,5,0.08850270954731845,2700.735717373775,3261.0547041473164,560.3189867735414,0,0,0
3172,6,5,0.8462088283259803,2778.303679958877,3142.65173414255,364.34805418367296,0,11.71,0.23
3173,6,5,0.3461913274036958,2674.7405864634147,3158.8777576612424,484.1371711978277,0,48.63,0.97
3174,8,5,0.09750046006673214,2663.10543226298,3210.5264450769373,547.4210128139575,20.45,13.91,0.28
3175,7,3,0.10943250764582534,2786.5743886439755,2990.643660389152,204.0692717451766,33.25,0.42,0.01
3176,7,5,0.39069240649196246,2719.0465561725337,3150.2587762881576,431.21222011562395,0.5,11.81,0.24
3177,7,4,0.19933252288374328,2761.2782715915323,3179.4298318169886,418.15156022545625,28.45,47.41,0.95
3178,6,4,0.0983899382949404,2811.4561980789695,3246.0859472023444,434.62974912337495,0,0,0
3179,7,4,0.0022598374009064988,2891.724816158869,3187.922242330452,296.1974261715827,50.95,130.14,2.6
3180,8,5,0.06350437974635963,2778.3806940277896,3151.562100637658,373.18140660986865,0,34.37,0.69
3181,8,5,0.11968161285899183,2789.2827627242787,3161.3918569647026,372.10909424042393,34.95,54.68,1.09
3182,8,6,0.8696127225993594,2777.799088348096,3205.1827247155634,427.38363636746726,14.1,91.02,1.82
3183,7,4,0.12648274120997607,2762.8798850001294,3347.5916059567853,584.7117209566559,0,18.58,0.37
3184,6,5,0.018810718217675666,2638.874322139601,3169.604174589479,530.7298524498779,81.2,203.44,4.07
3185,7,5,0.11529678195851972,2644.0203221681213,3106.268019175867,462.2476970077455,0,47.48,0.95
3186,7,4,0.12468676677332372,2688.472545829295,3166.6428780582814,478.17033222898635,49.85,50.94,1.02
3187,6,4,0.36695705259249484,2822.756917711887,3367.596476006774,544.839558294887,26.95,35.12,0.7
3188,7,5,0.07483609484438004,2805.9415440808407,3137.513274041751,331.5717299609105,60.55,64.08,1.28
3189,6,4,0.14567916836692194,2737.607421567186,3205.2307571502906,467.62333558310456,10.15,0,0
3190,5,3,0.6886773635323256,2758.8747335150388,3072.212235750395,313.33750223535617,0,0.24,0
3191,8,4,0.002664732208119149,2827.6882938934814,3141.2879520800766,313.5996581865952,0,55.86,1.12
3192,9,5,0.2151109072537285,2815.1351741917915,3202.3481407402496,387.2129665484581,4.8,44.92,0.9
3193,7,5,0.7407629207323645,2811.4556014128816,3236.822407639572,425.3668062266902,13.65,43.86,0.88
3194,8,5,0.18909335973708777,2734.344167917482,3246.901417012763,512.5572490952809,30.2,102.7,2.05
3195,6,5,0.006775483020715418,2692.571467828441,3165.0198157294185,472.4483479009773,2.45,24.29,0.49
3196,5,4,0.37022037467348873,2720.885209811078,3143.598176524737,422.71296671365917,0,0,0
3197,9,5,0.4415521771564282,2802.5650977743535,3136.884637911007,334.31954013665336,3.95,39.24,0.78
3198,6,5,0.1001913176862102,2738.414193606141,3207.234567375269,468.82037376912785,42.45,86.59,1.73
3199,7,5,0.8195695444857045,2561.1154488736324,3164.228504912011,603.1130560383785,0,41.53,0.83
3200,5,4,1.0015439266949315,2735.4122272431846,3365.70605951796,630.2938322747755,0,0,0
3201,7,4,0.05123070161997962,2641.944162228706,3169.670642550431,527.7264803217249,0.9,16.62,0.33
3202,8,4,0.14931167590673655,2857.1161920875193,3054.459734845989,197.34354275846954,9.75,43.96,0.88
3203,6,4,0.9208801705972947,2835.622656288921,3246.5316943158127,410.9090380268917,27.8,66.24,1.32
3204,7,4,0.8559982344177031,2609.968740695134,3097.793921120239,487.8251804251049,3.75,39.32,0.79
3205,8,5,0.017334327801512905,2690.339092086991,3205.1440449578927,514.8049528709016,21.85,53.15,1.06
3206,7,6,0.056932387542608584,2623.9107053296957,3108.3405436508983,484.4298383212026,0,51.01,1.02
3207,7,6,0.059550141159212124,2796.834733475274,3228.750991611777,431.9162581365031,93.25,154.56,3.09
3208,7,7,0.009117547925074966,2889.6191289077015,3191.006529150192,301.38740024249046,42.85,89.64,1.79
3209,6,5,0.1335433630660226,2671.392058537715,3144.565039078087,473.172980540372,0,0,0
3210,5,4,0.015618839824329187,2814.0332372131224,3218.3584915237193,404.32525431059685,43.65,51.63,1.03
3211,7,4,0.21255943902423402,2748.3077388954016,3237.7783156544906,489.470576759089,0,16.85,0.34
3212,8,6,0.1012529903780874,2657.7442212205615,3217.853386314328,560.1091650937665,35.05,46.25,0.92
3213,8,7,0.006778641707116221,2647.0397428811584,3173.0862469835993,526.0465041024408,34.8,122.9,2.46
3214,6,4,0.1431765097071323,2927.8422896500615,3231.312578176259,303.4702885261977,55.45,53.91,1.08
3215,7,5,0.03426649926929147,2828.6482559955507,3197.1273464768287,368.47909048127804,48.05,93.12,1.86
3216,7,4,0.05760908675114624,2819.4213767694855,3081.7685834340596,262.34720666457406,37.05,55.12,1.1
3217,8,5,0.0570095386564759,2718.9543278031624,3123.3693189526016,404.4149911494392,20,53.61,1.07
3218,8,6,0.8014366831774599,2754.228303984459,3212.974306663373,458.746002678914,0,11.48,0.23
3219,7,5,0.06704283569373236,2852.1986671228615,3222.3758220437103,370.1771549208488,33.65,64.99,1.3
3220,7,5,0.6202283439583707,2765.095421529648,3160.4146803573744,395.31925882772657,6.8,50.76,1.02
3221,9,6,0.049854544691212026,2754.227804005457,3267.2163549485167,512.9885509430596,40.7,147.83,2.96
3222,6,4,0.28563584116662705,2763.3985102348174,3144.2254440077872,380.8269337729698,13.4,0,0
3223,6,4,0.0022944702698676103,2684.0176627692695,3184.4594840896275,500.44182132035803,56,58.4,1.17
3224,7,5,0.040530450862513674,2695.9386086098434,3103.8490339430723,407.9104253332289,51.85,57.83,1.16
3225,7,4,0.8934799004479509,2780.368683118319,3006.187310375185,225.81862725686597,2.1,42.88,0.86
3226,7,4,0.0011950412780433047,2806.6002393672034,3132.3263562110615,325.7261168438581,4,20.71,0.41
3227,9,6,0.25727465926433946,2799.5719025380517,3219.2448437673534,419.6729412293016,9.65,38.15,0.76
3228,8,5,0.019973007100860335,2695.4654243687073,3109.351977758708,413.8865533900007,0,33.05,0.66
3229,6,5,1.1141614657936143,2709.8784916777854,3101.048722413602,391.1702307358164,0,25.81,0.52
3230,8,6,0.15062683998619114,2822.128263035326,3127.617226581061,305.4889635457348,12.05,111.37,2.23
3231,6,3,0.5031251460142374,2696.046953168425,3111.6610994596494,415.61414629122464,0,13.43,0.27
3232,8,6,0.09672169284680554,2809.7813227377455,3328.5130422475418,518.7317195097962,46.05,67.21,1.34
3233,9,5,0.13618762950793784,2693.003919804158,3195.8538193727895,502.8498995686314,40.75,56.55,1.13
3234,8,6,0.0048617791951307675,2710.3833579582747,3152.787286175481,442.40392821720616,37.4,39,0.78
3235,6,4,1.1013923673235118,2878.5961390703565,3241.3098840358844,362.7137449655279,0,0.7,0.01
3236,6,4,0.9244081470442463,2797.073350149725,3100.2280282819,303.1546781321754,0,0,0
3237,7,5,0.35968215103795464,2782.1273251605694,3069.1443994779474,287.01707431737805,0,0,0
3238,7,6,0.6562663097333717,2763.4390538522684,3212.6862709104225,449.2472170581541,2.95,69.39,1.39
3239,8,5,0.5893615040180767,2792.2330762910815,3176.3641372800307,384.13106098894923,6,67.26,1.35
3240,8,6,0.8225892106450998,2665.4466067274684,3324.260408515143,658.8138017876745,37,99.72,1.99
3241,6,4,0.2752621963978894,2784.5822890979794,3353.3030713038374,568.7207822058581,62.7,103.54,2.07
3242,7,5,0.2530617322583146,2733.6292720693473,3119.5851515966588,385.9558795273115,0,12.87,0.26
3243,6,5,0.09134975251741012,2660.0834044615685,3113.7801589261176,453.69675446454903,12.45,0,0
3244,7,4,0.023753426169835574,2767.8346049485162,3257.325908061514,489.4913031129977,36.6,7.09,0.14
3245,6,5,0.7460233236221548,2792.408952127666,3155.9526476829087,363.5436955552427,34.25,83.37,1.67
3246,7,5,0.006637315137794604,2804.5022084518687,3209.3997842755757,404.89757582370703,0,0.9,0.02
3247,7,4,0.27020535534222473,2735.2257447131674,3126.3151902830623,391.0894455698949,17.4,51.98,1.04
3248,6,4,0.15391595770735517,2671.4072436997503,3244.789770621544,573.3825269217937,0,25.39,0.51
3249,6,4,0.8097973521107584,2729.355264291122,3034.9103730254224,305.5551087343006,30.4,46.22,0.92
3250,8,6,0.08787200233779144,2826.458699513199,3098.774652409717,272.31595289651796,12.7,63.91,1.28
3251,5,4,0.10714919833657072,2898.000668099459,3179.198425403495,281.19775730403626,9.85,43.99,0.88
3252,6,3,0.13327253840111788,2707.0348071932817,3160.3019085196293,453.26710132634753,7.4,0,0
3253,6,4,0.3250624430189493,2696.321898436027,3155.9788518532514,459.6569534172245,19.4,0,0
3254,6,4,1.1024055683749692,2844.0145580144213,3114.090592316554,270.07603430213294,30.9,23.85,0.48
3255,7,5,0.34806851386442184,2726.288641287212,3092.455520375175,366.166879087963,40.15,97.22,1.94
3256,7,5,0.08414584097212166,2596.46320854014,3151.755854726633,555.2926461864931,26.75,106.66,2.13
3257,9,5,0.13403075078688229,2641.940992695657,3294.4086054808477,652.4676127851908,13.9,36.21,0.72
3258,7,4,0.6288903570167848,2741.728842925216,3129.661655515387,387.93281259017067,0,6.39,0.13
3259,7,4,0.6352468346462069,2813.0576478647736,3108.7501010796345,295.69245321486096,14.05,32.76,0.66
3260,6,3,0.4036976968772402,2869.3700072420747,3176.1902269907864,306.8202197487117,0,0,0
3261,7,5,0.05572542759889582,2723.2758774186295,3114.4958924349808,391.2200150163512,37.6,50.2,1
3262,8,6,0.08361344958354422,2747.8520716309013,3154.2092639087377,406.3571922778365,25.35,78.71,1.57
3263,8,6,0.6399070016613219,2649.5558726487434,3268.4071326110698,618.8512599623264,0,60.88,1.22
3264,9,5,0.1872876211844105,2641.583530191152,3326.447206831319,684.8636766401669,56.9,150.13,3
3265,8,5,0.03985867242854833,2741.2558718409973,3044.1351023506713,302.879230509674,57.15,185.43,3.71
3266,8,5,0.022300449060041493,2748.0259962305636,3123.7454835882118,375.7194873576482,58.4,39.37,0.79
3267,7,5,0.1407616514368737,2831.028233228348,3230.6452971538465,399.6170639254983,0,0,0
3268,7,5,0.17296857039523608,2711.5719110655386,3122.042428609484,410.47051754394533,31.65,30.96,0.62
3269,7,5,0.05162181375709227,2697.4117779308513,3218.4366450962234,521.0248671653721,17.05,33.78,0.68
3270,7,5,0.0049527851827351355,2723.1180520306775,3101.645266097289,378.5272140666116,40.7,57.95,1.16
3271,8,4,0.9459059893983761,2770.6056656248948,3238.519257725471,467.91359210057635,1.3,0,0
3272,6,5,0.2771373262445607,2811.3437731110444,3149.9054237310675,338.5616506200231,1.2,56.57,1.13
3273,6,4,0.126419879809878,2842.620520543435,3171.2911296858183,328.67060914238346,0,0,0
3274,6,4,0.5828444523618549,2671.0415243442794,3069.5938669297134,398.55234258543396,0,47.89,0.96
3275,6,4,0.0724229319277835,2805.1527988296134,3333.710211009779,528.5574121801656,35,40.05,0.8
3276,6,4,1.114746506650902,2751.521097089403,3195.8470705922114,444.3259735028082,11,38.25,0.76
3277,6,4,0.18378823530895558,2721.892063719714,3161.0636128088454,439.17154908913153,0,29.07,0.58
3278,7,4,0.4961487501451457,2778.913128420096,3303.6806922013625,524.7675637812663,28.25,26.74,0.53
3279,5,4,0.2054587492931271,2774.204209944813,3215.708580006442,441.50437006162883,40.45,44.77,0.9
3280,8,6,0.00243108323668587,2832.2034744577854,3016.477721240988,184.27424678320267,0,0,0
3281,7,6,0.9544794815252663,2684.152654489178,3233.1210345432432,548.9683800540652,0,29.28,0.59
3282,8,6,0.02065618080483179,2645.6367464446107,3180.0829784330754,534.4462319884647,29.2,97.39,1.95
3283,9,6,0.021916669664950417,2781.450214265672,3130.78468174862,349.3344674829482,44.3,57.93,1.16
3284,7,5,0.046714486726385396,2647.4745034318885,3163.2587610111214,515.7842575792329,45.7,55.31,1.11
3285,5,4,0.44931769129730903,2745.9029617396986,3078.7139473627567,332.81098562305806,0,47.58,0.95
3286,7,5,0.2974227453556634,2649.6125292762827,3375.9199066658207,726.307377389538,18.35,48.73,0.97
3287,8,4,0.08496099668324197,2701.317286513308,3088.547028666546,387.229742153238,0,89.38,1.79
3288,6,5,0.2130600023648627,2688.9498346797445,3091.9461423332764,402.99630765353186,8.6,84.37,1.69
3289,5,4,0.34487261066737124,2735.8509310510244,3145.296077308492,409.4451462574675,32.15,51.72,1.03
3290,6,3,0.26020238754459946,2685.7129861839126,3135.741015477277,450.0280292933644,0,0,0
3291,8,5,0.3351912597873408,2817.7330727476556,3155.9396242585403,338.20655151088476,5.35,16.47,0.33
3292,6,4,0.7661886515577118,2691.902053944644,3242.190052205993,550.287998261349,6.4,27.41,0.55
3293,6,4,0.7185161583844978,2589.440723865936,3055.2945746126784,465.8538507467424,0,0,0
3294,6,4,0.003242832850984275,2776.5663452194794,3211.25932450611,434.69297928663036,0,0,0
3295,6,5,0.43995126590454153,2662.7441799124485,3173.6229277302527,510.8787478178042,40.55,82.35,1.65
3296,9,6,0.02658491865292825,2752.973300090511,3374.5575338952362,621.584233804725,108.8,209.74,4.19
3297,6,4,0.33666686326399614,2724.7463026637497,3313.833724752483,589.0874220887331,36.8,64.16,1.28
3298,7,5,0.08258719853411911,2689.729877894225,3220.4185645070497,530.6886866128248,17.65,18.24,0.36
3299,7,4,0.8637931943870693,2857.5454558889833,3106.203059789551,248.65760390056766,0,0,0
3300,7,5,0.17973229197399407,2763.7086159460646,3100.7177453824816,337.00912943641697,3.25,26.48,0.53
3301,7,5,0.05426254198474581,2804.360956536767,3204.3785455583597,400.0175890215928,0,0,0
3302,8,5,0.31380940011656944,2816.9508285404722,3096.6357507894386,279.68492224896636,0,0,0
3303,6,3,0.615949513041772,2848.8209782950903,3223.1940573248908,374.37307902980046,0,0,0
3304,8,6,0.8232122158947521,2685.1389912042514,3086.078083796178,400.9390925919265,4.1,35.31,0.71
3305,7,6,0.5403173307726324,2699.570778954796,3219.1197854043126,519.5490064495166,36.9,98.33,1.97
3306,8,7,0.07359612939929652,2791.6991998074086,2992.1606296668606,200.46142985945198,42.45,163.68,3.27
3307,7,4,0.8218345299716372,2761.083282263643,3295.766719006343,534.6834367427,34.15,80.15,1.6
3308,6,4,0.25907599097669975,2748.42221344148,3153.5030941281348,405.08088068665484,23.25,48.31,0.97
3309,6,4,0.4407396473245545,2786.675878337109,3159.1558781157314,372.4799997786222,0,0,0
3310,8,5,0.16055537871310574,2644.391785521215,3062.908486070874,418.51670054965916,27.9,51.23,1.02
3311,6,4,0.14553152958770293,2775.043798847502,3115.2161002150947,340.1723013675928,41.1,88.56,1.77
3312,7,4,0.19084094727813,2689.679146741528,3110.1620427631387,420.48289602161094,0,0,0
3313,8,4,0.061207000421098244,2735.4733903746555,3111.842153773191,376.3687633985355,29.75,34.28,0.69
3314,7,5,0.031890834858226295,2803.3015633039413,3127.241597456067,323.9400341521259,83.1,67.02,1.34
3315,6,4,0.1750354137975475,2752.734819509394,3085.3705685347686,332.6357490253745,48.8,118.36,2.37
3316,8,5,0.018379947375360115,2778.100447432037,3061.4971968628247,283.3967494307876,13.2,3.54,0.07
3317,8,5,0.1510513644381784,2793.8232381178036,3153.553437600095,359.7301994822915,9.75,9.57,0.19
3318,5,4,0.7717119138625064,2733.6780700609165,3108.590313315286,374.9122432543695,0,0,0
3319,8,5,0.7272918158535859,2831.1075107675388,3161.902472541853,330.7949617743143,0,14.61,0.29
3320,6,4,0.13811584629875623,2747.8145357717235,3044.2870728208395,296.472537049116,41.15,57.41,1.15
3321,7,4,0.8609327889461501,2751.882975608712,3192.535099843566,440.652124234854,15.35,33.54,0.67
3322,6,5,0.7211589541266515,2659.4249684417637,3111.1716520866894,451.7466836449257,1.8,52.77,1.06
3323,7,5,0.07802703576013607,2734.498195571404,3130.4986277777507,396.0004322063469,87.75,148.33,2.97
3324,8,4,0.35143931735615114,2812.802814198716,3281.9647569575536,469.16194275883754,15.3,93.12,1.86
3325,7,4,0.1824468631848193,2796.0173399503315,3180.807011733058,384.7896717827266,28.4,27.18,0.54
3326,7,5,0.30047036542180133,2830.161736485236,3153.7753966683076,323.6136601830717,40.2,49.95,1
3327,7,5,0.06689280285630601,2808.596970788064,3128.3964218503984,319.79945106233436,0,0,0
3328,4,3,0.3195367041748894,2672.9274244803587,3098.673410796546,425.7459863161871,0,0,0
3329,8,5,0.009206830714507255,2658.557290281628,3099.3246339072466,440.76734362561865,73.8,60.66,1.21
3330,6,4,0.07353021168246011,2764.085705262355,3203.0672321617953,438.98152689944027,0,0,0
3331,7,5,0.26617582405398615,2793.9339765966247,3166.5932888096327,372.659312213008,3.45,20.82,0.42
3332,7,5,0.7803941962128639,2743.215618101767,3033.0356657728007,289.82004767103354,40.85,135.37,2.71
3333,5,4,0.9977514686702506,2696.87393772468,3073.8352995240166,376.9613617993364,0,11.8,0.24
3334,7,4,0.1218383800018714,2853.652681832265,3106.207330325312,252.5546484930469,41.55,82.23,1.64
3335,6,3,0.5768975838083059,2657.3057891941085,3245.6581000389147,588.3523108448062,0,0,0
3336,7,4,0.39182989384204,2828.133636136823,3083.7602247454756,255.62658860865258,13.85,57.55,1.15
3337,9,6,0.3311814756182244,2765.2998135604093,3155.9570828197684,390.65726925935905,39,95.36,1.91
3338,6,5,0.33114778912150605,2736.0069911355145,3071.4248226947398,335.4178315592253,5.7,47.61,0.95
3339,8,5,0.03608053906656768,2752.6874130509896,3047.122827889113,294.4354148381235,43.25,93.29,1.87
3340,7,5,0.13128355436693975,2749.3135072090545,3154.1257412986292,404.81223408957476,48.95,100.18,2
3341,7,6,0.03515263035110765,2801.976571700836,3196.5724853768907,394.5959136760548,0,0,0
3342,8,6,0.631828150096479,2585.100331499104,3065.9249907839326,480.8246592848286,14.2,57.59,1.15
3343,6,5,0.7541491039344066,2762.1232279585943,3211.9367972663977,449.8135693078034,2.25,17.22,0.34
3344,7,5,0.14227564336769977,2787.0436884948276,3178.917327215496,391.87363872066817,25.8,44.16,0.88
3345,8,6,1.0179245455430008,2639.241534142187,3199.0602611796057,559.8187270374187,4.7,83.91,1.68
3346,8,6,0.12643334790517843,2763.3829976863835,3152.6122516015994,389.22925391521585,51.2,145.55,2.91
3347,9,7,0.2041524619435049,2750.74717406496,3095.2115195397973,344.4643454748375,1.65,36.44,0.73
3348,7,4,0.0490051849150929,2821.9825424759274,3132.7698573590865,310.78731488315907,68.2,72.98,1.46
3349,7,5,0.07799136171910369,2659.930543298978,3168.984023160803,509.05347986182505,8.75,35.02,0.7
3350,7,4,0.26920356128901785,2683.0857757430285,3188.2901000613033,505.20432431827476,1.15,34.04,0.68
3351,8,6,0.6054625003692271,2758.790312315384,3230.4450625943946,471.6547502790104,5.85,42.88,0.86
3352,5,5,0.1957288755322652,2626.2048134644947,3142.740088073401,516.5352746089061,6,72.01,1.44
3353,9,5,0.11259242289597517,2743.0246110059466,3029.4058000962646,286.381189090318,17.3,81.78,1.64
3354,6,4,0.44847932666761053,2716.418872545197,3178.2939769400164,461.8751043948196,4.5,21.35,0.43
3355,7,6,0.034016151278639876,2727.0102790563274,3060.41206821107,333.4017891547428,107.15,156.48,3.13
3356,8,6,0.16934911847749337,2645.8108894465113,3057.0549599800497,411.24407053353843,29.05,139.3,2.79
3357,7,5,0.024023926109436752,2761.6000366326252,3282.12063076495,520.5205941323247,0,51.84,1.04
3358,7,5,0.09249976112555354,2835.643167404697,3287.675716776885,452.032549372188,13.65,46.86,0.94
3359,8,5,0.1330526014681068,2783.638704585801,3182.946444917237,399.307740331436,30.2,72.64,1.45
3360,8,5,0.21672438074278497,2709.3867103019593,3328.237274020024,618.8505637180647,38.55,87.69,1.75
3361,7,5,0.8632359150166667,2791.2021273062064,3167.58658033149,376.3844530252836,5.65,25.36,0.51
3362,7,4,0.046178775544873846,2794.241688518395,3096.4991593646305,302.25747084623526,0,47.49,0.95
3363,8,5,0.13567350161672748,2643.0910276064646,3190.062676036403,546.9716484299383,14.3,59.65,1.19
3364,7,4,0.5858688303520592,2808.379883667249,3146.287793424892,337.90790975764276,2.85,57.66,1.15
3365,6,5,0.47389530804730917,2616.652537851727,3255.4350793655476,638.7825415138204,0,0,0
3366,6,4,0.03873500732474405,2738.3059906865365,3197.3616802826086,459.05568959607217,8.5,48.39,0.97
3367,6,4,0.02625686697287591,2801.196846327449,3080.658957507176,279.46211117972734,17.2,74.22,1.48
3368,8,6,0.08015219205977549,2756.327621948733,3284.650768838249,528.323146889516,54.95,60.64,1.21
3369,6,5,0.00662518734702876,2782.535404766391,3257.477151748223,474.94174698183224,12.55,59.68,1.19
3370,6,4,0.5732318895479513,2792.902561046751,3100.6861384141584,307.78357736740736,0,0,0
3371,7,7,1.0061343892487242,2821.061070464305,3097.640542137473,276.579471673168,28.8,96.62,1.93
3372,7,5,0.110641149624347,2820.8739578988652,3071.900225166154,251.02626726728886,39.3,58.38,1.17
3373,7,4,0.058713684727464396,2711.534429874658,3172.7654378000907,461.23100792543255,37.85,46.51,0.93
3374,7,5,0.08686831951317059,2889.8398025213914,3122.8549904735105,233.01518795211905,48.55,110.23,2.2
3375,7,6,0.0067423322834769955,2729.215394864388,3090.006694642019,360.7912997776307,109.9,153.19,3.06
3376,7,4,0.1262659465751918,2733.3247289697138,3169.3737323288074,436.0490033590936,0,0,0
3377,7,4,0.11451203292230264,2896.9387644995704,3246.8824767930746,349.9437122935042,0,41.65,0.83
3378,8,5,0.23767519713646712,2828.8363260313395,3175.293185971488,346.45685994014866,12.3,107.25,2.14
3379,7,4,0.017592733093590864,2608.5093688244756,3064.2132426132653,455.7038737887897,50.15,64.85,1.3
3380,7,4,0.04698192382471405,2721.3887443172175,3104.511964219822,383.12321990260443,0,0,0
3381,8,6,0.0033848192541615705,2750.517867540147,3068.3535805702727,317.8357130301256,107.15,165.12,3.3
3382,7,4,0.3308670506598071,2771.7806771555647,3173.643111965255,401.86243480969006,39.55,58.46,1.17
3383,8,6,0.19593850071531554,2683.914132052298,3021.0392459934037,337.1251139411056,8.65,130.52,2.61
3384,7,5,0.062433783872126114,2752.4690225196964,3101.357234657655,348.8882121379588,4.5,13.11,0.26
3385,8,5,0.13160709364637244,2747.2878014636876,3020.93601938366,273.64821791997247,41.6,72.19,1.44
3386,7,4,0.1688025584027674,2697.422552246269,3178.6446539368785,481.22210169060963,11.7,41.36,0.83
3387,7,4,0.0026139930673095865,2824.865871735089,3076.077104384514,251.2112326494248,98.3,149.35,2.99
3388,7,5,0.5956034819468092,2712.1165612945524,3198.507082027983,486.39052073343055,3.25,0,0
3389,7,5,0.08214358714169305,2775.3480225158705,3315.6902748604402,540.3422523445697,29.05,16.23,0.32
3390,8,5,0.20463355045095558,2625.098473685195,3129.3371016290807,504.2386279438856,37.95,45.66,0.91
3391,5,4,0.0962504092371759,2742.6570128657268,3152.373821955095,409.7168090893683,0,0,0
3392,8,6,0.022868622840065935,2807.8298120964578,3095.493891975704,287.6640798792464,67.9,146.03,2.92
3393,9,6,0.012915517026821663,2696.1301510458543,3241.004612896453,544.8744618505989,81.05,121.56,2.43
3394,6,4,0.12749437076376258,2802.4065431887734,3055.259612638223,252.85306944944978,0.7,24.62,0.49
3395,7,5,0.5643673801000704,2750.7304978568022,3079.2739791194113,328.543481262609,40.1,58.7,1.17
3396,7,4,0.9058223338479604,2662.270541886551,3161.9987144770676,499.72817259051635,0,0,0
3397,8,5,0.3487552855067185,2720.0098329473053,3155.356430402825,435.3465974555197,0.15,10.19,0.2
3398,6,4,0.429008576520864,2807.106478707438,3003.715504161776,196.60902545433828,17.9,43.75,0.88
3399,7,5,0.41804729596498025,2669.2631490541507,3332.2484209522204,662.9852718980696,3.4,28.39,0.57
3400,6,4,0.3082934860461317,2729.7263368094395,3228.6303281969504,498.9039913875108,0.6,16.1,0.32
3401,7,4,0.3348915198817706,2629.9977493992683,3208.696354006219,578.6986046069505,18.75,48.01,0.96
3402,7,5,0.07564979575673422,2643.9067508596645,3391.502681074481,747.5959302148167,0,55.8,1.12
3403,6,4,0.07837851870679752,2675.75842684642,3106.3779407656,430.61951391918,6.25,29.49,0.59
3404,9,7,0.054839184240510735,2758.858004802455,3189.146702509632,430.2886977071771,68.55,132.44,2.65
3405,7,4,0.08981386736974963,2726.6373544108683,3189.5352678365252,462.89791342565695,0,72.13,1.44
3406,6,4,0.015444439428518716,2698.2869811046908,3160.479491682545,462.19251057785414,45.55,51.43,1.03
3407,7,4,0.014684073264738988,2780.129630809252,3037.8993228848444,257.7696920755925,0,34.64,0.69
3408,5,3,1.0475985529519896,2630.851242058306,3120.5304266150047,489.6791845566986,28.25,50.11,1
3409,7,5,0.011387747059919526,2848.518151619233,3287.6214173236094,439.10326570437655,13.6,59.78,1.2
3410,8,6,0.05765877601545627,2820.750101608323,3167.6272309997535,346.87712939143057,55.3,180.12,3.6
3411,8,5,0.5547724156252208,2638.4845145952004,3212.302744725317,573.8182301301167,0.95,40.27,0.81
3412,8,6,0.107343778473747,2629.3376610155624,3142.59850422187,513.2608432063075,4.95,46.75,0.93
3413,6,4,0.7921949379941562,2675.989049624377,3251.6715023874485,575.6824527630715,0,0,0
3414,6,4,0.014322387087947409,2807.8490871260638,3217.436437028382,409.58734990231824,40.35,46.36,0.93
3415,7,5,0.08224922071490272,2677.795194773847,3207.999004506271,530.2038097324239,36.4,16.89,0.34
3416,7,5,0.14077139040304265,2723.6709938551085,3096.280795883598,372.6098020284894,53.65,63.87,1.28
3417,7,4,0.27457576090856645,2845.087368788217,3117.402776354576,272.3154075663588,30.5,22.26,0.45
3418,5,4,0.1801395837325988,2736.040703969991,3254.288807070603,518.2481031006123,10.15,82.55,1.65
3419,7,4,0.13839103988598606,2805.4409186317657,3170.746709605966,365.30579097420014,16.15,62.55,1.25
3420,6,4,0.08468113449007289,2699.7986411733364,3191.9670759511173,492.16843477778093,0,0,0
3421,5,3,0.7971814457175634,2661.180084790476,3146.1298917253785,484.9498069349024,4.05,22.06,0.44
3422,7,4,0.07367955592888313,2812.8147489008343,3089.1412074201326,276.3264585192983,17.6,0,0
3423,7,5,0.10457745946958644,2671.047225869092,3158.944195570187,487.8969697010948,37.05,68.99,1.38
3424,7,4,0.60862165201441,2743.176495832843,3230.249355900677,487.072860067834,0,15.87,0.32
3425,9,6,0.3285089766877103,2753.8547107784602,3175.5123043659014,421.65759358744117,41.2,165.66,3.31
3426,7,4,0.0892320527802423,2798.762800116108,3098.107311738304,299.344511622196,4.25,34.84,0.7
3427,7,4,0.016140183116132644,2826.9572410221326,3162.9632751724653,336.00603415033265,2.6,33.06,0.66
3428,7,5,0.7664791729564259,2735.7012465964463,3108.02921261246,372.32796601601376,0,31.59,0.63
3429,7,5,0.35090873987660526,2770.329169819694,3134.3240131747953,363.99484335510124,63.05,100.87,2.02
3430,7,4,0.776448117652538,2750.0228239187086,3033.7118316347382,283.68900771602966,0,0,0
3431,8,5,0.2451801014283996,2852.921843364676,3316.217327483172,463.295484118496,0,0,0
3432,8,7,0.4521710528069098,2713.9760109946974,3165.7010172232103,451.72500622851294,5.55,32.08,0.64
3433,7,4,0.5807979196339806,2710.65755980101,3075.588692591739,364.93113279072895,3,46.56,0.93
3434,6,4,0.05785621929875986,2603.729348570318,3191.1374608700817,587.4081122997636,20.5,30.93,0.62
3435,5,4,0.24084935103921862,2612.437397181187,3186.5189196909264,574.0815225097394,0,58.02,1.16
3436,5,5,0.1522062538333766,2902.1350618330002,3200.9192538256843,298.7841919926841,32.85,38.75,0.77
3437,7,4,0.00785628866412368,2804.139906243245,3181.864796315011,377.7248900717659,9.3,43.33,0.87
3438,7,5,0.6079707962102602,2669.566399232645,3098.5454924271485,428.97909319450355,7.75,35.55,0.71
3439,6,4,0.02468496321478231,2778.4573094233474,3220.6819614289852,442.22465200563784,0,0,0
3440,8,6,0.12919067986653468,2802.7113580293803,3084.447025510071,281.7356674806906,47.85,186.77,3.73
3441,5,3,0.4271076510531321,2732.7513359143054,3068.425905838878,335.67456992457255,23.2,50.51,1.01
3442,8,5,0.06369878457846945,2769.1931428427943,3136.521091945893,367.32794910309894,43.6,49.76,1
3443,8,6,0.03411146836226438,2806.9046330717133,3170.7671646591334,363.8625315874201,109.15,217.01,4.34
3444,7,6,0.10162362007125265,2728.862325337945,3132.5826292261354,403.7203038881903,5.7,92.21,1.84
3445,8,5,0.2683171251943663,2688.7236819452287,3199.7793965397923,511.0557145945636,24.55,60.86,1.22
3446,7,4,0.1725230345170191,2588.8980551035656,3156.193653889839,567.2955987862733,43.05,60.56,1.21
3447,7,4,0.2090274912373733,2817.099364543708,3238.6697246087497,421.57036006504177,3.2,19.98,0.4
3448,6,5,0.6585489770456312,2743.8555519615443,3115.1038602898025,371.2483083282582,0,15.85,0.32
3449,8,6,0.002995028537618849,2676.5986652887295,3110.0034911967914,433.40482590806187,65.75,57.68,1.15
3450,7,5,0.052045634306841206,2742.739585170109,3260.7110305931205,517.9714454230116,1.9,53.12,1.06
3451,7,5,0.24290978163724422,2762.0922216069052,3127.010139370321,364.91791776341597,0,0,0
3452,7,7,0.07161682347628884,2756.7290231876677,3092.9090704005916,336.1800472129239,61.15,136.9,2.74
3453,6,5,0.35380863301863785,2760.7439875103446,3214.1156403992686,453.371652888924,0,0,0
3454,7,6,0.011098579725152975,2817.007373050174,3182.0753167300104,365.0679436798364,58.45,55.97,1.12
3455,7,5,0.3934406184251367,2584.2093023113143,3034.74912708967,450.5398247783555,0,36.88,0.74
3456,6,4,0.0009002732691965141,2770.3188311751665,3224.5834500934084,454.2646189182419,34.05,5.76,0.12
3457,7,6,0.9017648040696339,2732.0459958819292,3281.1935004628835,549.1475045809543,10.9,36.1,0.72
3458,6,4,0.35935082330371215,2796.4998793050404,3046.613224906562,250.11334560152181,0,2.37,0.05
3459,6,4,0.049137313141493104,2842.864978265096,3229.4814861601917,386.61650789509576,4.3,22.52,0.45
3460,5,4,0.5112013590030617,2788.7030068403997,3327.413450769633,538.7104439292334,6.45,11.74,0.23
3461,9,7,0.016898497021380115,2841.0408353592525,3143.4821606414876,302.4413252822351,57.95,182.24,3.64
3462,8,5,1.0384602446596776,2715.494403623704,3116.6111347866613,401.1167311629574,43,90.74,1.81
3463,7,5,0.7087478404103404,2801.8514919310123,3166.523101613698,364.6716096826858,22.65,63.9,1.28
3464,7,4,0.3531245179723575,2679.168333153173,3218.2837183879087,539.1153852347356,49.2,50.59,1.01
3465,8,6,0.07170694342315033,2495.1551712728083,3071.785629164862,576.6304578920535,28.7,108.51,2.17
3466,6,5,0.3328329997983262,2760.634888462447,3240.410598888392,479.7757104259449,1.05,19.59,0.39
3467,8,5,0.20855203647631707,2760.7315955546424,3061.228929251806,300.49733369716387,10.5,37.74,0.75
3468,6,4,0.35490039468143325,2684.3297783756943,3214.497738531531,530.1679601558367,25.05,4.46,0.09
3469,7,6,0.006922285064062808,2724.6138846510216,3128.076575115934,403.46269046491216,88.45,99.99,2
3470,8,6,0.017980864235748406,2758.440912208476,3111.7936908351744,353.3527786266982,26.4,86.39,1.73
3471,7,5,0.7000619042925178,2841.7074510437214,3182.406235567364,340.69878452364264,0,0,0
3472,8,5,0.081987210767353,2639.413402638971,3223.529729957553,584.1163273185821,12.3,138.67,2.77
3473,7,4,0.06691157533085781,2742.8688321925897,3201.555018936699,458.68618674410936,0,53.32,1.07
3474,5,3,0.14778065421280445,2803.120557914221,3086.9726998149085,283.85214190068746,0,13.78,0.28
3475,8,5,0.15304818220210192,2749.468651193226,3113.5466091546105,364.0779579613845,19.25,115.63,2.31
3476,6,4,0.319316755011405,2725.7720101547084,3197.535563511209,471.7635533565008,27.1,49.06,0.98
3477,8,5,0.0063775855121079895,2733.374507091622,3139.4855835691487,406.1110764775267,34.15,76.61,1.53
3478,7,4,0.06473142874996014,2923.147086732642,3178.0336572929864,254.88657056034435,66.5,103.27,2.07
3479,8,4,0.022399996319356713,2628.880730867798,3326.1275461716873,697.2468153038894,0,35.02,0.7
3480,7,4,1.0886756437991778,2797.406264266142,3255.656287776946,458.2500235108041,22.95,57.63,1.15
3481,6,4,0.19121589090432642,2776.575848246338,3054.939173241503,278.36332499516493,43.05,54.05,1.08
3482,8,5,0.8198416834506457,2696.6308966871584,3016.0668633586547,319.4359666714963,0,0,0
3483,6,3,0.07789412116807096,2637.9313645556135,3149.0080089147737,511.0766443591601,2.9,19.07,0.38
3484,8,5,0.1278988198214079,2768.0859171974002,3214.1716621111664,446.0857449137661,60.55,199.9,4
3485,7,4,0.23611209683260043,2768.8897041118967,3259.8963495864296,491.0066454745329,24.45,16.5,0.33
3486,6,4,0.6827229476937982,2736.340628823388,3088.797726737024,352.4570979136356,0,2.82,0.06
3487,9,6,0.08413438001999264,2863.9875635134094,3212.2759055243673,348.2883420109579,17.2,126.15,2.52
3488,6,6,0.05867066555869471,2774.0766653356795,3116.7861963037726,342.7095309680931,41.8,115.92,2.32
3489,6,4,0.20320470835775037,2687.3467572462037,3121.1579509842622,433.8111937380586,1.1,0,0
3490,7,4,0.004022946645812624,2777.2686369921016,3171.200882359232,393.93224536713024,39.9,74.18,1.48
3491,6,5,0.11343420437089846,2674.340850663824,3178.356245976655,504.01539531283106,32.35,37.75,0.75
3492,7,4,0.016288479828126774,2790.946830425993,2982.130469361426,191.183638935433,0,0,0
3493,6,4,0.5891728510471029,2679.9797439381364,3055.0930950720654,375.113351133929,0,0,0
3494,9,7,0.7880028630891828,2734.9167278470095,3145.9817757045894,411.0650478575799,4.75,23.83,0.48
3495,8,5,0.1474345727314548,2662.722174337801,3211.436051749547,548.7138774117461,3.6,23.95,0.48
3496,8,6,0.14500604317515017,2756.890082901556,3271.6433818417195,514.7532989401634,4.45,43.26,0.87
3497,7,5,0.6047462011345671,2737.4327956330367,3099.7348695421756,362.3020739091389,31.85,55.74,1.11
3498,6,3,0.27310202484596,2847.205832692032,3206.0747982201437,358.86896552811186,0,10.86,0.22
3499,6,4,0.18548851660074459,2776.7213356169805,3105.349570495922,328.6282348789414,0,5.29,0.11
3500,8,6,0.05331540713848664,2832.0435809460987,3157.781576954893,325.7379960087942,8.35,80.49,1.61
3501,6,4,0.014050408336592515,2882.1463079316823,3266.8199801592755,384.6736722275932,23.25,75.34,1.51
3502,8,6,0.15266875322341364,2778.3715228278447,3206.986043799303,428.6145209714582,12.55,93.45,1.87
3503,6,4,0.34249680786647574,2804.763118304628,3118.700284408214,313.93716610358615,11.95,0,0
3504,6,4,0.8043515504626281,2652.9984462931025,3033.0295461858045,380.03109989270206,5.05,24.68,0.49
3505,6,5,0.06561649095863169,2783.5715087599406,3169.880194579831,386.30868581989034,62.35,57.44,1.15
3506,9,5,0.029595807006078546,2851.715126637882,3350.9199924508953,499.2048658130134,70.4,62.24,1.24
3507,8,7,0.21126201086802565,2802.879637971561,3240.871761798225,437.9921238266643,5.3,110.49,2.21
3508,7,6,0.21286136865261968,2744.5654687548945,3087.2406875376437,342.6752187827492,18.45,51.68,1.03
3509,8,6,0.12830832384736068,2731.422772190476,3220.9417763743463,489.5190041838705,10.25,87.65,1.75
3510,6,4,0.5783102069092376,2736.3882309538785,3050.5175940946433,314.1293631407648,0,0.53,0.01
3511,6,4,0.3801440740860062,2763.0327695490614,3138.9075392064574,375.874769657396,0,14.12,0.28
3512,7,4,0.8593516584879527,2596.2773936006447,3115.7020881678222,519.4246945671775,14,68.48,1.37
3513,6,5,0.32380657472275637,2757.304148429307,3070.761838582448,313.4576901531409,0,32.04,0.64
3514,7,5,0.06886864328718355,2712.281690012308,3193.1920877735997,480.91039776129173,0,44.91,0.9
3515,6,3,0.5836741974192593,2711.7911523908997,3243.691620908067,531.9004685171672,0,0,0
3516,6,4,1.1054343546935272,2836.8703502756175,3114.2570569905924,277.38670671497493,0,13.52,0.27
3517,6,4,0.2122560490570111,2882.450414070477,3185.8917086499546,303.44129457947747,5.5,31.01,0.62
3518,8,6,0.18802857777211496,2758.5800841830546,3107.0964504663602,348.5163662833056,27.55,68.69,1.37
3519,7,5,0.04092189593533508,2679.0164600542275,3054.7388358934354,375.72237583920787,85.15,148.65,2.97
3520,7,5,0.6495520131591286,2811.999733458017,3151.211469223425,339.21173576540787,19.75,52.17,1.04
3521,6,4,0.38456542616229644,2656.4024053543967,3153.1669988923477,496.764593537951,0,24.29,0.49
3522,8,5,0.9260508718741117,2855.142178421229,3173.3155916046553,318.1734131834264,3.8,47.48,0.95
3523,7,4,0.6347605797334765,2774.100366806675,3166.3535256914815,392.25315888480645,0,15.99,0.32
3524,8,5,0.24079470372425732,2752.317707687083,3058.332093500107,306.0143858130241,7.65,31.75,0.64
3525,7,4,0.028474728312706844,2780.796650473109,3254.3588947367093,473.5622442636004,4.7,26.19,0.52
3526,6,5,0.410883412630802,2701.503745937327,3102.529756246939,401.02601030961205,0,4.79,0.1
3527,7,4,0.06860220742991589,2786.949028240436,3109.528507650551,322.57947941011525,54.2,78.42,1.57
3528,5,4,0.4125257067518537,2792.145185072009,3134.2013070570474,342.0561219850383,6.65,48.53,0.97
3529,7,5,0.005853420539287957,2706.585483047034,3161.0065782771762,454.4210952301423,1.15,32.78,0.66
3530,6,3,0.8780230439516732,2736.5910827142266,3178.10425587807,441.5131731638435,3.45,11.42,0.23
3531,6,4,0.09959979594550454,2709.532872185665,3113.227005435248,403.69413324958305,5.25,0,0
3532,7,4,0.949982741946378,2781.141467469097,3228.874707271861,447.7332398027643,0,0,0
3533,8,7,0.05352846093734178,2724.35192125968,3162.821299626314,438.4693783666344,81.6,61.05,1.22
3534,5,4,0.43317454720748794,2680.215464984754,3212.479144456907,532.263679472153,0,18.18,0.36
3535,6,4,0.053475353149384425,2672.1710971054317,3126.0235593629654,453.8524622575337,12.25,19.11,0.38
3536,8,6,0.2347044236565831,2740.5064255888137,3115.397757012832,374.89133142401806,34.1,137.5,2.75
3537,6,5,0.42399573188591416,2752.941458047593,3207.419992401621,454.47853435402794,30,28.87,0.58
3538,6,4,0.004412160615935694,2660.0049793288827,3075.116939942319,415.11196061343617,41.35,42.67,0.85
3539,6,4,0.23442853868367025,2717.9366334236142,3076.1830925899294,358.24645916631516,0,47.94,0.96
3540,7,4,0.12868217575616112,2800.514204207161,3163.715656384799,363.20145217763775,33.15,68.2,1.36
3541,8,5,0.10130726306955522,2792.2252731315953,3173.5207142972336,381.2954411656383,19.2,23.3,0.47
3542,6,5,0.01993245206166179,2766.0390359057956,3344.2198624843054,578.1808265785098,13.95,52.58,1.05
3543,7,6,0.04168812210973096,2728.394282442359,3149.7586825345084,421.3644000921495,0,0,0
3544,7,4,0.6014272156956085,2791.8870751821382,3181.268215100414,389.38113991827595,6.2,34.93,0.7
3545,6,4,0.6044396039276384,2804.89251757921,3176.8405207501164,371.9480031709063,0,0,0
3546,8,6,0.08527696356984094,2652.3625675000308,3113.6322190043643,461.2696515043335,36.25,64.07,1.28
3547,7,5,0.17688807183594474,2639.1023264007677,3099.7248636350478,460.6225372342801,47.5,77.07,1.54
3548,7,5,0.6687908516740928,2756.309706090345,3196.5018449554295,440.1921388650844,6.6,27.66,0.55
3549,8,6,0.5364429673208294,2802.0469312568403,3146.8847517216936,344.8378204648534,57.7,161.11,3.22
3550,7,4,0.34338461886564614,2738.957334488271,3179.4380643064733,440.48072981820224,0,4.28,0.09
3551,7,6,0.021055085121351267,2701.518348926555,3198.1851296857976,496.66678075924256,64.4,151.88,3.04
3552,7,6,0.08250020867610536,2760.3503967538136,3160.040564504282,399.6901677504684,25.9,32.02,0.64
3553,8,5,0.9439403487267864,2508.1123277176926,3111.3638631570952,603.2515354394027,22.3,54.77,1.1
3554,8,6,0.034881914192709924,2722.177297968888,3050.468543471185,328.291245502297,8.6,25.53,0.51
3555,7,6,0.49451787483413856,2680.7134352177704,3228.4291858766346,547.7157506588642,11.65,41.15,0.82
3556,8,4,0.16724113278583985,2616.4715944060263,3266.90485282284,650.4332584168137,42,102.49,2.05
3557,9,7,0.36082765542662193,2826.218412739882,3206.5936992673933,380.37528652751143,40.05,176.65,3.53
3558,9,8,0.0018922945226510753,2567.719573348492,3269.137824867797,701.4182515193052,97.9,323.94,6.48
3559,8,6,0.7816029220870871,2703.3739557705826,3149.083820178458,445.70986440787556,34.15,55.9,1.12
3560,6,4,0.8223275310525527,2659.3663807749463,3017.5567825445964,358.1904017696502,4.3,23.98,0.48
3561,9,6,0.1665377790844461,2699.725281524944,3090.585224612411,390.85994308746695,20.6,48.64,0.97
3562,7,4,0.39866001571442544,2896.4261849212353,3184.9792904126557,288.5531054914204,13.6,80.2,1.6
3563,7,5,0.25334444022581676,2560.353085911615,3162.191546679324,601.838460767709,42.25,116.45,2.33
3564,9,6,0.12415113690793965,2719.1140572028617,3094.4132862134234,375.2992290105617,60.3,114.02,2.28
3565,7,5,0.0025047211973202887,2667.9239106328723,3268.6196109019324,600.6957002690601,44.2,63.06,1.26
3566,9,5,0.08588655961631368,2646.0651252858484,3155.564553548951,509.4994282631028,20.75,58.77,1.18
3567,8,7,0.3272446789214819,2723.647775323462,3170.015319914564,446.3675445911017,1.1,13.01,0.26
3568,6,5,0.08093326290158559,2681.430847954055,3075.594914368777,394.16406641472213,41.65,37.38,0.75
3569,7,5,0.07368959719499278,2659.308999050571,3061.467608171217,402.1586091206459,30.95,53.44,1.07
3570,7,5,0.07453144969565736,2696.344827295401,3066.015720653916,369.67089335851506,92.55,160.04,3.2
3571,6,5,0.3546452946702337,2792.193000796515,3159.3360637335395,367.1430629370243,0.95,59.36,1.19
3572,8,5,0.273976469492463,2816.992962542552,3280.545685882564,463.5527233400121,11.75,41.48,0.83
3573,6,3,0.00016988014522659908,2776.1935233044414,3160.528615100326,384.33509179588464,25.1,57.21,1.14
3574,7,5,0.6117345651257136,2780.657520659708,3148.0329929412037,367.3754722814956,0,11.34,0.23
3575,6,4,0.19639039124856741,2753.734019405504,3240.549232876524,486.8152134710199,9.15,33.11,0.66
3576,8,5,0.28461156933499876,2837.2816275403306,3199.947853865905,362.66622632557437,9.65,40.28,0.81
3577,6,4,0.19171912976285507,2716.2243803343363,3105.2270244570072,389.002644122671,26.15,65.33,1.31
3578,7,4,0.5357541933597881,2731.990952894861,3248.889737736686,516.8987848418251,28.55,51.71,1.03
3579,9,5,0.6137165340805606,2684.397998265103,3109.26688724077,424.8688889756668,43.9,97.52,1.95
3580,6,4,0.45262363476341205,2880.427273552271,3161.486167238315,281.05889368604403,19.65,41.58,0.83
3581,7,5,0.0190733189770343,2742.938925172598,3113.0705140799005,370.13158890730256,21.95,0,0
3582,7,5,0.008990763759593248,2651.056461313336,3146.602713526555,495.54625221321885,0,23.02,0.46
3583,8,6,0.3323261274788114,2664.4758185565533,3116.530659031546,452.0548404749925,19.2,89.08,1.78
3584,8,5,0.047203574669047725,2792.741805935459,3078.0661135267314,285.3243075912724,48.1,116.18,2.32
3585,6,4,0.373048998385318,2728.4967582493186,2974.4512793959825,245.95452114666386,20.65,90.59,1.81
3586,7,4,0.0009502851090919193,2760.146917373513,3265.856384907479,505.70946753396584,40.55,45.35,0.91
3587,6,4,0.7731499496653722,2798.4745214378627,3050.7691244821863,252.2946030443236,8.75,63.08,1.26
3588,8,5,0.07710910624228628,2767.339001810645,3233.676616473588,466.337614662943,32.45,88.08,1.76
3589,8,5,0.07625450122495873,2852.342162798724,3195.8216960477093,343.47953324898526,4.1,51.28,1.03
3590,7,5,0.578048138781106,2780.554757472155,3012.675597635161,232.12084016300605,0,0,0
3591,6,4,0.03278370200621219,2937.3411930742595,3086.5440427585986,149.20284968433907,20.15,24.34,0.49
3592,6,4,0.7085665621232843,2812.6431165962817,3264.3954561702076,451.75233957392584,0,0,0
3593,6,5,0.8302069546940242,2820.6266071299874,3122.8542534909457,302.22764636095826,0,0,0
3594,8,6,0.16825602547730126,2727.245010424143,3125.4141309949277,398.1691205707848,26.4,125.09,2.5
3595,6,4,0.08708720367920922,2826.5329758515263,3133.662999585183,307.1300237336568,0,0,0
3596,6,5,0.04502974528564715,2837.4171472578305,3183.565123077628,346.14797581979747,38.8,97.32,1.95
3597,6,4,0.5477278802664811,2775.198961026583,3251.5031589443606,476.3041979177774,23.95,63.81,1.28
3598,7,5,0.08378402438593434,2653.334694726619,3132.908841934997,479.5741472083778,0,0,0
3599,7,6,1.0147222775042752,2658.597917906581,3137.4506810762687,478.8527631696875,0,44.59,0.89
3600,7,5,1.0808010341732985,2659.0603268795257,3214.6587418320637,555.598414952538,5.95,70.41,1.41
3601,6,4,0.2675267903575722,2765.415687076906,3191.530988806064,426.1153017291581,1.25,51.93,1.04
3602,8,5,0.2642460273132645,2648.92904047191,3049.4473054936584,400.51826502174845,0,14.31,0.29
3603,7,4,0.15504358728304815,2833.8025264125245,3096.7897330606875,262.987206648163,0,0,0
3604,7,4,0.21513064108914673,2683.926424167703,3085.7506655815246,401.8242414138217,50.8,50.62,1.01
3605,7,6,0.8398328518817235,2689.933817197552,3171.6897645619383,481.75594736438643,24.55,59.49,1.19
3606,9,5,0.6181156948952958,2604.0717835963997,3190.1774025015147,586.1056189051151,15.2,69.99,1.4
3607,6,5,0.2212661021066354,2739.846350164829,3128.5433512640825,388.6970010992536,7.1,14.25,0.29
3608,6,4,0.67646628034282,2652.8760227645894,3116.9569145997057,464.0808918351163,0,5.59,0.11
3609,7,4,0.5077566128947767,2749.474468555922,3141.684648516101,392.2101799601787,17.2,76.56,1.53
3610,8,5,0.24022831713555748,2762.044794390282,3181.743965907022,419.6991715167401,9.15,33.62,0.67
3611,8,6,0.3775682335588614,2769.842971439556,3208.30099677877,438.4580253392137,38.6,110.71,2.21
3612,7,4,0.24217891493877886,2828.356790959118,3162.2526127661404,333.89582180702246,27.35,30.96,0.62
3613,8,5,0.014949291848538366,2798.396749175767,3121.341578607536,322.944829431769,42.5,49.53,0.99
3614,7,5,0.745389129986805,2696.6495284882885,3063.570674679041,366.92114619075255,0,0,0
3615,8,5,0.22161061137939836,2766.7093210975736,3269.1990264567116,502.48970535913804,0,7.38,0.15
3616,8,6,0.03874711553990364,2788.7155130640526,3101.460827660036,312.7453145959835,44.15,66.94,1.34
3617,6,5,0.6113921659006136,2687.7722469922446,3167.1265894182793,479.3543424260347,25.55,52.29,1.05
3618,7,5,0.6377162354877299,2819.9246029324045,3240.912632033947,420.98802910154245,35.45,81.51,1.63
3619,7,6,0.49730086488420183,2664.07187809305,3116.499150448521,452.4272723554709,0.65,29.64,0.59
3620,9,7,0.00030827147873178234,2694.8231659369444,3132.5035369080424,437.680370971098,43.65,58.74,1.17
3621,6,5,0.4223059115905104,2855.7980100049163,3173.1664641790953,317.3684541741791,0,0,0
3622,6,4,0.10370017686522989,2823.8361977835984,3161.599524609977,337.7633268263785,0,0,0
3623,8,6,0.04900893690113467,2789.295401608122,3092.33170066138,303.03629905325806,22.55,56.39,1.13
3624,7,4,0.2040926570311964,2837.6564726988677,3094.5853932459213,256.9289205470536,0,20.86,0.42
3625,7,5,0.38540715505196743,2752.879441876312,3072.0548915435547,319.1754496672429,33.95,94.79,1.9
3626,6,4,0.18621183464816188,2748.6225059035355,3114.745212707642,366.12270680410666,0,25.71,0.51
3627,6,4,0.5638209799148038,2682.9959502232664,3099.177827709693,416.1818774864264,4.7,32.94,0.66
3628,7,4,0.21268142764112058,2729.012909627173,3119.6151334716774,390.60222384450435,0,0,0
3629,7,6,0.10389465712098488,2735.566070971096,3060.223724295574,324.6576533244779,0,46.67,0.93
3630,7,5,0.3113257350203405,2726.5485494173276,3269.5955472818264,543.0469978644987,0,62.19,1.24
3631,7,6,0.5565051012566987,2736.4791030661795,3222.9763697042176,486.4972666380381,0,42.77,0.86
3632,7,4,0.22029912060223603,2754.954522841511,3151.5389108480663,396.5843880065554,29.3,67.28,1.35
3633,6,4,0.7595677335344377,2909.3731109969517,3261.3737095992547,352.00059860230294,0,0,0
3634,5,4,0.12105626482187873,2742.935662193965,3098.18299026941,355.2473280754448,34.9,55.8,1.12
3635,7,4,0.14205308427107124,2739.4047853986012,3175.1371467417325,435.7323613431313,16.9,139.2,2.78
3636,6,5,0.22380732260755268,2747.3240026946805,3022.6352982173557,275.3112955226752,27.35,49.48,0.99
3637,7,4,0.3639516901496366,2832.8676345006597,3281.325447176921,448.45781267626126,0,0,0
3638,7,6,0.012535344072590207,2636.9751983453375,3196.3841448038597,559.4089464585222,89.7,131.24,2.62
3639,7,4,0.8129696868676205,2838.702767187594,3100.485047373985,261.78228018639084,5.75,18.25,0.36
3640,7,4,0.0032357743709196213,2811.777901387112,3167.427916585794,355.650015198682,6.55,7.87,0.16
3641,7,6,0.2432446420067708,2648.511641239998,3125.998956011492,477.48731477149386,42.25,165.06,3.3
3642,6,5,0.040018025175772305,2622.310317915913,3131.919284615099,509.6089666991861,28.85,80.68,1.61
3643,6,4,0.10750355415036736,2705.440873950571,3281.9622767382434,576.5214027876723,29.95,53.37,1.07
3644,7,4,0.25493996222881465,2743.609968696905,3089.9951743969764,346.3852057000713,0,2.21,0.04
3645,6,4,0.0578880441999927,2732.0970885770816,3058.480335669798,326.3832470927164,7.95,50.27,1.01
3646,7,4,0.1457940136360346,2783.8637227387394,3099.8886529689426,316.02493023020315,0,20.47,0.41
3647,6,4,0.04814526455881188,2762.5818772089006,3128.2627857499597,365.6809085410591,0,0,0
3648,7,5,0.032123658637216765,2710.8253325274036,3229.7868830464995,518.9615505190959,60.8,56.79,1.14
3649,8,5,1.0119134219009926,2743.130886850725,3051.217094356823,308.08620750609816,12.75,25.26,0.51
3650,8,6,0.18339646572544951,2849.5932101725584,3111.7295650739084,262.13635490134993,8.05,45.71,0.91
3651,9,5,0.001008996379384724,2523.9821301464403,3052.3973877514823,528.4152576050419,0.25,63.6,1.27
3652,7,4,0.12105048551008145,2857.6113996711965,3345.539613797941,487.9282141267445,38.75,50.55,1.01
3653,6,4,0.8700196790051047,2758.1264395415565,3240.405916667055,482.2794771254985,2.15,0.92,0.02
3654,9,6,0.2550711436749229,2705.087814958527,3369.551373650615,664.4635586920881,0,0,0
3655,8,5,0.37655159199923977,2757.4418590143873,3291.446237595889,534.0043785815019,13.25,72.38,1.45
3656,8,5,0.12301247110452028,2821.5861847418205,3197.3813208921415,375.795136150321,6.35,1.86,0.04
3657,8,7,0.06916343645763494,2814.6857954979173,3196.632812859078,381.94701736116076,36.1,97.15,1.94
3658,7,5,0.029573782329682663,2794.0781372426104,3215.5224438362807,421.44430659367026,29.4,83.97,1.68
3659,6,6,0.007701377877423226,2840.524413304963,3309.677841447204,469.15342814224095,0,32.99,0.66
3660,6,4,0.18977211418899664,2683.824746737962,3247.9534777698436,564.1287310318817,0,0,0
3661,7,5,0.2508828352266323,2680.861658581139,3097.0467315270866,416.18507294594747,10.95,38.24,0.76
3662,7,5,0.021267494173354988,2746.816091652548,3036.053106248191,289.2370145956429,0,46.9,0.94
3663,8,5,0.8098607223732694,2778.569937397907,3132.5216978820754,353.9517604841685,0,0,0
3664,8,6,0.41302307026658963,2594.3734621459057,3059.9394044680535,465.56594232214775,9.75,51,1.02
3665,7,4,0.2328767925272887,2750.5809926854627,3160.5933641982624,410.01237151279975,25.3,32.51,0.65
3666,7,4,0.011894609416916507,2825.956875422932,3281.1573257629825,455.20045034005034,30.3,58.84,1.18
3667,8,6,0.08268579922448709,2747.45546657058,3135.358648790832,387.9031822202519,1.65,68.38,1.37
3668,9,7,0.016395022773284182,2846.2021759382633,3118.7379957075277,272.53581976926444,37.85,139.89,2.8
3669,6,5,0.3721555076156063,2589.956508791174,3203.6684974148457,613.7119886236715,5.05,58.4,1.17
3670,6,4,0.7678921128618813,2784.555600822751,3302.336297945449,517.7806971226983,0,0,0
3671,7,4,0.04008267351923707,2867.0117122477272,3064.536023711859,197.52431146413164,57.4,59.25,1.18
3672,7,5,0.92032197661837,2728.5099285520837,3070.5837300868866,342.0738015348029,29.45,51.65,1.03
3673,9,5,0.8933747952691939,2658.4630035904433,3022.227420320965,363.7644167305216,23.6,44.15,0.88
3674,8,5,0.3589263037285471,2632.5937924258014,3153.425596804936,520.8318043791346,8.4,34.34,0.69
3675,6,4,0.13600378550277759,2738.8834890744706,3257.3016039082095,518.4181148337389,18.4,37.17,0.74
3676,7,5,0.009177516958395358,2635.63675923044,3190.315194825212,554.678435594772,56.5,126.66,2.53
3677,9,6,0.6112373330985542,2893.745952361765,3301.4720163169304,407.7260639551655,44,106.22,2.12
3678,6,4,1.0481851057793499,2680.1391385169036,3242.4622728667678,562.3231343498642,0,9,0.18
3679,6,6,0.09678962082659744,2759.8377182448985,3115.782988605823,355.9452703609245,13.25,55.9,1.12
3680,7,6,0.802818286947246,2725.8254871717354,3423.200484639416,697.3749974676807,34.95,52.09,1.04
3681,7,4,0.449445013048608,2713.9718684391933,3148.770690212746,434.79882177355285,5.5,0.28,0.01
3682,7,5,0.0486271402355308,2671.091713719435,3106.209361747704,435.11764802826883,0,39.51,0.79
3683,8,6,0.17039016239408883,2803.7344538453335,2978.2917850937365,174.557331248403,27.5,51.11,1.02
3684,6,5,0.21134028721974862,2680.1474917355613,3052.4593549143233,372.311863178762,0,51.47,1.03
3685,8,5,0.10729425583581138,2683.358636203168,3164.5408045309605,481.1821683277926,58.1,125.88,2.52
3686,7,6,0.1577752500768255,2667.7252049174954,3099.977101164634,432.2518962471386,74.85,132.02,2.64
3687,7,5,0.004247062849459908,2732.7483880293253,3161.493003716123,428.7446156867977,8.25,36.16,0.72
3688,7,4,0.0857961335349306,2793.115168838987,3157.2951804478434,364.1800116088566,0,0,0
3689,7,4,0.01991322029601547,2806.148151467835,3138.0209229397633,331.87277147192844,0,0,0
3690,7,5,0.05004619676961299,2833.468517280053,3199.311468149535,365.8429508694817,39.5,49.36,0.99
3691,6,3,0.6809068829559529,2730.290725609475,3044.174890624303,313.8841650148279,1.2,14.93,0.3
3692,6,3,0.8770392001421026,2778.495819361444,3146.3967252600887,367.90090589864485,0,0,0
3693,7,5,0.024734112832328205,2595.6988723217482,3172.706862289794,577.0079899680459,66.3,63.14,1.26
3694,7,4,0.5421608668003691,2699.1690985021037,3125.4216720527356,426.25257355063195,1.95,22.39,0.45
3695,8,5,0.046157278102576985,2864.728337341799,3180.963075300997,316.2347379591979,23.1,94.59,1.89
3696,7,5,0.17888959532226373,2627.208832273477,3147.3439982768714,520.1351660033943,27.75,63.24,1.26
3697,7,4,0.04155288071772909,2833.520682067078,3067.111996818742,233.5913147516644,4.85,28.19,0.56
3698,9,6,0.20141217809760223,2559.1721832739013,3136.5898175521857,577.4176342782844,26.45,3.12,0.06
3699,6,4,0.008999120776835366,2749.9634468529985,2999.0863117146337,249.1228648616352,40.7,94.35,1.89
3700,8,4,0.5147738844838716,2679.975590243659,3043.7133251773344,363.73773493367526,0,0,0
3701,8,6,0.06770898371386826,2776.6308620913005,3180.903080355003,404.2722182637026,25.35,73.23,1.46
3702,8,5,0.010377957572360158,2644.0053763291244,2992.7266339682556,348.7212576391312,26.45,52.57,1.05
3703,8,5,0.09931354229584918,2762.5388776409623,3138.1548378223233,375.61596018136106,5.5,44.77,0.9
3704,7,5,0.06597886672589089,2783.2628679463064,3121.4735767085845,338.21070876227805,39.35,118.14,2.36
3705,8,5,0.837114948051655,2814.3336686034345,3080.8735180654858,266.5398494620513,3.7,24.02,0.48
3706,7,5,0.04113052527707574,2678.4111407792398,3094.848339372879,416.4371985936391,40.15,65.95,1.32
3707,7,5,0.13191049592601942,2782.7859286919193,3034.9015295178424,252.11560082592314,0,36.2,0.72
3708,7,6,0.19767089235498767,2846.4551893647117,3047.4769826085885,201.0217932438768,12.75,67.84,1.36
3709,6,5,0.25554615268454683,2803.453495768034,3143.0349991130943,339.58150334506036,5.2,31.98,0.64
3710,7,5,0.03481228711423657,2744.43476583754,3161.4231761323554,416.98841029481537,37.8,77.71,1.55
3711,7,4,1.001390935941474,2640.7400381985585,3260.7312209522424,619.9911827536839,9.35,18.53,0.37
3712,6,4,0.2655238966536869,2717.684406808164,3038.71004496371,321.02563815554595,37.75,54.14,1.08
3713,7,4,0.027771160339049847,2711.3860317557287,3212.1945817518545,500.80854999612575,123.7,159.45,3.19
3714,8,5,0.1469781223886651,2797.2623358601822,3323.14011025921,525.8777743990277,60.95,114.98,2.3
3715,6,5,0.6432605285486871,2682.981484611085,3143.12937223412,460.14788762303533,0.4,46.91,0.94
3716,8,5,0.06702554049301787,2666.3385237776038,3289.455617440614,623.1170936630101,32.7,84.02,1.68
3717,6,3,0.20373926640112155,2642.5923565433436,3145.6070011569527,503.0146446136091,21.95,48,0.96
3718,8,6,0.5255438184822357,2814.0781351987753,3218.562075951141,404.4839407523659,1.1,31.51,0.63
3719,7,6,0.12224511601162007,2721.4864358797267,3308.8825230204498,587.396087140723,52.25,109.14,2.18
3720,7,6,0.931759161129611,2801.5553764326232,3082.9494552307565,281.39407879813325,11.35,39.01,0.78
3721,9,6,1.0037754536730656,2767.8186237984523,3181.583404567204,413.76478076875173,35.1,99.05,1.98
3722,7,4,0.894005552533939,2752.644981215364,3105.8178557924593,353.1728745770952,23.6,47.68,0.95
3723,6,4,0.7817884771914806,2600.5828487772555,3055.548749390317,454.9659006130614,24.5,29.51,0.59
3724,9,5,0.7742142703644639,2548.7173381556145,3224.901762186946,676.1844240313317,36.3,111.36,2.23
3725,6,4,0.5046957790626926,2673.6219872316765,3166.775584853123,493.15359762144635,1.6,1.79,0.04
3726,8,5,0.010969276706373838,2731.737645373279,3257.6885924909284,525.9509471176493,23.95,46.79,0.94
3727,8,6,1.025836784132109,2849.126408933148,3123.9014161397745,274.77500720662647,6.25,97.07,1.94
3728,6,5,0.773279320336958,2611.7857441276947,3087.5469823361395,475.76123820844487,26.35,55.79,1.12
3729,8,5,0.6391692240653155,2748.3878757977486,3205.1118935776353,456.7240177798867,8.8,42.13,0.84
3730,8,5,0.25352596865263605,2665.6740966553716,3170.499348540358,504.8252518849863,22.15,51.61,1.03
3731,7,5,0.09050254431374283,2709.3645960962267,3265.680236808294,556.3156407120673,64.55,176.83,3.54
3732,7,4,0.03404601646247635,2708.0747776857233,3254.6313843806442,546.5566066949209,13.5,69.69,1.39
3733,6,3,1.109676757967095,2774.4255653081755,3135.1094014151417,360.6838361069663,0,7.93,0.16
3734,7,5,0.019845404943288687,2603.967452160398,3134.6112046317785,530.6437524713806,35.5,50.83,1.02
3735,7,5,0.30589122257759843,2780.050966151703,3063.193930622142,283.142964470439,0,0,0
3736,6,4,0.37139060655865397,2786.627154037735,3213.9776751733566,427.3505211356214,0,9.26,0.19
3737,8,5,0.20502943695745451,2792.2029002132354,3086.6640449564215,294.4611447431862,47.9,107.83,2.16
3738,8,6,0.37826288454476314,2699.296839811527,3191.370286252886,492.073446441359,14.8,62.75,1.25
3739,7,5,0.5820737694715105,2888.2870514410856,3236.0409072879615,347.7538558468759,31.7,62.77,1.26
3740,7,4,0.16774601585461912,2604.989095604548,3207.809022036218,602.81992643167,4.45,30.31,0.61
3741,7,5,0.01681968789482969,2846.5467377795053,3138.674420150123,292.12768237061755,17.95,52.85,1.06
3742,9,6,0.09596699882968603,2743.055385478334,3201.1130508766623,458.0576653983285,0,0,0
3743,6,4,0.026018312902450148,2774.3212734085982,3242.874339812858,468.5530664042599,0,0,0
3744,6,4,0.1030394712428036,2765.5573825884835,3065.0939844285126,299.5366018400291,12.9,43.9,0.88
3745,7,5,1.0535278452994312,2701.846545679377,3171.7583908700153,469.91184519063836,13.55,58.14,1.16
3746,7,5,0.002378820319076031,2838.6966902668505,3220.793406072618,382.0967158057674,89.9,116.93,2.34
3747,6,4,0.08397200712914675,2831.613287522727,3165.454500137077,333.84121261434984,28.7,49.61,0.99
3748,7,5,0.19628859113640706,2858.9300143977116,3236.779797875963,377.84978347825154,0,0,0
3749,7,4,0.10163940301463882,2705.3952690782994,3076.1664253065346,370.7711562282352,38.55,53.16,1.06
3750,7,6,0.043341588791705125,2734.674201006666,3143.1234057604966,408.4492047538306,19.3,65.09,1.3
3751,7,4,0.0027472379306414454,2906.9986720783577,3058.2867331754433,151.28806109708557,65.85,57.85,1.16
3752,8,6,0.10420495529362997,2768.983694403593,3138.645601162562,369.66190675896905,50.8,120.11,2.4
3753,5,3,0.8836451848474056,2708.5196444027297,3247.4617773867512,538.9421329840216,0,3.16,0.06
3754,9,6,0.04604410313499337,2793.8059995154927,3122.7805592244395,328.9745597089468,10.1,52.36,1.05
3755,7,4,0.9873869594022444,2738.6455426260586,3085.135879088932,346.49033646287353,0,0,0
3756,7,5,0.22127272936055165,2688.7279181086465,3179.60139660773,490.8734784990834,50.8,102.3,2.05
3757,8,6,0.22897783600008584,2759.248911269696,3217.1441195641746,457.89520829447883,56.55,91.84,1.84
3758,8,5,0.015732291799889005,2804.054500889085,3222.1056682980166,418.05116740893163,49.35,85.32,1.71
3759,5,4,0.062047273567279536,2784.1841348566986,3099.138900628787,314.9547657720882,47.85,47.44,0.95
3760,8,5,0.3285704251845282,2788.92192159868,3206.068648045365,417.1467264466851,0,7.7,0.15
3761,8,6,0.11675277701455931,2875.98167114082,3210.6469845922625,334.66531345144267,6.3,26.66,0.53
3762,7,4,0.6716607709081006,2619.0148155843654,3180.169924128648,561.1551085442825,0,35.63,0.71
3763,6,4,1.01218760030262,2676.201236454733,3314.1833053147084,637.9820688599752,0,0,0
3764,7,5,0.034500919610208056,2786.6690431315915,3104.8694309804837,318.2003878488922,98.35,150.69,3.01
3765,9,7,0.0033265545370394097,2733.3381465947637,3210.4154624191738,477.0773158244101,45.4,160.95,3.22
3766,7,5,0.18188432231934606,2666.934655211999,3250.8554478177757,583.9207926057766,57.95,97.29,1.95
3767,8,5,0.9941700866505846,2626.55452849993,3390.8608049394024,764.3062764394726,38.2,148.43,2.97
3768,7,6,0.38835374864511807,2848.481389116416,3231.5262473436774,383.04485822726156,20.65,70.94,1.42
3769,7,5,0.009842103921448209,2824.6571876765834,3201.475281302421,376.8180936258377,7,28.65,0.57
3770,9,6,0.014312014449696025,2654.1697614859586,3120.7497314749685,466.5799699890099,31.05,96.81,1.94
3771,7,6,0.054704915920560496,2846.9418959956784,3147.7929958451437,300.8510998494653,20.9,56.33,1.13
3772,6,4,0.4729261230450765,2762.3018830566534,3188.6650068178174,426.36312376116393,4.6,8.73,0.17
3773,7,4,0.19221617557547097,2621.5615091827694,3146.4035368157374,524.842027632968,4.3,70.63,1.41
3774,6,4,0.3079952806293996,2783.407058446359,3290.5988294735344,507.1917710271755,0,18.51,0.37
3775,6,4,0.13035712464946733,2829.143644781286,3058.708486593083,229.56484181179667,34.6,83.8,1.68
3776,7,4,0.11696211036203764,2769.2993834541385,3159.233063166729,389.9336797125907,12.2,12.35,0.25
3777,5,4,0.8538570099095827,2706.353437797323,3151.328855115612,444.97541731828915,44.2,98.62,1.97
3778,6,4,0.04958148711685361,2812.617667070578,3173.359749718182,360.74208264760364,0,0,0
3779,6,4,0.09276152467142904,2804.460042822302,3098.3085179125696,293.8484750902676,42.8,50.29,1.01
3780,8,6,0.20659389456224786,2608.931470462189,3258.6712609878587,649.7397905256698,35.35,81.24,1.62
3781,8,5,0.15741859577477,2684.3347946021286,3064.2926856765316,379.95789107440305,0,9.82,0.2
3782,7,5,0.2664863858588736,2830.070833801205,3259.7102857771315,429.6394519759265,26.3,69.52,1.39
3783,9,6,0.020145746108070475,2766.5865714436404,3219.2073757682524,452.620804324612,33.5,130.72,2.61
3784,8,6,0.1289733193976633,2662.1684609542085,3191.517630186434,529.3491692322254,25.55,45.03,0.9
3785,8,5,0.11895282023887502,2689.086068819487,3200.7000767508302,511.61400793134317,7.3,37.11,0.74
3786,7,5,0.12963763684103982,2644.906819128312,3084.181469855986,439.27465072767427,7.95,86.49,1.73
3787,7,5,0.33821540033281217,2782.8794000057032,3242.491008557089,459.61160855138587,24.25,53.95,1.08
3788,7,6,0.03746610049549818,2683.533706756404,3251.829549606984,568.2958428505799,104.45,160.01,3.2
3789,7,5,0.0027039478449812056,2623.4037639240323,3240.7627705606765,617.3590066366442,129.75,178.09,3.56
3790,8,6,1.0156446313600493,2728.896277779527,3314.4036088521802,585.5073310726534,24.35,104.43,2.09
3791,7,6,0.0018851024409702122,2774.044060783252,3212.5715211425127,438.52746035926066,100,134.04,2.68
3792,7,4,0.7839957426289699,2823.743185707906,3086.4299497870925,262.68676407918656,39.3,81.79,1.64
3793,8,7,0.1156108492836207,2813.666478243172,3194.2903298632386,380.6238516200665,35.05,128.89,2.58
3794,7,5,0.6818202707306997,2783.0557781261787,3187.038770453638,403.9829923274592,34.2,99.84,2
3795,7,4,0.4634957645372456,2696.0101120535164,3048.939568400217,352.9294563467006,31.4,56.79,1.14
3796,6,4,0.5540668235497148,2817.552387693227,3124.7147066474254,307.1623189541983,0,0,0
3797,6,3,0.6666708593136809,2774.3079094613718,3233.3095857122935,459.0016762509217,8.9,33.18,0.66
3798,8,5,0.0844874527726429,2710.566330140413,3100.9462173049233,390.37988716451036,64.75,110.49,2.21
3799,6,4,0.33879975654590616,2716.220845886692,3057.3993813151874,341.17853542849525,0,4.26,0.09
3800,6,4,0.6778198577924205,2667.1059635485667,3179.1999095254114,512.0939459768447,0,0,0
3801,7,5,0.8854200920848858,2675.1457633193804,3257.8448668135425,582.699103494162,8.95,33.78,0.68
3802,7,5,0.17259781104872238,2655.8538612039015,3214.1019249756914,558.2480637717899,16.35,26.52,0.53
3803,8,5,0.3133666067382038,2745.483485612626,3112.613092088369,367.129606475743,0,95.69,1.91
3804,7,6,0.21587448305335769,2742.3595338561327,3163.1360030360256,420.77646917989296,50.85,100.8,2.02
3805,7,4,0.004884519488208922,2678.7972478890274,3205.781013363122,526.9837654740945,120.55,151.69,3.03
3806,7,5,0.4459869174700597,2708.3366600152017,3043.3644893733417,335.02782935814,20.8,47.69,0.95
3807,6,5,0.40953189416452657,2559.066256403331,3158.467253913279,599.400997509948,0,0,0
3808,8,4,0.031226777370359803,2653.955355729616,3054.601137957004,400.6457822273883,0,28.11,0.56
3809,7,5,0.02870454206295895,2763.9068102165506,3166.282333459894,402.3755232433432,20.15,49.32,0.99
3810,8,5,1.1734083595119733,2673.044709679502,3191.772947776851,518.7282380973493,0,5.98,0.12
3811,7,4,0.0017113175155990098,2740.3028082466585,3296.5213556045246,556.2185473578661,63.45,99.18,1.98
3812,8,5,0.6711372898431074,2720.6661157184244,3394.1159047537863,673.4497890353618,12.55,23.77,0.48
3813,8,5,0.05441257110115517,2746.9805057653025,3099.622154419537,352.64164865423436,36,82.99,1.66
3814,7,5,1.123799510457452,2776.337396568583,3110.0307434829488,333.693346914366,0,5.29,0.11
3815,6,4,0.6168805599683221,2778.341412562938,3024.063917043376,245.72250448043815,0,37.41,0.75
3816,10,6,0.16338600938115214,2713.228844637609,3122.3758957313985,409.1470510937893,42.75,83.69,1.67
3817,7,5,0.5996766306375344,2640.5094316980912,3029.5026009954872,388.993169297396,0,0,0
3818,5,4,0.30806814400762944,2679.304931191649,3232.169207026353,552.8642758347041,6.6,30.04,0.6
3819,6,4,0.2472801668984209,2789.048931070406,3161.1270792807013,372.07814821029524,24.25,23.3,0.47
3820,8,5,0.13024352208920095,2680.1697290031584,3035.1499772066327,354.9802482034743,61.2,93.09,1.86
3821,7,4,0.6301313954796817,2804.1533729822936,3197.5440945859245,393.39072160363094,6.05,26.32,0.53
3822,7,5,0.08772976739329247,2818.175083590367,3216.824203134402,398.6491195440349,37,26.52,0.53
3823,8,6,0.041495717639865023,2898.882920380814,3210.9509290626484,312.06800868183427,103.55,157.61,3.15
3824,8,6,0.006848082339817767,2749.190216693703,3080.9028657516133,331.7126490579103,5.65,27.1,0.54
3825,8,5,0.06038053185789383,2754.3214274850015,3200.1083596657973,445.7869321807957,50.05,91.27,1.83
3826,7,6,0.4718755789041118,2658.6178095243135,3024.8831138673686,366.26530434305505,56.55,113.52,2.27
3827,5,4,0.8168735060373022,2742.920708076196,3110.0845857817517,367.1638777055555,0,0,0
3828,8,5,0.20579249962420265,2722.8694191729965,3079.10651889654,356.23709972354345,6.6,45.82,0.92
3829,7,5,0.08198267235149233,2936.8294308090153,3109.0140264625725,172.18459565355715,57.65,53.01,1.06
3830,7,4,0.08391438810272292,2621.8690919007504,3158.5306454964348,536.6615535956844,0.05,9.21,0.18
3831,7,4,1.019085387999888,2749.0801274920063,3225.887833542469,476.80770605046246,9.2,44.7,0.89
3832,5,3,0.5469801376319866,2711.1822044495602,3143.4793247541656,432.2971203046054,1.15,30.65,0.61
3833,8,6,0.6405054224348103,2759.2072830267166,3201.0866390808683,441.8793560541517,6.1,49.64,0.99
3834,8,6,0.26457162521734184,2710.395033332365,3185.951294466276,475.556261133911,8.9,73.95,1.48
3835,7,4,0.881605220349539,2663.484684438745,3106.8587465904707,443.37406215172587,8.45,32.82,0.66
3836,7,4,0.05282386859770968,2707.0977869144513,3039.251373718437,332.15358680398595,3.95,23.03,0.46
3837,5,3,0.02890662890920703,2793.813064376339,3172.1036050706134,378.29054069427457,0,0,0
3838,6,4,1.010339554630222,2848.772744699045,3210.2584736454533,361.48572894640847,0.6,0,0
3839,9,7,0.1315888127366092,2810.3442393431387,3174.151744139584,363.8075047964453,59.75,115.14,2.3
3840,7,5,0.25350854822341906,2722.6517654220584,3254.1865948917366,531.5348294696782,39.6,57.01,1.14
3841,7,6,0.14584552371216908,2811.9457776373392,3166.529441974619,354.58366433727997,0,0,0
3842,6,4,1.0889798097241241,2699.9887080911203,3312.855859753855,612.8671516627346,26.8,56.46,1.13
3843,9,5,0.04866488978737336,2799.264276180263,3140.4006302875973,341.1363541073342,25.85,25.25,0.5
3844,7,4,0.12271903584352549,2837.484762934131,3176.621355043074,339.13659210894275,0,14.04,0.28
3845,6,5,0.09978527301925091,2838.9331502790105,3197.457710085452,358.52455980644163,0,0,0
3846,6,4,0.1164174001596365,2694.026412902581,3026.0205242925394,331.99411138995856,0,0,0
3847,6,3,0.1879797785632883,2722.185450523493,3234.8746602094834,512.6892096859906,38.55,53.33,1.07
3848,9,5,0.14196760713995296,2756.8488424901525,3060.702124553955,303.85328206380245,21.15,97.69,1.95
3849,6,4,1.0961396951854967,2767.3512560375707,3072.0070561677035,304.6558001301328,0,14.24,0.28
3850,8,6,0.08833452873796364,2845.534157487135,3080.1082658849277,234.57410839779277,0,24.01,0.48
3851,6,5,0.166631014620693,2838.3237341577787,3128.0296423741006,289.70590821632186,34,74.15,1.48
3852,6,5,0.6043290806596671,2754.985932690467,3220.7934764311017,465.8075437406346,3.95,51.24,1.02
3853,7,6,0.32812531785551774,2688.337531512495,3236.6143567849754,548.2768252724804,28.8,68.76,1.38
3854,7,4,0.029752345522168013,2738.839452515866,3233.1576081970843,494.3181556812183,42.15,89.21,1.78
3855,7,4,0.7369737209935264,2770.044271006938,3142.635496491949,372.59122548501136,4.85,71.71,1.43
3856,6,4,0.34252994918519974,2851.3841264328016,3244.0487556053868,392.66462917258514,0,34.86,0.7
3857,7,4,0.818672947717548,2587.5377636609355,3119.3754720875554,531.8377084266199,28.15,71.88,1.44
3858,7,4,0.05263616894292895,2766.5391795405553,3360.1260132917987,593.5868337512434,0.65,25.08,0.5
3859,9,6,0.05007215485375246,2660.986436488318,3138.980560013411,477.9941235250931,24.55,112.97,2.26
3860,7,5,0.11104973806208794,2708.326948529476,3244.5639481764188,536.2369996469429,26.85,49.33,0.99
3861,5,3,0.11066270803775083,2679.6952860070523,3368.223392248481,688.5281062414288,0,0,0
3862,9,5,0.057315273261539415,2790.6856347275657,3050.7471282270803,260.06149349951465,52.7,144.6,2.89
3863,7,4,0.06792527480622461,2674.3448535294124,3052.1591035357965,377.8142500063841,53,54.4,1.09
3864,7,4,0.12769224946523022,2798.7290926481205,3143.079215032011,344.35012238389027,37.6,55.91,1.12
3865,6,5,0.16764469014703973,2737.835507236875,3300.8682633662183,563.0327561293434,37.45,57.43,1.15
3866,8,6,0.05652172059579092,2776.167879157581,3082.2196748474635,306.0517956898825,67.5,161.64,3.23
3867,8,5,0.7116638165765213,2758.206149959289,3035.7415576406825,277.5354076813933,8.75,41.8,0.84
3868,6,4,1.0058159929472275,2864.1534054271015,3065.217808175253,201.06440274815168,3,0,0
3869,6,5,1.0118875977642297,2724.9536317450725,3232.371958825636,507.41832708056336,2.35,18.72,0.37
3870,7,4,0.08507667762595554,2836.50095868477,3237.085287696126,400.5843290113562,0,0,0
3871,7,5,0.07297813302024217,2752.633178546403,3101.8759243872278,349.2427458408247,0,5.13,0.1
3872,8,5,0.2922685177792438,2745.5169726492277,3095.9971246782047,350.48015202897705,10.35,41.5,0.83
3873,7,4,0.214202148189908,2696.9284047993597,3209.4991044313338,512.5706996319741,5.6,25.52,0.51
3874,7,5,0.692997085663811,2735.904698095987,3133.1973647823393,397.2926666863523,0,28.8,0.58
3875,7,4,0.04067190389967703,2671.500263818436,3149.427113745016,477.92684992657996,30.85,79.66,1.59
3876,9,6,0.19854886074647268,2765.4079086669008,3300.5879768869204,535.1800682200196,17.3,55.42,1.11
3877,6,4,0.6759726148565175,2691.1426167709933,3302.3160813151694,611.1734645441761,0,0,0
3878,7,5,0.008800347793740265,2714.4143466373107,3209.8313594020033,495.4170127646926,54.5,101.86,2.04
3879,7,5,0.03028244086947641,2801.808204643882,3297.1302843916674,495.3220797477852,12.95,25.36,0.51
3880,8,5,0.08679010661254094,2760.0662365499306,3130.760328140746,370.69409159081533,26.15,0,0
3881,8,6,0.9525083928218929,2704.3746892057056,3200.210123713926,495.83543450822026,9.15,64.83,1.3
3882,7,4,0.07671959050391736,2726.5908638675605,3014.766627319841,288.17576345228053,16.7,103.22,2.06
3883,7,5,0.133142834932575,2694.885053262097,3125.9151794370164,431.0301261749196,31.5,73.71,1.47
3884,6,5,0.2585921696140937,2836.293586091569,3180.771658972425,344.47807288085596,0,0,0
3885,6,4,0.44962710624407326,2734.570615136012,3336.8428144899117,602.2721993538999,30.95,89.7,1.79
3886,7,4,0.41213162301704,2743.8220547550154,3179.5656482386394,435.74359348362395,0,8.22,0.16
3887,7,5,0.04605934253463351,2821.1842319500975,3069.9629825696406,248.7787506195432,59.3,86.54,1.73
3888,8,5,0.00804347201281642,2695.8068225113425,3120.9693244256514,425.1625019143089,30.6,85.82,1.72
3889,7,5,0.012982214859342207,2786.2945442592277,3040.8370017413113,254.5424574820836,50.1,49.72,0.99
3890,9,7,0.8076926446189152,2729.048843053455,3089.514746501846,360.4659034483907,3.05,49.26,0.99
3891,7,6,0.13892112353451602,2563.9046555244495,3280.860078693592,716.9554231691427,32.25,59.9,1.2
3892,8,6,0.05198764511208279,2805.240997967824,3023.317924933615,218.0769269657908,46.95,92.4,1.85
3893,6,5,0.6687993710451282,2780.48137929997,3267.6587234744743,487.17734417450447,0,35.94,0.72
3894,7,4,0.5135962352676057,2728.8974757835294,3247.91747381359,519.0199980300604,6.2,25.14,0.5
3895,7,4,0.5615557925735641,2869.8286948754553,3206.998641992801,337.1699471173456,38.9,67.4,1.35
3896,8,6,1.0332860269872404,2709.852399407413,3117.9576813623667,408.1052819549536,8.7,87.33,1.75
3897,8,7,0.04750107102679157,2725.814015028072,3201.8607851012584,476.0467700731865,8.45,68.32,1.37
3898,9,6,0.23833415271153063,2734.3179964474407,3041.765300337785,307.4473038903443,9.05,82.76,1.65
3899,8,4,0.7585731049222215,2508.0189727773645,3132.824692425641,624.8057196482764,0,0,0
3900,9,5,0.008819083237079908,2732.9885230234154,3086.8844138585337,353.8958908351183,41.95,25.12,0.5
3901,7,5,0.025519100693334924,2691.0449743985446,3352.3536767622036,661.308702363659,34.3,80.17,1.6
3902,6,5,0.879338793886668,2630.972473687204,3200.96081870262,569.9883450154161,23.4,52.19,1.04
3903,7,5,0.5203817095769807,2708.2008946710716,3170.4903680974835,462.28947342641186,0,7.02,0.14
3904,7,5,0.9061454007741434,2778.1893072603707,3164.524307697656,386.3350004372851,4.35,50.76,1.02
3905,6,5,0.25998053889505235,2766.890140362587,3082.914324816976,316.02418445438934,9,0,0
3906,8,5,0.004276971595595807,2816.2448607911524,3205.5414924626125,389.2966316714601,62.3,49.11,0.98
3907,7,4,0.7572708813826519,2682.069190280078,3179.4951003327924,497.42591005271424,12.95,42.64,0.85
3908,7,4,0.1186946052588618,2801.341325466359,3245.4030480531483,444.0617225867891,29.5,49.91,1
3909,7,4,0.4602915800028644,2579.8913274653664,3078.6956490204393,498.8043215550729,0,33.88,0.68
3910,6,4,0.09669204658634588,2672.3098739242705,3075.8166234018677,403.50674947759717,24.95,47.37,0.95
3911,6,4,0.35890308146072114,2805.8180478103186,3123.5419790210594,317.72393121074083,0,25.66,0.51
3912,6,4,0.24582802727897446,2742.3230536558385,3065.67250958606,323.34945593022167,11.75,0,0
3913,6,5,0.30395255673838534,2684.266665944441,3218.8540825349023,534.5874165904615,0,14.8,0.3
3914,7,4,0.00043173163857583254,2810.688534332769,3212.3180620350954,401.6295277023264,42.45,50.81,1.02
3915,5,4,0.812284599549162,2802.5395563779034,3224.320243999018,421.7806876211148,0,67.28,1.35
3916,6,4,0.46941217281467346,2816.2317947076976,3229.2555820710354,413.02378736333776,0,22.31,0.45
3917,7,5,0.6488678886555431,2720.900927294687,3065.9005767803837,344.99964948569686,21.1,49.09,0.98
3918,7,5,0.20813163246650332,2605.1249476670832,3168.915630130922,563.790682463839,2.35,47.21,0.94
3919,8,7,0.10469058867737617,2736.1288200870104,3105.203479275818,369.0746591888078,36.85,109.12,2.18
3920,6,4,0.06777353400318147,2619.652060072343,3211.511461699202,591.8594016268589,2.5,20.49,0.41
3921,9,5,0.793957460125992,2768.515609014389,3139.332680737368,370.81707172297865,9.65,44.73,0.89
3922,7,6,0.26302216774205095,2729.098169343978,3171.9850140610056,442.88684471702754,11.4,54.05,1.08
3923,9,7,0.22398686643368174,2791.403996954423,3162.1012808226005,370.6972838681777,20.05,60.82,1.22
3924,7,6,0.6128261305660714,2660.233843575005,3102.075976533742,441.84213295873724,24.4,91.31,1.83
3925,6,3,0.5976396378731367,2708.5702499738923,3081.980681262237,373.4104312883446,0,0,0
3926,6,4,0.04409580615904055,2679.344509920257,2958.2035988535463,278.85908893328906,34.1,5.43,0.11
3927,6,4,0.05803866911002938,2752.267009900704,3171.1322554185313,418.86524551782713,68.25,109.26,2.18
3928,9,7,0.005758086666838104,2810.277093272769,3143.058412456505,332.78131918373583,78.6,108.34,2.17
3929,7,5,0.5770988865199187,2755.4008948462806,3143.423803869863,388.02290902358254,34.8,57.11,1.14
3930,6,5,0.41234149917068486,2865.2131554964044,3094.9252024876814,229.71204699127702,13.5,13.35,0.27
3931,7,4,0.6417053965233858,2907.7762459465143,3201.9829534040286,294.2067074575143,2.95,19.09,0.38
3932,8,6,0.17076253233751934,2804.1201943999426,3149.046557219441,344.92636281949854,88.7,162.38,3.25
3933,8,5,0.05156384930898944,2809.247154338516,3271.4925020002333,462.24534766171746,17.15,50.35,1.01
3934,7,5,0.9789448122076483,2660.877141724384,3169.8483558188477,508.9712140944639,29.8,60.38,1.21
3935,8,6,0.053875473935555675,2714.680243169747,3166.553195883496,451.8729527137489,70.45,122.35,2.45
3936,6,5,0.15527615940794298,2725.574916303918,3239.1253246791243,513.5504083752062,9.15,0,0
3937,8,6,0.04800406747872383,2763.995117687222,3116.13874048643,352.14362279920806,37.4,73.85,1.48
3938,7,5,0.26548351381741103,2762.958541782657,3150.5023592436887,387.5438174610317,18,53.96,1.08
3939,7,4,0.07566438595883991,2741.6167787454892,3167.7099622534984,426.09318350800913,25.95,56.27,1.13
3940,7,4,0.28744136579036556,2772.587091166097,3118.9653788281826,346.37828766208577,4.85,62.48,1.25
3941,7,4,0.9320496925574213,2779.8223466520776,3141.197628385204,361.3752817331265,0,0,0
3942,6,4,0.38523450260924624,2838.906621033326,3107.636592095882,268.72997106255616,32.05,55.06,1.1
3943,7,5,0.14013258166711343,2660.3065283149217,3125.4230725254583,465.11654421053663,22.7,47.79,0.96
3944,7,6,0.3764324206615482,2781.8720377865156,3186.4622689324806,404.59023114596494,26.2,61.57,1.23
3945,5,4,0.9020287799375002,2660.872003740382,3122.5480101174544,461.67600637707255,0,0,0
3946,8,7,0.20261130744373898,2762.8218017161485,3228.9672727652096,466.14547104906114,31.25,46.62,0.93
3947,8,7,0.02000731345417403,2733.844551158509,3164.245531494219,430.40098033570985,30.1,66.54,1.33
3948,10,7,0.1883197813338166,2739.234633896984,3130.730270980696,391.4956370837117,16.9,77.59,1.55
3949,7,4,0.0989695603819369,2685.6949139424228,3209.070523692909,523.3756097504861,36.7,67.41,1.35
3950,8,6,0.020918007782129624,2897.629506551243,3156.432365711121,258.8028591598777,68.6,76.97,1.54
3951,6,5,0.04435484142147844,2588.945267326568,3212.4290937885776,623.4838264620098,0.3,53.84,1.08
3952,6,4,0.12485773623968288,2636.9449678748388,3115.7158081942857,478.77084031944696,0,0,0
3953,6,3,0.48672270862567973,2685.262527841528,3097.421908672006,412.15938083047786,0,0,0
3954,6,5,0.14039785120764361,2603.297260737145,3109.3634713170986,506.0662105799538,36.1,45.82,0.92
3955,8,5,0.10286092847907465,2627.975762728298,3050.2150208035764,422.2392580752785,49,144.33,2.89
3956,7,5,0.3960671167527432,2822.8644459958005,3073.168753368152,250.30430737235156,42.25,73.83,1.48
3957,8,5,0.07480053624266095,2617.4389582004246,3126.074025305163,508.6350671047385,39.4,85.96,1.72
3958,6,3,0.2513902328895555,2827.9934320259604,3221.0967407872004,393.10330876124,5.5,47.38,0.95
3959,7,5,0.43424607775611823,2782.6522190625456,3125.9676171309125,343.3153980683669,7.75,30.72,0.61
3960,9,7,0.07999428298861967,2785.4855303822023,3083.7821594766556,298.29662909445324,11.7,111.14,2.22
3961,8,5,0.7898585122969553,2801.5940054186603,3217.3421588561196,415.7481534374592,0,12.91,0.26
3962,6,4,0.406535275770379,2739.450049294432,3198.4892586785054,459.0392093840733,0,19.66,0.39
3963,6,4,0.5670534711697416,2859.1303139470447,3175.8148736001604,316.6845596531157,6.5,7.24,0.14
3964,7,5,0.03593056899036561,2551.163351372875,3211.260152597357,660.0968012244821,1.05,37.85,0.76
3965,7,6,0.012901021521972724,2615.410736294681,3226.536059593833,611.1253232991521,0,0,0
3966,6,4,0.9213062083673035,2815.563306548747,3211.3853511090338,395.82204456028694,0,15.33,0.31
3967,7,5,0.011464314467218776,2551.6962005503524,3143.6320775932954,591.935877042943,33.9,66.77,1.34
3968,7,6,0.042663503434765236,2677.926876799442,3079.0314668428673,401.1045900434251,0,0,0
3969,6,4,0.05728919554680697,2807.8513511980314,3039.085100386205,231.23374918817353,33.95,24.18,0.48
3970,7,4,0.4220827483291085,2761.6219440382183,3096.8151878422427,335.1932438040244,0,12.87,0.26
3971,8,5,0.05175194098567651,2773.397650042382,3162.6323997559634,389.23474971358155,37.9,56.97,1.14
3972,6,4,0.7123677166809894,2777.014773676193,3163.147530174215,386.132756498022,0,0,0
3973,6,4,0.6887154763850418,2524.8196531312565,3217.4694046596705,692.6497515284141,27.6,46.87,0.94
3974,6,4,0.5240763718323488,2744.6216798559713,3169.9181529352063,425.29647307923506,0,9.73,0.19
3975,8,6,0.09983948175217482,2739.841521036201,3136.5700782618114,396.72855722561053,44.2,57.27,1.15
3976,6,4,0.024208311893045262,2695.178293483158,3188.015957371562,492.83766388840377,0,53.07,1.06
3977,7,6,0.025873672157597845,2726.431997778965,3198.090558599967,471.6585608210021,69.4,92.41,1.85
3978,8,4,0.05158222408549877,2620.4262542849237,3191.3837847992527,570.9575305143289,15.2,45.53,0.91
3979,5,4,0.521519270661564,2877.815913164637,3116.1993406058605,238.38342744122338,0,0,0
3980,8,5,0.07536223991853233,2740.421156515722,3052.1051936330823,311.6840371173603,4.95,105.9,2.12
3981,9,6,0.4049934547600076,2833.7437292502536,3200.4336571857625,366.6899279355089,26.1,76.04,1.52
3982,6,4,0.03079367822272668,2762.0016100379385,3154.9712955740033,392.96968553606484,0,27.03,0.54
3983,8,6,0.036627103620024554,2749.9205107054127,3137.5766735880406,387.656162882628,0,47.82,0.96
3984,6,4,0.3425257340136925,2792.718617051211,3181.783096365458,389.0644793142469,0,3.4,0.07
3985,6,4,0.08949932980093883,2659.8412904083198,3315.7870544333496,655.9457640250298,42.8,66.97,1.34
3986,5,3,0.06417462071112374,2750.013377574647,3230.501459765084,480.48808219043667,48.05,55.76,1.12
3987,7,5,0.02063132372027546,2816.052752728766,3181.8997835042824,365.8470307755165,38.1,28.21,0.56
3988,6,5,0.24356607972559527,2699.69144536935,3077.5011133290586,377.8096679597088,0,7.3,0.15
3989,8,5,0.9117817622193032,2795.0358162694356,3120.1178368312458,325.08202056181017,0,7.5,0.15
3990,9,7,0.000676633154358901,2777.8127012839727,3095.3839027786007,317.571201494628,85.95,175.04,3.5
3991,6,4,1.0642435496364973,2723.681805556488,3167.208756680596,443.52695112410765,18.25,44.67,0.89
3992,8,4,0.22091108698240927,2724.637691121159,3290.2717568155617,565.6340656944026,7.35,0,0
3993,6,3,0.38612961823111513,2858.935033025523,3217.0234613200196,358.0884282944967,9.95,41.66,0.83
3994,8,4,0.6528328239882039,2770.3650033286935,3132.8307493776824,362.4657460489889,9.8,73.35,1.47
3995,6,4,0.42151540017094363,2704.385937092481,3257.3837639065996,552.9978268141185,0,44.83,0.9
3996,7,5,0.08468615365467272,2747.537493182613,3207.651332829211,460.1138396465976,30.35,1.72,0.03
3997,9,7,0.10205265434805448,2813.2053649045165,3178.617169883015,365.41180497849837,64.8,100.63,2.01
3998,9,6,0.5508901010118483,2804.892581835852,3078.1103658093257,273.2177839734736,14.65,84.33,1.69
3999,5,3,0.3939018973224225,2572.565456931601,3107.119506154297,534.554049222696,0,0,0
4000,8,4,0.19362500535859353,2790.516450460384,3171.0059267466036,380.48947628621954,47.95,51.17,1.02
4001,6,4,0.044200177476018926,2706.199870717131,3257.698420817282,551.4985501001511,4.3,23.15,0.46
4002,9,5,0.07551478661895987,2743.528772553383,3189.6418417215673,446.1130691681842,47.45,97.56,1.95
4003,5,4,1.1655254057541062,2627.8230706075738,3162.365215820547,534.5421452129731,0,56.27,1.13
4004,7,4,0.579436769487335,2688.050106210225,3213.7963647771626,525.7462585669377,8.2,25.69,0.51
4005,8,7,0.391862506121228,2766.7035840406556,3125.0847487161286,358.381164675473,0,7.23,0.14
4006,7,5,0.08662625266921403,2767.0683643372554,3189.7024065926976,422.6340422554422,0,5.71,0.11
4007,6,5,0.25803639623495267,2757.857213989257,3288.2319909968855,530.3747770076284,10.05,33.2,0.66
4008,8,6,0.9506500410005133,2791.826221718058,3204.101794030997,412.27557231293895,7.2,44.31,0.89
4009,8,7,0.19537047895088802,2800.8922790565607,3102.0057600797936,301.1134810232329,0,39.01,0.78
4010,5,4,0.8431035532642905,2771.1277744374433,3121.385943840045,350.25816940260165,0,0,0
4011,6,4,0.19249035088278718,2777.4672201901653,3119.547458111581,342.0802379214156,0,42.22,0.84
4012,5,4,1.005064440442262,2659.5228016622877,3203.8955051760613,544.3727035137736,38.4,40.34,0.81
4013,7,5,0.790402802880624,2774.812524411044,3245.4995272564092,470.68700284536544,0,12.74,0.25
4014,7,4,0.3444420867545317,2647.457558619049,3282.9263287542385,635.4687701351895,0,0,0
4015,7,5,1.1294777471946706,2737.5280694335474,3212.4627309479165,474.93466151436905,0,0.42,0.01
4016,7,5,0.205271328547071,2722.573701439033,3193.0112721001083,470.43757066107537,10,43.17,0.86
4017,6,4,0.14596661706201364,2655.8311814037934,3145.552058327742,489.7208769239487,0,5.83,0.12
4018,7,4,0.08665500379334351,2700.8811522634037,3266.8895180248805,566.0083657614769,38.9,50.43,1.01
4019,8,5,0.7663928769516598,2612.3439606829124,3020.4717648524306,408.1278041695182,13.5,24.09,0.48
4020,7,5,0.5979814336311208,2815.328958246066,3248.98431558837,433.6553573423039,0,23.06,0.46
4021,6,4,0.23854156450584357,2774.6202471208344,3154.3495447056252,379.72929758479086,26.5,36.78,0.74
4022,7,4,0.07161275199880587,2613.9586563326775,3067.76165184713,453.8029955144525,42.35,59.98,1.2
4023,7,6,0.19568596862477192,2815.7276320204223,3131.725670963723,315.9980389433008,20.05,83.65,1.67
4024,6,4,0.3168086856736788,2562.0777040310895,3167.9228394801685,605.845135449079,47.95,47.54,0.95
4025,7,5,0.02531443755787863,2885.91317973699,3280.2466009927525,394.33342125576246,57.05,53.66,1.07
4026,6,4,0.9555284878410648,2653.3996669115036,3026.698970395692,373.2993034841884,10.25,37.93,0.76
4027,8,5,0.8221290763193111,2812.4194666863123,3177.9675917898676,365.5481251035553,4.85,55.78,1.12
4028,7,4,0.47312525768845626,2757.252326217876,3158.582298115324,401.3299718974481,4.45,82.05,1.64
4029,8,6,0.0019185820274574287,2739.193616196088,3192.694483197689,453.5008670016009,48.6,63.79,1.28
4030,7,5,0.11239176240533698,2750.692989767455,3195.1532020633535,444.4602122958986,37.35,89.97,1.8
4031,7,5,0.31939482664774654,2736.6998817693852,3099.056696305498,362.3568145361128,3.45,46.35,0.93
4032,8,5,0.3058239132187794,2539.338170820918,3161.5277059891055,622.1895351681874,46.9,51.65,1.03
4033,6,4,0.09747170057729122,2673.3598120296692,3089.2449423894145,415.8851303597453,25.35,47.2,0.94
4034,7,4,0.09999709477597953,2781.862653182801,3088.6570484041613,306.79439522136045,91.5,119.79,2.4
4035,7,5,0.11285202401338748,2904.2109930688,3156.126203808862,251.91521074006232,36.85,86.13,1.72
4036,8,5,1.088261298869251,2755.1297823051073,3163.2038932616942,408.074110956587,27.45,102.88,2.06
4037,7,4,0.2728885269336508,2744.996708998951,3156.3135898013434,411.31688080239246,7.95,23.07,0.46
4038,6,4,0.4071143090902885,2763.993158631312,3102.7700271187664,338.7768684874545,0.85,20,0.4
4039,6,4,0.02067045555002054,2653.8712050723975,3073.352834339618,419.48162926722034,7.9,31.95,0.64
4040,7,5,0.05576642445599189,2822.7668195342817,3253.4568871323577,430.690067598076,26.6,9.3,0.19
4041,6,5,0.20399253731679926,2788.8340362297263,3090.3030756184526,301.4690393887263,37.8,61.07,1.22
4042,6,4,0.25250391754691087,2644.5839772179397,3159.7952362852247,515.211259067285,13.5,0,0
4043,7,4,0.22924862040052918,2826.307723736176,3190.3335817856287,364.02585804945284,0,35.47,0.71
4044,7,4,1.073563693157165,2782.0585109554604,3198.527749898688,416.46923894322754,0,5.72,0.11
4045,8,5,0.15312090496938086,2672.9351326156557,3114.414080172027,441.47894755637117,0,2.52,0.05
4046,7,6,1.1008860125053421,2746.8054848848606,3119.3383130985,372.5328282136393,0,0.78,0.02
4047,7,6,0.0022886030318569205,2685.3674565643873,3148.2471535030495,462.87969693866216,86.6,98.3,1.97
4048,6,4,0.533509829902711,2717.4920889592668,3194.1160118559546,476.6239228966879,0,14.51,0.29
4049,8,5,0.019792873253844084,2602.180261390631,3261.088875607158,658.908614216527,78.15,131.78,2.64
4050,8,5,1.0906279691020588,2807.3896734396217,3137.0361184356034,329.6464449959817,6.4,50.32,1.01
4051,8,6,0.35846606648039947,2734.2211279245626,3173.802706712052,439.58157878748943,28.3,150.66,3.01
4052,7,4,0.020019328751231125,2858.504319484177,3196.9343531869413,338.4300337027644,7.6,50.5,1.01
4053,7,5,0.04346164951890945,2865.1994734058453,3106.56063635244,241.3611629465945,15.5,49.88,1
4054,6,4,0.08989896552180339,2646.128521628934,3203.3217943013665,557.1932726724326,0,17.3,0.35
4055,8,5,0.10717127546556704,2824.334678407081,3205.694552355254,381.3598739481731,51.05,93.16,1.86
4056,5,4,0.2287511776531473,2768.978885700674,3111.778374773062,342.79948907238804,44,51.59,1.03
4057,5,4,0.46897999438328203,2723.278045832813,3286.9489182141265,563.6708723813135,0,0,0
4058,7,4,0.7208906231364682,2710.3971061507223,3196.727800932782,486.3306947820597,9.65,37.91,0.76
4059,6,4,0.4592597525053229,2756.773529672168,3050.8889992871955,294.11546961502745,0.45,0,0
4060,7,6,0.6260597546523969,2884.7065859875147,3096.7164399108738,212.00985392335906,23.15,77.01,1.54
4061,8,6,0.7852539829708199,2637.6718567713597,3111.7316406145437,474.05978384318405,11.75,97.42,1.95
4062,7,6,0.030424845356931896,2721.4163324160036,3064.658192291591,343.2418598755876,0,9.25,0.19
4063,7,5,0.5284090423465279,2744.866242839396,3224.086658917087,479.22041607769097,10.15,84.31,1.69
4064,6,4,0.4292943001332396,2719.9552858192937,3107.3650336335786,387.40974781428486,9.55,35.44,0.71
4065,6,5,1.0353855955048952,2850.9490197071245,2988.546152256279,137.5971325491546,5.4,40.89,0.82
4066,7,5,0.1664588464687386,2800.387253981285,3275.4452883999593,475.0580344186742,80.65,129.37,2.59
4067,5,3,0.16480966179964227,2712.844760454329,3102.4482400837915,389.6034796294625,10.5,48.61,0.97
4068,6,5,0.2208965413284121,2743.028807246306,3040.297880302878,297.2690730565723,18.7,42.54,0.85
4069,6,6,0.20212021920335974,2726.847058074372,3185.465749105073,458.61869103070103,46.6,47.53,0.95
4070,8,5,0.07032751488932316,2674.6924008800856,3219.835883065551,545.1434821854655,18.95,156.2,3.12
4071,5,3,0.13540099933543345,2805.246075232978,3355.8808298188583,550.6347545858803,0,0,0
4072,8,4,0.3144251913545065,2803.394679028352,3061.911842206905,258.5171631785529,10.2,61.03,1.22
4073,7,4,0.34356420295754203,2755.7099149659107,3166.9553281150024,411.24541314909175,2.85,6.74,0.13
4074,8,4,0.6369860341826975,2778.7765493634006,3135.7549940577305,356.97844469432994,43.25,100.5,2.01
4075,6,5,0.7718076005496366,2747.124310548018,3289.9484875190005,542.8241769709825,24.85,16.26,0.33
4076,7,6,0.42970034225287523,2611.406733289126,3183.048314346759,571.6415810576332,0.4,10.92,0.22
4077,7,6,0.07641714518095805,2792.096795940022,3052.4376132697175,260.3408173296957,46.2,160.07,3.2
4078,7,5,0.09624072521423685,2725.942573258815,3093.5321669963373,367.58959373752214,7.15,0.49,0.01
4079,7,5,0.7580441439217028,2789.7381931551017,3162.298762721142,372.56056956604016,0,0,0
4080,6,4,0.12200259992431467,2792.7050884629375,3140.6692183202913,347.9641298573538,0,0,0
4081,7,4,0.3707065350572325,2759.5025082487477,3265.8810321516694,506.37852390292164,0,6.11,0.12
4082,6,4,0.11148713357798659,2851.715631742451,3212.3564253148534,360.64079357240234,0,0,0
4083,8,5,0.43612862075184594,2761.0223330236404,3184.533303770006,423.51097074636573,0,30.18,0.6
4084,8,6,0.034227198940957146,2718.537636793633,3160.5510907437356,442.01345395010276,16.2,53.43,1.07
4085,8,5,0.5814989446894396,2641.85843262884,3177.41596804291,535.5575354140701,47.5,108.17,2.16
4086,7,4,0.7340177804882461,2805.0810718904627,3100.145381772932,295.0643098824694,0,24.21,0.48
4087,5,4,0.32178652669432,2707.930544287606,3287.386577045393,579.4560327577869,0.15,0,0
4088,7,4,0.014612754061667314,2791.6376450817575,3282.358926257915,490.7212811761574,57.05,74.42,1.49
4089,6,3,0.5981507838787516,2703.7135663651834,2995.7830083399613,292.0694419747779,1.55,15.57,0.31
4090,8,5,0.061408090305579754,2769.5171585471626,3179.871050648989,410.3538921018262,21.9,57.51,1.15
4091,7,6,0.07981716868657909,2841.8825939059716,3214.2147312078982,372.33213730192665,30.05,53.95,1.08
4092,7,6,0.3524925593605591,2676.8603227969934,3193.3221244006368,516.4618016036434,3.15,26.45,0.53
4093,7,5,0.5419599908116294,2898.661800623816,3261.761905484387,363.10010486057126,6.55,27.72,0.55
4094,8,6,0.033106212555479055,2771.3451825364314,3195.37883310952,424.03365057308883,0,28.35,0.57
4095,6,5,0.07157216615002672,2748.861562791657,3176.6885469105496,427.8269841188926,38.95,52.74,1.05
4096,8,7,0.0036167520364326473,2627.352231131425,3208.416481836947,581.0642507055218,56.05,127.9,2.56
4097,7,5,0.05809280761503532,2830.9249538330564,3235.9491883849573,405.0242345519009,91.3,126.6,2.53
4098,7,4,0.26643012295529284,2707.0350366917137,3161.145947647242,454.1109109555282,37.55,141.6,2.83
4099,8,5,0.2992667794680765,2622.43113787431,3236.6892960903183,614.2581582160083,11.15,19.46,0.39
4100,6,4,1.0963330478817301,2755.034779541375,3084.032122526021,328.9973429846459,0,18.93,0.38
4101,8,6,0.35665928540912695,2721.140099496377,3063.9039606479955,342.7638611516186,0,29.27,0.59
4102,7,7,0.13707363186128604,2763.1035998181333,3093.448844750303,330.34524493216986,15.3,93.59,1.87
4103,8,5,0.6968525460652876,2575.0894420904947,3056.6859167187945,481.5964746282998,11.25,38.61,0.77
4104,6,4,0.15453480484381846,2731.8578143129844,3279.836042070771,547.9782277577865,30.6,19.52,0.39
4105,6,4,0.003896889483413895,2745.30182290239,3122.2209630859684,376.9191401835783,29.35,40.1,0.8
4106,6,4,0.0603479792729956,2829.7382807583313,3268.540694851807,438.8024140934758,25.25,0.35,0.01
4107,7,4,0.02989978323569623,2859.0521205874825,3378.3598986476277,519.3077780601452,0,54.52,1.09
4108,7,6,0.3524375788140408,2619.190194829362,3091.7250820389827,472.5348872096206,33.4,52.71,1.05
4109,7,5,0.07342914165889243,2810.6951706058453,3153.0231047123552,342.32793410650993,0.65,28.36,0.57
4110,7,4,0.03794043155261321,2806.4050450543623,3121.944514272574,315.5394692182117,0,0,0
4111,8,5,0.10544898892298647,2828.1773590410603,3124.2749774689714,296.09761842791113,3.7,21.38,0.43
4112,9,6,0.341580582685152,2864.1936377453776,3137.246144171285,273.05250642590727,14.65,81.08,1.62
4113,7,4,0.5604965689061638,2857.1146480194916,3152.1973924085764,295.08274438908484,0,26.8,0.54
4114,7,5,0.8346668547747901,2796.6537880994074,3066.473757412018,269.81996931261074,0,33.92,0.68
4115,7,4,0.8207514297091644,2754.5009979730116,3154.7115619042834,400.21056393127174,27.3,33.83,0.68
4116,8,4,0.4670648991984669,2770.5922523527024,3195.747909325584,425.1556569728814,0,14.12,0.28
4117,7,4,0.13438386520614107,2515.479300861202,3155.6850332935314,640.2057324323296,20.1,19.39,0.39
4118,7,6,0.07584283398950525,2703.8279878902104,3055.248149642316,351.42016175210574,0,0,0
4119,8,5,0.07242439411097226,2654.432272932113,3049.086725265523,394.65445233341006,23.7,40.57,0.81
4120,7,5,0.027900388469597324,2814.8483627530168,3166.006206583506,351.1578438304891,20.2,34.36,0.69
4121,8,6,0.326574673860636,2849.9441321840095,3047.078144525638,197.13401234162848,44.5,96.26,1.93
4122,7,4,0.23735409351067854,2681.643391563183,3220.061641779198,538.4182502160152,0,0,0
4123,9,5,0.035539392608627006,2739.8236769267783,3080.2569742132837,340.4332972865054,37.25,116.59,2.33
4124,8,6,0.77293099861078,2711.4103201075072,3120.7820167589844,409.3716966514771,10.5,56.69,1.13
4125,7,4,0.1446972099946227,2756.5160552333627,3116.318237987304,359.80218275394145,18.75,27.76,0.56
4126,7,5,0.015982819959996057,2764.7407374689565,3126.8227146232484,362.08197715429196,19.1,56.04,1.12
4127,5,4,0.1361365259659949,2861.19803112118,3096.302370509068,235.1043393878881,5.85,28.55,0.57
4128,6,4,0.9040776308834096,2821.7365953163608,3182.8497224786,361.1131271622394,33.1,66.02,1.32
4129,8,5,0.28906612490541245,2738.807352843586,2988.9503879633658,250.1430351197796,30.6,86.54,1.73
4130,8,6,0.5951232936915964,2888.375307770291,3128.1332786073062,239.75797083701536,6.6,31.06,0.62
4131,7,6,0.633619315460353,2698.010511432905,3282.550347228149,584.539835795244,26.5,53.37,1.07
4132,6,5,0.4622000825312317,2816.2077099926123,3273.0690908383244,456.8613808457121,14.65,51.24,1.02
4133,7,4,0.0937247536099763,2817.151467920609,3136.8410937702724,319.68962584966357,19.6,59.07,1.18
4134,7,4,0.37664156373407903,2721.1923198912527,3101.3461871565337,380.15386726528095,48.5,108.94,2.18
4135,8,5,0.3649149296938599,2707.5312784443486,3187.1304363353174,479.59915789096885,0,7.69,0.15
4136,10,8,0.24760689953477133,2736.3912087358426,3187.250474313023,450.8592655771804,38.3,142.9,2.86
4137,5,3,0.7602281914859106,2690.966179221972,3165.3342223810823,474.36804315911013,0,0,0
4138,6,4,0.622732910797648,2613.193478421424,3104.3936333951324,491.2001549737083,31.75,80.64,1.61
4139,8,6,0.8848422911697474,2767.6376430789687,3200.292225574483,432.6545824955142,0,14.02,0.28
4140,7,5,0.0069126871922857895,2839.352323028497,3244.400394432847,405.04807140435014,48.4,62.14,1.24
4141,9,5,0.17935221596763082,2749.3232463172185,3113.586742685401,364.2634963681826,32.6,34.45,0.69
4142,8,4,0.06348652271548669,2706.207640270062,3129.9118230036925,423.70418273363066,3.15,18.18,0.36
4143,6,4,0.24883630442169927,2800.9445848817923,3247.5216407222347,446.5770558404424,50.85,48.87,0.98
4144,8,5,0.04515199667559745,2741.6231373093606,3153.3334167995777,411.7102794902171,2.3,21.96,0.44
4145,5,3,0.22047318085639003,2632.5357192156657,3104.2528851094903,471.7171658938246,9.15,0,0
4146,7,4,0.0010089077704162092,2683.577796841044,3129.9251297697188,446.34733292867486,3.45,30.36,0.61
4147,8,4,0.06470684492764488,2819.1005062856875,3097.393494549669,278.29298826398144,3.65,70.74,1.41
4148,8,5,0.0035720556324676704,2816.595011419639,3166.196794581257,349.6017831616182,62.95,85.06,1.7
4149,6,5,0.047828671705974136,2797.7323903539486,3052.911290658156,255.17890030420722,93.8,164.62,3.29
4150,8,7,0.6161061822776058,2844.45758862176,3138.7311935175453,294.2736048957854,8.6,45.81,0.92
4151,7,6,0.12985790905958605,2621.9185142465294,3329.5362084698886,707.6176942233592,63.8,68.8,1.38
4152,9,6,0.04199924466894469,2728.9588960982596,3168.8959959866243,439.9370998883646,12.2,49.43,0.99
4153,7,4,0.5284910555525297,2610.343412568663,3177.86226931436,567.5188567456971,13.9,89.38,1.79
4154,7,6,0.505103868078013,2868.9150183330644,3137.229194523944,268.3141761908796,8.65,93.63,1.87
4155,6,4,0.39562628347927187,2592.524754042887,3124.9393699456414,532.4146159027546,25.75,64.72,1.29
4156,6,5,0.8426158295735651,2741.690266115499,3127.2749145870603,385.5846484715612,11.6,0,0
4157,7,5,0.08625641835273834,2666.6540721498463,3161.4741456255465,494.82007347570016,10.4,61.19,1.22
4158,6,3,0.29707096227983526,2797.4726099731797,3308.2446601426827,510.772050169503,12.1,20.04,0.4
4159,7,6,0.11335508637757644,2788.912157935722,3133.313549381878,344.40139144615614,47.35,84.57,1.69
4160,10,5,0.5522839018239606,2806.3123802111454,3232.1108910927796,425.79851088163423,31.8,158.94,3.18
4161,6,4,0.38875951270495046,2613.363762930151,3165.9229188557524,552.5591559256013,3.65,24.8,0.5
4162,7,4,0.5307775173586305,2683.493943406499,3101.059878210399,417.56593480389984,0,55.85,1.12
4163,8,6,0.18781097913472689,2592.282915692022,3140.7148480206424,548.4319323286204,16.7,0,0
4164,8,4,0.06380421389451385,2891.7103864001233,3252.9793783033897,361.2689919032664,96.25,224.79,4.49
4165,8,6,0.7150152052328537,2641.8915064152015,3089.266911713666,447.37540529846456,10.75,38.07,0.76
4166,9,7,0.1296038391988396,2617.183630054591,3232.496674747419,615.313044692828,32.45,99.45,1.99
4167,8,5,0.009538720243070445,2821.7598054100326,3254.9303926241532,433.1705872141206,0,0,0
4168,6,4,0.3837223309277844,2765.8257466152313,3047.2801090638136,281.4543624485823,39.65,63.16,1.26
4169,6,4,0.12734158691214395,2750.7669879638484,3198.0986857772677,447.3316978134194,37.05,78.71,1.57
4170,7,5,0.04527341431955047,2766.5170841378354,3125.5621989765227,359.04511483868737,46.05,71.53,1.43
4171,6,4,0.6832635927583568,2842.882811100908,3187.5537143966453,344.6709032957374,0,7.15,0.14
4172,8,6,0.07319501352280136,2788.6230437105437,3139.4112767532533,350.78823304270963,24.05,89.73,1.79
4173,7,5,0.10326937658649021,2760.101066380735,3225.6030918695346,465.5020254887995,92.9,129.33,2.59
4174,8,6,0.6407585805384943,2700.200492559033,3026.23529620045,326.03480364141706,32.5,51.99,1.04
4175,8,5,0.1980051955694366,2628.152176345904,3193.0293323457486,564.8771559998445,1.7,20.38,0.41
4176,6,4,1.1133012728647476,2729.0588729678693,3098.679832659505,369.62095969163556,2.6,16.65,0.33
4177,8,6,0.9198486821921936,2646.110510918694,3062.666879075996,416.5563681573017,0,60.16,1.2
4178,8,4,0.5498376532097762,2855.3034403501397,3199.6959237833375,344.39248343319787,32.45,53.01,1.06
4179,6,5,0.06615500629589535,2818.323379914133,3157.9656136620206,339.64223374788753,27.35,141.4,2.83
4180,6,5,0.8064018426053523,2835.015490508159,3091.795104505632,256.779613997473,0,0,0
4181,7,5,0.09507835242789071,2759.475435873769,3179.5969996119475,420.12156373817834,32.05,21.48,0.43
4182,8,5,0.37948727519519937,2666.97927233379,2973.9911331706903,307.01186083690027,11.8,93.7,1.87
4183,6,4,0.6362712095729104,2789.520679064355,3217.541902078262,428.0212230139068,0,8.42,0.17
4184,6,5,0.13952102440283798,2730.7179393022993,3232.750021078464,502.0320817761649,26.3,48.47,0.97
4185,5,4,0.010590639083188117,2815.12351985886,3234.3154859152464,419.19196605638626,0,28.22,0.56
4186,7,5,0.040055346924939686,2867.132222231686,3067.5570372106654,200.4248149789796,7.85,27.21,0.54
4187,6,3,0.044606155442783714,2752.801788825117,3241.62022345459,488.8184346294729,43.9,61.28,1.23
4188,7,4,0.2367424886999044,2734.0655344224697,3078.391616544302,344.3260821218323,0,0,0
4189,8,5,0.003250668584982351,2765.1078573318596,3153.915129085727,388.80727175386755,52.65,70.03,1.4
4190,6,4,0.08160823628201057,2650.6985503892656,3278.132617084571,627.4340666953053,0,0,0
4191,8,5,0.07014787587210085,2849.0232634590293,3124.117324131559,275.09406067252985,7.15,66.17,1.32
4192,6,4,0.13180511548037446,2753.917156271791,3239.6801710602604,485.76301478846926,31.65,57.49,1.15
4193,8,5,0.8216818409463292,2835.0510320508124,3140.167543991464,305.11651194065143,0.65,33.4,0.67
4194,8,6,0.026756067555199447,2624.862539797862,3170.731867478567,545.8693276807048,46.2,107.25,2.14
4195,9,7,0.034450938941132436,2853.474923758966,3163.8442264985915,310.3693027396257,34.5,99.39,1.99
4196,8,6,0.05283256339372729,2821.6306094781708,3070.1293826586225,248.49877318045174,66.15,110.96,2.22
4197,7,4,0.038952267382177726,2836.465037981107,3176.8145070616515,340.3494690805446,66.6,66.57,1.33
4198,8,6,0.13067721947499786,2709.3945333715205,2982.045781973141,272.6512486016204,12.8,16.61,0.33
4199,7,6,0.3615989961264206,2673.6625524199803,3238.3929317616594,564.730379341679,4.75,65.44,1.31
4200,7,4,0.6311461845941536,2793.3324537601115,3100.0823045771863,306.74985081707473,3.45,25.34,0.51
4201,7,5,0.160710291787157,2799.082837526763,3127.4277499497975,328.34491242303466,61.5,58.15,1.16
4202,8,7,0.02636219004077499,2608.7361492271725,3183.3085791023227,574.5724298751502,60.8,105.22,2.1
4203,6,4,0.015324287434804152,2771.404519299477,3196.384101502141,424.979582202664,0,0,0
4204,6,5,0.044841728506318734,2757.9397205569026,3214.1196861889553,456.1799656320527,100.85,137.26,2.74
4205,7,5,0.3481386268805438,2596.8138787368453,3049.194196590449,452.38031785360363,27.55,112.04,2.24
4206,7,5,0.1543008080536386,2662.699584208919,3139.3083086228157,476.60872441389665,50.45,48.93,0.98
4207,8,6,0.05243049076379217,2824.9567435569443,3080.9579321352967,256.0011885783524,45.5,182.98,3.66
4208,6,5,0.5313447136836971,2654.321952402504,3268.619385250824,614.2974328483201,0,9.48,0.19
4209,7,5,0.04785751658481889,2760.9087935692614,3185.5444608267294,424.63566725746796,38.4,58.93,1.18
4210,6,5,0.13041593782408356,2787.1945215657397,3090.781763693199,303.5872421274594,34.65,50.79,1.02
4211,8,7,0.04430551981886297,2781.592216326511,3060.9887290578404,279.3965127313295,18.65,162.38,3.25
4212,8,5,0.24614134392611878,2879.2009168499703,3267.53112513301,388.3302082830396,42.15,43.34,0.87
4213,8,6,0.04084737910686227,2858.6652971121457,3106.053800190917,247.38850307877146,10.8,47.49,0.95
4214,7,5,0.3744546172411102,2572.8832356075436,3064.642295215201,491.7590596076575,0,48.04,0.96
4215,9,6,0.03794969191938815,2737.4063634342983,3085.03107678046,347.62471334616157,14.4,64.14,1.28
4216,7,5,0.2825327425088996,2642.3104521712435,3237.013441041076,594.7029888698326,26.9,52.11,1.04
4217,7,4,1.0457028341346033,2742.7626710482305,3264.3775524887556,521.6148814405251,0,11.58,0.23
4218,7,4,0.0004121240948506965,2649.4169480943897,3097.689719380405,448.27277128601554,0,0,0
4219,8,5,0.09520266656073631,2661.20829113731,3039.3905878545975,378.1822967172875,9.95,46.48,0.93
4220,6,4,0.2248425163936194,2876.275136357349,3102.7710997131503,226.49596335580145,37.8,29.74,0.59
4221,4,3,0.3382268794599157,2810.3237518776823,3293.2307264271744,482.90697454949213,0,12.6,0.25
4222,7,5,0.0031328872376591398,2540.2981338978907,3105.8231700010165,565.5250361031258,18.7,57.4,1.15
4223,8,5,0.36724187936808655,2857.5884365001825,3120.2300791034672,262.6416426032847,9.85,36.42,0.73
4224,8,5,0.07352200262293172,2776.6373286615867,3175.3419022608473,398.7045735992606,38.55,55.42,1.11
4225,7,4,0.7933659576519977,2784.3512513793085,3056.6930959854817,272.34184460617325,0,0,0
4226,6,4,0.4689570626854045,2748.9346491034994,3365.743629901281,616.8089807977817,36.15,46.89,0.94
4227,5,4,0.8502908831271387,2696.0487786487633,3110.6906910301004,414.6419123813371,23.8,42.82,0.86
4228,6,4,0.21251486314230408,2676.288524007947,3066.260277548728,389.9717535407808,0,53.68,1.07
4229,9,7,0.09946215378830506,2773.57128335785,3124.2566556111656,350.68537225331556,47.25,140.16,2.8
4230,8,5,0.03751200973008066,2883.909885750215,3201.5640909818376,317.65420523162265,57.05,114.5,2.29
4231,6,4,0.010233066320724267,2737.583777639426,3165.358481880878,427.7747042414521,9.15,44.71,0.89
4232,8,5,0.3913043645411935,2621.801043361829,3278.85193299589,657.0508896340607,7.7,32.66,0.65
4233,6,4,0.24389120209008816,2754.1997514142718,3276.100240223444,521.9004888091722,0,0,0
4234,7,5,0.4138494003949953,2760.441932900036,2978.683977669962,218.242044769926,0,8.22,0.16
4235,6,4,0.1568710936328324,2720.661904442415,3141.997455517638,421.33555107522307,22.2,0,0
4236,7,4,0.8013470391468225,2676.8385021147474,3202.5989327044754,525.760430589728,24.55,75.45,1.51
4237,7,7,0.15313343589569045,2596.0238916747626,3149.203322940899,553.1794312661364,39.5,77.98,1.56
4238,7,4,0.90932326184205,2687.6003439112787,3060.6601448266424,373.05980091536367,0,42.01,0.84
4239,7,5,0.057347540358320445,2703.1344570711376,3205.53424564547,502.39978857433243,72.2,119.42,2.39
4240,8,4,0.3105877721317596,2772.917125242026,3079.886396284758,306.9692710427321,0,12.44,0.25
4241,6,4,0.32141844238343237,2843.370901082901,3180.0306436744377,336.65974259153654,0,16.65,0.33
4242,7,5,0.010592257742993317,2906.781974551861,3224.2729238938123,317.49094934195136,19,74.67,1.49
4243,7,4,0.3919043549371542,2821.9493556284706,3240.7056477888405,418.75629216036987,13.7,30.8,0.62
4244,7,5,0.004889410143974968,2767.655945489969,3082.588952497098,314.93300700712916,55.6,66.74,1.33
4245,8,5,0.021061955850475433,2769.461147926502,2945.2430652336016,175.78191730709977,99.05,113.34,2.27
4246,7,5,0.10247175789159521,2857.3859368159483,3171.629578042041,314.2436412260927,11.3,15.02,0.3
4247,8,5,0.29371337694731287,2790.9667059400795,3155.0512242750747,364.0845183349952,41,91.88,1.84
4248,6,5,0.5202170656843172,2893.4394940606335,3104.3417202402525,210.902226179619,2.4,24.65,0.49
4249,6,3,0.000983463226842897,2755.6445023586584,3100.391453196456,344.7469508377976,16.8,0,0
4250,7,5,0.05796739087655346,2654.6928189683313,3123.197962739531,468.5051437711995,24.55,54.25,1.08
4251,7,5,0.8972243058444853,2821.1235216475375,3092.581399062548,271.45787741501044,17.75,45.02,0.9
4252,9,5,0.23012497048412345,2594.2211604794356,3124.4654096692725,530.2442491898369,6.75,79.45,1.59
4253,8,5,0.11998395054554334,2774.8361202133933,3219.183915708698,444.3477954953046,12.2,12.47,0.25
4254,6,4,0.8642483178183057,2778.816032516441,3100.8727749023806,322.05674238593974,1.35,0,0
4255,7,5,0.1174662714132822,2846.2046248050415,3158.0908955748596,311.8862707698181,54.45,136.79,2.74
4256,7,6,0.0035310350314950974,2723.2962211827808,3153.3898309310443,430.0936097482636,109.85,151.61,3.03
4257,7,6,0.11559404792380722,2735.0907894113093,3100.707690179427,365.61690076811783,10.8,37.1,0.74
4258,7,4,0.048153154639631546,2757.757736896963,3256.3046685304726,498.54693163350976,62.4,162.17,3.24
4259,6,4,0.14527221086054304,2690.1900212306173,3039.709646800519,349.51962556990156,34.95,55.62,1.11
4260,8,5,0.050774680299723374,2748.321778223125,3214.6812479942064,466.3594697710814,37.5,131.96,2.64
4261,6,5,0.26479819622193607,2783.277970739993,3066.1562475163473,282.87827677635414,19.65,48.33,0.97
4262,6,6,0.013053715705895504,2820.958203302604,3073.8309349821757,252.87273167957164,57.75,127.84,2.56
4263,8,6,0.23855350586836888,2752.4987505566214,3233.359818356052,480.86106779943066,0,62.05,1.24
4264,7,5,0.29401006377608546,2622.5242926666533,3072.1650441941697,449.6407515275164,37,55.25,1.1
4265,5,4,0.15187060848855466,2811.9871454342197,3025.1671322896623,213.17998685544262,43.2,70.97,1.42
4266,7,5,0.08259683368197511,2831.1518196446686,3064.169394461421,233.01757481675213,37,127,2.54
4267,7,6,0.039494555317026475,2796.211206176742,3239.240660594481,443.0294544177391,9.8,48.13,0.96
4268,7,4,0.05904144948718964,2622.0299761604724,3073.0083510191184,450.978374858646,37.3,91.06,1.82
4269,5,4,0.28924055976329155,2711.1433383892213,3125.645745739486,414.50240735026455,0,0,0
4270,7,4,0.040216994931276215,2749.192006456591,3305.4408892171255,556.2488827605343,34.55,54.26,1.09
4271,7,4,0.3698320599728665,2702.40471918843,3168.57857463436,466.1738554459298,33.8,57.58,1.15
4272,7,4,0.6637851919297957,2723.2822710868927,3115.0034523700906,391.7211812831979,0,0,0
4273,7,4,0.07897948062150004,2716.805327231004,3262.847974208775,546.0426469777713,0,0,0
4274,6,4,0.6387757248209047,2739.09253827551,3185.695368970034,446.6028306945241,8.05,30.88,0.62
4275,7,6,0.12529908234242082,2840.9017330403944,3231.157642205403,390.2559091650087,33.8,75.9,1.52
4276,7,5,1.0920287136531468,2851.2126122238287,3245.4432786420625,394.2306664182338,6,27.55,0.55
4277,8,5,0.7978923936198559,2792.0109972995747,3144.737773335727,352.7267760361524,4.25,67.34,1.35
4278,8,5,0.06301566900192912,2849.536752130526,3263.2999878202445,413.7632356897184,36.3,81.12,1.62
4279,6,4,0.9482059399547511,2722.922759104656,3131.4747061642884,408.5519470596323,0,21.51,0.43
4280,8,7,0.01964940379822245,2855.6439441981875,3044.6206193834137,188.9766751852262,74.7,167.68,3.35
4281,7,4,0.8633281970099705,2611.5490619544908,3054.5105466109767,442.96148465648594,0,0,0
4282,7,5,0.4330758934977313,2648.954327217528,3206.3281472936637,557.3738200761359,5.3,26.57,0.53
4283,7,5,1.0281388407839631,2774.6387208311003,3112.4237034501784,337.78498261907816,13,16.37,0.33
4284,6,4,1.0236921626514832,2747.8573198944723,3127.285470113059,379.4281502185868,5.45,13.79,0.28
4285,8,6,0.13558632720676797,2763.1621006492646,3259.6916958572597,496.52959520799504,54.1,123.84,2.48
4286,7,5,0.116681251143321,2699.93831302621,3191.455000076922,491.5166870507119,33.6,99.38,1.99
4287,6,4,0.07676886847737184,2740.43799073312,3270.1260258515426,529.6880351184227,0,20.72,0.41
4288,8,5,0.22776061073431902,2697.2853375433533,3104.412783395549,407.1274458521957,15.9,50.58,1.01
4289,8,7,0.24669748639453923,2791.5273227189077,3155.9267244330777,364.3994017141699,24.4,56.45,1.13
4290,8,6,0.06060241116316388,2678.142844430239,3114.8980745484864,436.75523011824725,74.45,176.47,3.53
4291,8,6,0.03238130749687438,2682.2861988487216,3119.0832842832783,436.7970854345567,64.05,157.66,3.15
4292,8,5,0.20168421609255577,2769.356800578791,3114.1796469498395,344.8228463710484,50.95,104.06,2.08
4293,7,5,0.131367974361714,2679.6275069735766,3171.700662801782,492.0731558282055,69.4,112.3,2.25
4294,8,7,0.07583362066569475,2720.2532337920748,3106.4300063962064,386.17677260413166,95.55,246.77,4.93
4295,9,6,0.005467753187841669,2798.333667678642,3251.3476945670445,453.01402688840244,55.3,128.91,2.58
4296,6,5,0.06083610883959753,2780.4631001159764,3221.0794853264915,440.6163852105151,28.7,54.87,1.1
4297,8,6,0.3583783603281268,2757.1413026450837,3387.59540910404,630.4541064589562,26,84.56,1.69
4298,7,5,0.3737135422663558,2812.54530008112,3236.8862194517183,424.3409193705984,0,23.86,0.48
4299,8,6,0.3329330604552459,2748.016480702336,3209.4521494815854,461.4356687792492,35.75,154.01,3.08
4300,6,5,0.1841054471010239,2808.4322958887797,3389.710813071143,581.2785171823634,25,40.85,0.82
4301,7,5,0.020871356049499763,2764.652574131519,3156.9044281344964,392.2518540029773,32.45,142.84,2.86
4302,5,4,0.12349611242305684,2730.3374868593446,3242.4550735930875,512.1175867337429,7.2,18.03,0.36
4303,8,5,0.27621807531714415,2779.8106722414823,3238.567756301397,458.75708405991463,45.2,142.68,2.85
4304,7,4,0.21517876497456184,2751.6230018716765,3170.3814408944277,418.7584390227512,7.45,0,0
4305,7,4,0.7577779620523192,2850.343321977329,3130.3447745540398,280.00145257671056,41.6,83.04,1.66
4306,5,4,1.0823822624180284,2698.4153649894906,3129.5223954306007,431.10703044111006,0,0,0
4307,7,5,0.3491807190332362,2840.278888448064,3141.2423902116243,300.9635017635601,30.3,53.7,1.07
4308,6,4,0.1277131767124736,2665.805107859149,3194.081986909828,528.2768790506793,0.5,8.21,0.16
4309,7,4,0.87015593797804,2785.9790214562167,3219.276330466697,433.29730901048015,48.85,87.12,1.74
4310,6,5,0.3501796432765066,2766.4651521899373,3067.0783670203236,300.61321483038637,35.7,63.38,1.27
4311,7,4,0.0789976352534069,2807.7775075866784,3159.538010779389,351.76050319271053,30.65,57.56,1.15
4312,8,6,0.009997760830985553,2576.390154212721,3136.006313121771,559.6161589090502,0,0,0
4313,8,6,0.09585058276934223,2792.033131121023,3119.270397379718,327.23726625869494,0,0,0
4314,7,4,0.6456550399450603,2780.925989790207,3135.0184709703262,354.0924811801192,3.8,31.12,0.62
4315,7,4,0.14574198550431045,2809.9088571183206,3039.4465673804634,229.5377102621428,38.55,87.24,1.74
4316,9,7,0.035942028184600704,2783.9216514991526,3150.1182186417914,366.19656714263874,62.75,93.64,1.87
4317,7,5,0.6427902360885471,2789.4384289877776,3120.8212420163086,331.382813028531,0,0,0
4318,6,4,0.14519355298946376,2731.0749951515454,3092.948878000503,361.8738828489577,15.65,0,0
4319,5,4,0.5931514937450153,2855.6128756656317,3136.48353705448,280.8706613888485,29.5,41.61,0.83
4320,6,3,0.1652217529131879,2691.171059220154,3210.7372804949023,519.5662212747484,0,0,0
4321,7,5,0.1987105597697776,2748.6617212249444,3105.1585097146276,356.49678848968324,28.3,11.11,0.22
4322,6,4,0.4724570473914752,2700.647428510113,3098.589563902097,397.9421353919838,32.95,65.87,1.32
4323,6,4,0.06091957261244015,2786.8527935303514,3207.8254085274743,420.97261499712295,0.45,32.16,0.64
4324,7,5,0.5879473348294625,2864.354953931532,3184.911680485171,320.55672655363924,35.6,85.27,1.71
4325,7,4,0.11851516616449408,2716.411579424997,3246.424250530971,530.0126711059743,10.9,21.72,0.43
4326,8,6,0.3654154660407387,2899.942035771765,3088.178030505578,188.2359947338132,3.6,24.49,0.49
4327,7,5,0.706556280291691,2746.5535062659674,3130.280980300517,383.7274740345497,2.35,22.98,0.46
4328,6,4,0.003957224471606409,2659.4262780080653,3174.148375622828,514.7220976147628,0,0,0
4329,7,4,0.2834937361233054,2669.055363635777,3151.158303163739,482.102939527962,42.15,47.19,0.94
4330,8,5,0.040545602667900006,2705.9008700467048,3167.0115382686486,461.1106682219438,20.2,131.27,2.63
4331,8,5,0.9222962418440723,2748.633415108059,3091.3875668170053,342.7541517089462,24.8,59.5,1.19
4332,9,6,0.1273778887423006,2758.7020901440646,3116.68165534597,357.9795652019052,9.35,75.48,1.51
4333,7,5,0.988499962280093,2695.603496886523,3046.4678172764575,350.8643203899346,10.3,34.12,0.68
4334,7,4,0.32654940023578655,2781.150053152782,3105.058573867494,323.9085207147118,25.15,8.2,0.16
4335,9,6,0.054550778339751305,2688.5513655710297,3182.990545325083,494.4391797540534,7.3,51.38,1.03
4336,6,4,0.027845410302253477,2791.873637202275,3173.922066291518,382.0484290892432,2.55,80.85,1.62
4337,7,5,0.11087111541507905,2796.7058287223144,3137.0785690818484,340.37274035953396,0,0,0
4338,6,3,0.13758208180760229,2747.9279994480225,3086.7622982177713,338.8342987697488,3.6,4.96,0.1
4339,7,6,0.5344251695320302,2659.9930520690723,3220.624727052064,560.6316749829916,29.75,50.71,1.01
4340,9,6,0.26614263585268266,2776.322581025821,3091.4975491251116,315.1749680992907,28.45,71.89,1.44
4341,8,6,0.22327437047170276,2777.178731620524,3185.5370977468297,408.35836612630555,26.1,99.61,1.99
4342,7,5,0.968923112409179,2777.39901652288,3181.3530618156724,403.9540452927922,0,3.76,0.08
4343,6,5,0.0830397232664859,2780.7047942929685,3081.7375880167842,301.03279372381576,29.65,49.18,0.98
4344,8,5,0.5784957235538736,2740.389094039837,3041.517798808299,301.1287047684623,38,93.96,1.88
4345,6,4,0.6386146594455436,2789.850379912536,3122.1436027342847,332.2932228217487,39.6,45.64,0.91
4346,6,4,0.03460433078608011,2790.73506229236,3073.4572848749,282.72222258253987,37.3,84.74,1.69
4347,8,6,0.04941107917861795,2747.9538107242747,3271.2543205424045,523.3005098181297,39.45,49.9,1
4348,7,6,0.4441948538501605,2687.981148576593,3287.014267658974,599.0331190823808,22.45,57.44,1.15
4349,7,4,0.18596866248728247,2752.874526879959,3185.970394260236,433.095867380277,0,9.56,0.19
4350,6,4,0.002057851862014044,2655.391459307155,3319.7108761677036,664.3194168605487,7.45,25.08,0.5
4351,8,6,0.08516140592988518,2655.4624635224313,3186.316835866833,530.8543723444018,23.45,197.88,3.96
4352,6,5,0.05005958093508329,2692.093365263236,3127.657432594155,435.564067330919,0,0,0
4353,7,5,0.3703675131031469,2706.694435401928,3067.9849035102848,361.2904681083569,31.9,55.19,1.1
4354,8,4,0.007962576020013138,2798.6880286462238,3078.501389845667,279.8133611994431,43.6,61.15,1.22
4355,9,6,0.0035634264738143673,2750.7074150559274,3057.250779596978,306.5433645410508,28.9,137.26,2.74
4356,8,4,0.050981692255786915,2774.72875787623,3191.6876057087443,416.9588478325145,17.6,60.08,1.2
4357,6,4,1.1286010886120699,2773.5913183300913,3206.238875012221,432.64755668212956,0,16.35,0.33
4358,6,3,0.08923134234250274,2663.2265999182237,3140.431772146046,477.20517222782246,0,0.85,0.02
4359,7,5,0.8263432037907065,2752.5965733905773,3172.831541339412,420.23496794883476,0,21.05,0.42
4360,6,4,0.7735093082492539,2768.03643832757,3213.5317827522344,445.4953444246644,0,19.81,0.4
4361,8,6,0.05290621003827561,2798.380635174038,3124.4465206355653,326.06588546152716,22.45,55.82,1.12
4362,8,5,0.08485446850595645,2678.3915347295297,3372.745698081115,694.3541633515852,43.35,118.23,2.36
4363,8,5,0.12396924446280354,2745.588300426318,3204.11255513441,458.52425470809203,13.55,84.28,1.69
4364,7,6,0.3328519184654607,2759.4046834880414,3154.7548363316223,395.3501528435809,1.65,18.5,0.37
4365,7,4,0.11550013340353457,2742.015791581941,3263.866865404703,521.8510738227619,77.65,140.04,2.8
4366,8,8,0.06088634188879054,2656.204482633205,3089.9807557400077,433.7762731068028,54.95,133.91,2.68
4367,6,4,0.7332969676820907,2597.970223819897,3171.486250825359,573.5160270054621,23.1,41.35,0.83
4368,7,5,0.6370758715617382,2686.4365484345567,3212.195418746023,525.7588703114661,0,0,0
4369,7,5,0.07171588512156131,2788.5513010186937,3196.1301072100355,407.57880619134176,39.15,58.11,1.16
4370,9,7,0.22855769636233672,2795.9996905477437,3148.8231964931542,352.8235059454105,33.7,149.47,2.99
4371,7,5,0.2514716462830462,2718.969453567199,3245.558831135947,526.5893775687482,31.85,41.75,0.84
4372,8,7,0.016860479712230998,2654.416607115667,2992.9448201411874,338.5282130255205,21.25,56.78,1.14
4373,8,6,0.1593321307002435,2865.6379440606606,3158.252385319837,292.61444125917615,35.95,64.41,1.29
4374,6,4,0.1643795611733121,2714.723082782452,3382.1239781237678,667.4008953413158,25.05,106.04,2.12
4375,7,5,0.07926220021845486,2780.567790778006,3170.595123313265,390.0273325352591,69.1,156.29,3.13
4376,7,4,0.3195602337992625,2726.336755482872,3090.8822413724956,364.5454858896237,0,13.35,0.27
4377,8,5,0.071909515887696,2752.0829314519124,3262.2446796925074,510.161748240595,17.25,125.71,2.51
4378,7,5,0.570675597926666,2699.150672881495,3008.2282976270067,309.07762474551146,0,19.36,0.39
4379,9,6,0.08604217795926361,2793.4169935563336,3166.2450334828413,372.8280399265077,31.95,81.83,1.64
4380,8,6,0.15738022942726068,2697.1835206142046,3176.4360617704924,479.25254115628786,11.45,70.34,1.41
4381,6,4,0.24841165384371405,2887.1204230479602,3169.5347794873137,282.41435643935347,5.45,26.31,0.53
4382,8,6,0.05056994229686621,2772.370988355762,3305.0547202607195,532.6837319049573,26.65,60.89,1.22
4383,7,5,0.02267480059798366,2808.1899510791186,3048.266543912768,240.07659283364956,29.4,53.49,1.07
4384,7,4,0.0525620138185199,2861.546539036088,3140.466767345533,278.92022830944506,56.75,52.69,1.05
4385,8,6,0.14728585829925994,2853.381663644777,3147.3487365117567,293.96707286697983,11.1,72.1,1.44
4386,9,7,0.07277098832219799,2677.010427699701,3083.498757983034,406.4883302833332,29.3,56.06,1.12
4387,8,5,0.33710405750346567,2657.843054001686,2993.607167681,335.76411367931405,12.95,80.25,1.6
4388,6,4,0.4936404307960467,2748.7572614325045,3114.887718880778,366.1304574482733,0,5.56,0.11
4389,8,7,0.20844088334764438,2652.9488992378615,2971.30507591322,318.3561766753587,39.4,48.75,0.97
4390,6,5,0.043907594733387394,2719.286545868697,3144.4785057649374,425.1919598962404,0,23.47,0.47
4391,8,5,0.0291941953054026,2772.8711025023613,3226.9728351373337,454.10173263497245,103.05,229.19,4.58
4392,7,5,0.06417834046705892,2591.68117650624,3137.3954107268178,545.714234220578,57.8,108.51,2.17
4393,7,4,0.032636046283066614,2805.1246398604544,3098.77061220169,293.6459723412354,0,9.49,0.19
4394,7,4,0.045737072208862445,2737.158493643696,3081.394783076727,344.23628943303083,23.2,60.07,1.2
4395,7,6,0.22345340483813078,2662.5345258434677,3093.7041218679856,431.1695960245179,0,3.54,0.07
4396,6,4,0.041185876969648996,2742.753465367946,3161.560853318316,418.80738795036996,45.05,51.68,1.03
4397,7,5,0.37069946375144,2695.6951134821325,3099.2423248829436,403.5472114008112,7.05,0,0
4398,7,5,0.0863079781002859,2804.526629047879,3114.8534251415545,310.3267960936755,6,29.93,0.6
4399,7,5,0.03367391782514968,2869.1338159749803,3230.1578081583957,361.02399218341543,48.6,52.83,1.06
4400,6,4,0.06711398204889898,2710.3971590192573,3213.0030534700804,502.60589445082314,35.9,43.04,0.86
4401,6,4,0.06707241850748898,2650.865227356322,3062.36282671583,411.49759935950806,8.15,34.64,0.69
4402,6,5,0.2832330615324358,2769.347160267317,3015.464161694862,246.1170014275449,2.4,25.33,0.51
4403,6,5,0.05194935916350976,2765.4846808875495,3151.8192641525034,386.33458326495384,11,0,0
4404,7,5,0.44190207496703776,2671.672151846863,3089.166169530226,417.4940176833629,7.4,30.77,0.62
4405,6,5,0.6026079009074997,2704.3260230133606,3055.5574671892327,351.2314441758722,0,10.12,0.2
4406,6,4,0.13470357012967277,2719.1710016091374,3071.874752780975,352.70375117183767,16.65,45.23,0.9
4407,7,5,0.023813454158807642,2654.323745691839,3147.24927887981,492.9255331879708,29.05,52.62,1.05
4408,7,5,0.16971665992906848,2666.80071736296,3051.8979248341902,385.0972074712304,18.15,65.67,1.31
4409,7,5,0.1731545752241332,2725.8347384976005,3148.6996996560433,422.86496115844284,42.3,52.09,1.04
4410,9,7,0.07663326139681151,2780.8602892460326,3200.246429519938,419.3861402739053,45.25,208.19,4.16
4411,8,5,0.0914317081892174,2749.4324616855793,3160.6937337374366,411.2612720518573,38.4,55.2,1.1
4412,9,5,0.13303552622521322,2833.688438762288,3272.6807897946587,438.9923510323706,25.45,42.01,0.84
4413,7,5,0.12465423769496016,2638.1095582423823,3198.344837962955,560.2352797205726,17.55,13.38,0.27
4414,7,4,0.9659933735786859,2611.0459770598004,3190.389904560302,579.3439275005016,0,50.59,1.01
4415,6,4,0.06151769740832633,2616.174212193034,3145.3620610781713,529.1878488851376,0,14.29,0.29
4416,6,5,0.28388845270100993,2536.997367876895,3079.4173758938937,542.4200080169985,42.75,105.1,2.1
4417,7,4,0.6222847642388355,2816.728917050524,3074.5693811541405,257.84046410361634,29.35,52.32,1.05
4418,7,4,0.5483570770548004,2704.3424723017356,3100.2376496537263,395.8951773519907,4.55,36.44,0.73
4419,8,5,0.10520061585130559,2742.3950562546493,3115.7966100263297,373.4015537716805,52.4,110.37,2.21
4420,7,4,0.35210193146354274,2614.2468374178884,3281.574244481625,667.3274070637367,26.85,21.24,0.42
4421,6,4,0.7988144397082605,2808.0622742053547,3050.303153257487,242.2408790521322,36.15,57.19,1.14
4422,8,5,0.05496876991542809,2733.8228910694374,3229.6100548162754,495.7871637468379,98.15,171.16,3.42
4423,7,4,0.02718066808579936,2793.6784121439914,3126.95755601437,333.27914387037845,31.1,19.79,0.4
4424,7,5,0.41763188083035724,2656.6933491624704,2993.1607784408307,336.4674292783602,10.35,35.7,0.71
4425,7,6,0.04288788962786763,2705.377425506466,3241.3771997939657,535.9997742874998,51.15,59.16,1.18
4426,8,4,0.18214073272912443,2669.0048875718767,3086.176414641097,417.17152706922025,0,0,0
4427,5,5,0.7865367877854704,2793.214450975597,3159.3479651698876,366.13351419429046,4.5,39.16,0.78
4428,7,4,0.04840096760446089,2667.0746399636955,3098.594528043499,431.5198880798034,7.2,26.47,0.53
4429,6,4,0.40229407124674704,2805.501991670701,3028.9276881063133,223.42569643561228,0,0,0
4430,6,4,0.009294278203011102,2790.898739862693,3104.5960591773573,313.6973193146641,18.2,55.54,1.11
4431,8,5,0.19916198278605074,2790.073152510534,3169.1486197729632,379.07546726242936,38.85,111.11,2.22
4432,6,4,0.04712995296026007,2727.566183025927,3094.0158252077613,366.4496421818344,56.7,69.73,1.39
4433,7,4,0.014609893696913862,2712.892959465502,3086.8432448857457,373.95028542024374,34,34.04,0.68
4434,7,5,0.3558710180418532,2770.4141602506133,3274.3964309521375,503.98227070152416,21.95,34.81,0.7
4435,7,6,0.8929127775269844,2707.3621493083665,3205.015545374356,497.65339606598945,13.3,75.51,1.51
4436,7,4,0.06503815465402073,2657.6388154531724,3140.4055355701435,482.7667201169711,33.75,53.78,1.08
4437,8,5,0.021108299034021002,2847.0103985038577,3147.1710553912394,300.1606568873817,32.85,67.9,1.36
4438,9,6,0.22938554400842578,2678.0503469821138,3143.976618173124,465.9262711910101,35.45,66.47,1.33
4439,7,5,0.043849733051346804,2756.636343453968,3124.5942934870063,367.9579500330383,30.25,64.07,1.28
4440,6,4,0.2527941715178536,2674.591373067505,3072.684450735803,398.0930776682976,0,12.29,0.25
4441,8,5,0.01952558192183732,2700.8629714341405,3196.7042839940405,495.84131255989996,43.9,52.66,1.05
4442,6,4,0.031069621513481173,2806.422308658911,3180.1138640344575,373.6915553755466,0,0,0
4443,6,4,0.5794609010844465,2614.2913325489576,3330.856243207599,716.5649106586416,0,0,0
4444,7,5,0.33596418669118017,2710.1995583546995,3127.6565492811114,417.4569909264119,0,6.38,0.13
4445,7,5,0.012032719044098214,2793.3562628084956,3084.931403305034,291.57514049653855,36.1,59.81,1.2
4446,6,4,0.5383115067301494,2784.414714437943,3080.1956882116738,295.7809737737307,0,25.37,0.51
4447,8,5,0.7719803227443985,2663.2579503882307,3083.2703770575063,420.01242666927556,2.65,20.61,0.41
4448,7,5,0.510196136734258,2668.667318482786,3105.0047274933463,436.33740901056035,35.7,57.92,1.16
4449,7,5,0.3709258472152726,2756.3076681966822,3265.2603707724757,508.9527025757934,32.6,55.77,1.12
4450,8,6,0.7912761006417757,2743.0561390796383,3110.2563662809316,367.2002272012933,1.85,62.9,1.26
4451,9,7,0.6658400251977677,2767.2949891771996,3126.1034456276366,358.808456450437,13.05,54.94,1.1
4452,7,4,0.6342982018186462,2854.2724372380685,3228.1396798174947,373.86724257942615,10.1,0,0
4453,6,4,0.01957982902176618,2669.229008689358,3233.177445201848,563.9484365124899,0,38.46,0.77
4454,7,4,0.3951971958528327,2680.466554751589,3277.4195619261004,596.9530071745116,36.95,87.18,1.74
4455,6,3,0.09646667374907962,2810.2497105556,3105.5246193658018,295.27490881020185,36,52.04,1.04
4456,8,5,0.12759050857671364,2763.0698706671524,3365.9234310708184,602.853560403666,17.15,10.09,0.2
4457,7,4,0.15199359266253382,2661.0623062311242,3192.754850724695,531.692544493571,13.35,68.7,1.37
4458,7,5,0.05970402436273801,2710.5624440912766,3234.1390395041744,523.5765954128979,100.55,196.93,3.94
4459,7,5,0.2393146207487887,2635.2986472680764,3068.8621100533246,433.56346278524825,0,0,0
4460,7,6,0.015294563485541304,2865.388335467228,3159.7637745127295,294.3754390455015,5.15,29.19,0.58
4461,7,5,0.32062803091391673,2645.1417613592503,3109.583881598668,464.4421202394178,0,0,0
4462,6,4,0.8018724828024384,2739.4779461194207,3359.449755963461,619.9718098440403,19.1,42.87,0.86
4463,7,4,0.161338925811456,2745.8234401141003,3003.030518638724,257.20707852462374,30.1,53.37,1.07
4464,7,5,0.035679884429211745,2769.321288547831,3205.5333097704074,436.21202122257637,0.5,56.72,1.13
4465,7,4,0.27071916840077004,2759.9652360322257,3128.5937315001092,368.62849546788357,0,0,0
4466,7,5,0.2886114545997378,2865.906442349621,3203.962865630862,338.05642328124077,10.8,43.73,0.87
4467,8,5,0.7053799917982301,2646.267080429471,3202.5306365671063,556.2635561376351,0,4.12,0.08
4468,8,7,0.47348281679601295,2922.810371018827,3244.2602020388767,321.4498310200497,13.25,40.53,0.81
4469,7,4,0.4232499084185837,2561.806063309217,3135.229890951886,573.423827642669,2.4,42.07,0.84
4470,7,4,1.071416820843132,2607.853390451733,3188.6196304811488,580.7662400294157,0,0,0
4471,7,5,0.2533601771403937,2810.694311077684,3142.506756142203,331.8124450645191,22.95,99.08,1.98
4472,8,5,0.06648341258563431,2725.8041747314896,3135.5576961967263,409.75352146523664,55.25,56.24,1.12
4473,8,5,0.004818511366988607,2728.738279334883,3120.4706642725405,391.73238493765757,42.5,60.45,1.21
4474,6,4,0.39456392107922655,2721.2415814395026,3156.238936346157,434.99735490665444,0,24.65,0.49
4475,8,5,0.04906244822964964,2814.087201060908,3176.2583644485867,362.1711633876789,0,44.82,0.9
4476,6,3,0.2469724028063708,2701.470653341939,3050.676710930297,349.2060575883579,0,0,0
4477,7,4,0.27848040611303077,2694.904011636315,3139.550190346879,444.6461787105641,33.55,40.93,0.82
4478,7,6,0.0016495084261221806,2850.664073971368,3262.3943834649554,411.73030949358736,114.75,180.88,3.62
4479,6,4,0.1636351826382744,2711.2566211773365,3390.9326326704713,679.6760114931349,4.2,23.58,0.47
4480,9,6,0.707511007012646,2786.481813753349,3112.350077967072,325.86826421372325,27.55,71.87,1.44
4481,8,6,0.03514834542108821,2727.5523316327044,3155.7528838023895,428.2005521696851,12.25,51.71,1.03
4482,7,5,0.22862084475796213,2846.657159560819,3266.215085142434,419.5579255816151,0,7.38,0.15
4483,6,4,0.7387697573846964,2761.4047398996317,3072.760348166918,311.35560826728624,24.15,46.61,0.93
4484,8,5,0.01994694598000494,2883.485754620131,3132.26206083789,248.77630621775916,39.15,90.18,1.8
4485,7,5,0.20710111330883169,2867.2017051258676,3212.9589516813326,345.7572465554649,0,0,0
4486,7,4,0.9709676782376424,2748.6468666943347,3187.031155028318,438.3842883339835,0,0,0
4487,7,5,0.24965126062081164,2832.4161903238196,3328.355095249077,495.93890492525725,4.75,23.41,0.47
4488,6,4,0.0395938193408204,2705.1739635035447,3195.4335713941714,490.25960789062674,30.65,51.49,1.03
4489,8,6,0.008005985008379665,2662.076104756408,3093.4970652966113,431.4209605402034,0,41.96,0.84
4490,7,6,0.08994591467372447,2524.9748269738116,3161.5336673254365,636.5588403516249,0,0,0
4491,6,3,0.4199450341393148,2681.6223409451673,3088.0258587885205,406.40351784335326,0,0,0
4492,8,5,1.0164027981637416,2826.426651074129,3058.6813890091044,232.2547379349753,20.55,83.91,1.68
4493,6,5,0.45746078627197395,2712.227170055296,3222.2156001279736,509.9884300726776,8.15,42.8,0.86
4494,6,4,0.02619509984197334,2763.8876134025977,3232.1691424482187,468.281529045621,0,0,0
4495,7,5,0.2716847060137005,2778.7717329164448,3110.138398785009,331.36666586856427,15.2,37.12,0.74
4496,6,4,0.0941141550486877,2704.3382923836953,3063.808036036654,359.46974365295864,9.8,37.74,0.75
4497,7,5,0.07279616274371883,2766.0987440375247,3111.4853388271945,345.38659478966974,15.1,50.6,1.01
4498,6,4,0.07880829101911714,2693.9898173040433,3235.5002977683303,541.510480464287,0,18.09,0.36
4499,7,6,0.06674328741082222,2588.6395210768587,3027.7958853905384,439.15636431367966,35.45,55.99,1.12
4500,6,4,0.04161560776519901,2592.2543400303316,3158.3660387782625,566.1116987479309,3.9,10.95,0.22
4501,7,5,0.1417329536155085,2813.37896868109,3205.2688918916556,391.8899232105655,6.2,28.3,0.57
4502,8,6,0.3540134232819387,2718.5362542055286,3160.2517503467175,441.71549614118885,36.85,127.56,2.55
4503,9,9,0.026542823308884817,2897.7198165122977,3172.892072112277,275.1722555999795,30.6,95.64,1.91
4504,6,4,0.2093273042397011,2576.0800406599346,3085.722813542999,509.6427728830645,13.2,2.53,0.05
4505,7,5,0.20966721564207985,2700.8648103074524,3177.8748739196085,477.01006361215605,28.75,12.73,0.25
4506,8,5,0.648767679725512,2705.183983238209,3247.1394952487112,541.9555120105024,4.75,26.42,0.53
4507,7,5,1.1400894809437037,2684.755573800442,3104.2790313052137,419.5234575047716,17.6,61.22,1.22
4508,7,5,0.08911040338242558,2695.7529387868244,3154.2292781577567,458.47633937093224,5.55,72.02,1.44
4509,6,4,0.2983942339113362,2726.4948613357487,3124.9186497863634,398.42378845061467,0,28.95,0.58
4510,7,4,0.10252984499149635,2777.4292100470648,3070.334406180095,292.90519613303013,10.6,37.7,0.75
4511,9,6,0.6660627563089427,2644.3244644911206,3104.3983575503594,460.0738930592388,0,0,0
4512,7,4,0.06907644495871955,2638.3947713835155,3362.8074599059223,724.4126885224068,7.45,30.78,0.62
4513,7,4,0.05679284254095959,2785.8274848501856,3213.398303860648,427.5708190104624,1.3,53.53,1.07
4514,7,6,0.021409350441469452,2761.4604646569114,3228.4249880225925,466.9645233656811,122.7,188.75,3.77
4515,7,4,0.16627587079336908,2833.885909841495,3066.5410088484264,232.65509900693132,0,0,0
4516,6,4,0.5904920478579184,2736.062381187394,3005.086531630965,269.0241504435712,1.5,25.81,0.52
4517,7,4,0.5506852786995003,2726.841578854282,3019.2879519802227,292.4463731259407,32.55,58.71,1.17
4518,6,4,0.5378314077353311,2830.0031379813668,3134.887983712379,304.8848457310123,7.5,39.7,0.79
4519,5,4,0.6545286807119144,2841.1462370062154,3152.717297773367,311.5710607671517,9.75,88.65,1.77
4520,8,6,0.023859370716456163,2781.8141620570045,3144.833073889833,363.0189118328285,53.7,183.22,3.66
4521,6,4,0.021353088035641603,2626.990174216061,3141.8220021227944,514.8318279067335,64.95,57.62,1.15
4522,7,5,0.7056931676544085,2875.3243127043716,3198.7582377287767,323.4339250244052,7.15,32.87,0.66
4523,7,4,1.036331455082749,2667.1382596754133,3099.093862693053,431.95560301763953,21.7,55.07,1.1
4524,8,5,0.1162841775754076,2823.6132821053166,3160.4250921360554,336.8118100307388,37,54.4,1.09
4525,7,5,0.04597282601787146,2809.4464050472275,3061.0104942526436,251.56408920541617,59.15,53.7,1.07
4526,7,4,0.7666307625826435,2850.8849897142845,3237.663600190042,386.77861047575743,22.5,46.17,0.92
4527,7,5,0.08970312148668774,2692.2671204619314,3124.5093972638924,432.242276801961,94.3,134.06,2.68
4528,6,4,0.017040050779001982,2684.7473990224757,3102.624407076217,417.87700805374106,19.25,55.36,1.11
4529,8,4,0.1945523900451298,2783.4855109223163,3181.948417739767,398.46290681745086,31.2,48.19,0.96
4530,6,4,0.6854668687818559,2707.5967097934717,3182.639093686303,475.04238389283137,10.05,29.03,0.58
4531,5,4,1.0596672031038357,2726.4650778448026,3155.6433616073114,429.1782837625087,39.25,42.83,0.86
4532,7,5,0.06516676405446972,2782.6541845976576,3098.904072977894,316.24988838023637,0,32.89,0.66
4533,7,5,0.17927027457157685,2526.8082219021503,3135.1866236188416,608.3784017166913,37.15,60.21,1.2
4534,7,5,0.8907630824049286,2818.1976013055514,3188.906026146182,370.7084248406304,25.2,84.79,1.7
4535,6,4,0.21412732613198485,2730.1451486270616,3209.405701996636,479.26055336957415,1.6,21.18,0.42
4536,7,5,0.1610488612171233,2756.996603627593,3093.310870186224,336.31426655863106,72.5,160.14,3.2
4537,6,6,0.467382643734323,2674.4524985629673,3147.3232560565034,472.8707574935361,20,59.82,1.2
4538,7,5,0.10842803682241024,2758.1889113663738,3078.578229924025,320.3893185576512,23.2,18.41,0.37
4539,7,4,0.5424609629784078,2733.0324664551513,3108.2401958479522,375.20772939280096,1,29.88,0.6
4540,8,5,0.04214342859564791,2822.0961839627607,3164.7301633129746,342.63397935021385,40.25,70.08,1.4
4541,8,6,0.05066178284327719,2696.5650186838798,3161.97809273524,465.4130740513601,54.2,122.63,2.45
4542,6,4,0.6858739643417079,2798.3910210529802,3046.3573276716525,247.9663066186722,5.5,29.87,0.6
4543,7,6,0.04155990541437732,2697.0693824274435,3143.669743345557,446.60036091811344,34.1,71.54,1.43
4544,7,5,0.6368213112861243,2861.820681024756,3264.663946496302,402.8432654715457,27.05,105.23,2.1
4545,6,4,0.07937901205688379,2729.650757143095,3032.159305645531,302.50854850243604,60.85,57.12,1.14
4546,7,6,0.10230893761767967,2791.5205745060907,3162.3840748024345,370.8635002963438,44.15,85.33,1.71
4547,6,4,0.29236371623586227,2712.836142330752,3202.0201651525576,489.1840228218057,0,0,0
4548,9,5,0.3622360949188769,2740.12323391838,3086.1111929933086,345.98795907492877,41.85,94.83,1.9
4549,8,6,0.15369467508962792,2665.7761688431942,3222.4915251160783,556.715356272884,44,148.24,2.96
4550,7,5,0.0407740680325786,2839.9853791463725,3334.5940934483697,494.6087143019972,0,67.72,1.35
4551,6,5,0.1435092919106758,2863.6391541938606,3155.0567573109793,291.4176031171187,8,32.26,0.65
4552,6,3,0.11794011063775088,2672.2236283475195,3037.167050540411,364.9434221928914,49.85,47.19,0.94
4553,7,4,0.0933875205138978,2607.3600905809085,3172.4181884547393,565.0580978738308,8,0,0
4554,7,5,1.064712679791949,2689.470645663029,3109.091602128578,419.62095646554917,18.85,27.95,0.56
4555,7,5,0.08826695017127237,2816.15714982079,3215.162792980972,399.005643160182,54.3,55.89,1.12
4556,7,5,0.05401023083009935,2774.502424196348,3172.5115014770345,398.0090772806866,98.05,166.9,3.34
4557,6,3,0.10166498763192156,2695.8511328063564,3258.6294877888176,562.7783549824612,57.3,54.57,1.09
4558,7,5,1.0622041455336155,2745.796859669208,3171.518241898991,425.7213822297831,0,29.88,0.6
4559,6,5,0.5796678530470183,2729.8402681323428,3252.193438020809,522.3531698884663,38.65,100.01,2
4560,8,6,0.39126906787090004,2839.53661924196,3135.949866038349,296.41324679638865,17.5,46.89,0.94
4561,6,5,0.6136555794263698,2748.8129573003553,3103.800842315796,354.98788501544095,35.4,55.63,1.11
4562,6,5,1.0712089226517314,2711.783368062327,3142.8908563065384,431.10748824421125,9.35,41.01,0.82
4563,7,4,0.8319617108778228,2876.852696485197,3155.8939199601173,279.0412234749201,7.75,8.08,0.16
4564,7,4,0.3392493693881684,2808.7899585943405,3192.736943522204,383.94698492786347,0,0,0
4565,7,4,0.007985505633380106,2702.1809801147906,3051.573373100267,349.39239298547636,4.55,24.56,0.49
4566,7,4,0.020563230727916774,2780.6985358384586,3122.672386076669,341.9738502382106,54.45,53.21,1.06
4567,8,7,0.03308010426391071,2762.488200443527,3082.3518581351145,319.8636576915874,94.5,150.48,3.01
4568,6,4,0.41187586616372396,2623.448082990869,3180.7741085904804,557.3260255996115,0,0,0
4569,6,6,0.06769229557018125,2750.3972405327704,3192.8045716416536,442.4073311088832,35.6,116.52,2.33
4570,7,4,0.24674353470863078,2732.4098733127225,3141.5794969135663,409.1696236008438,48.4,51.61,1.03
4571,8,6,0.04942313824268314,2763.1985636220384,3107.3891267512145,344.1905631291761,70.3,91.79,1.84
4572,7,4,0.7396675395452913,2767.6286882085183,3102.762727254198,335.13403904567986,1.9,17.53,0.35
4573,8,5,0.2543211676419869,2822.4037035486126,3072.650690191758,250.2469866431452,42.65,92.61,1.85
4574,9,5,0.09769707357897489,2711.5506981927265,3181.6611129975536,470.1104148048271,36.5,145.64,2.91
4575,6,4,0.01850481087501073,2627.7387809105767,3349.928662784609,722.1898818740324,31.05,55.99,1.12
4576,6,4,0.4936061848809309,2767.40019583062,3143.2036523070456,375.8034564764257,0,5.01,0.1
4577,9,5,0.015493179826040166,2764.599534405607,3189.633722637153,425.03418823154607,59.2,89.13,1.78
4578,7,4,0.10450575161120094,2756.424389011911,3192.7751162911036,436.3507272791926,26.85,64.11,1.28
4579,7,4,0.5202369302005784,2710.335121684036,3132.6410647780444,422.3059430940084,0,6.31,0.13
4580,6,4,0.680774119308528,2778.7126788425057,3146.357452641875,367.64477379936943,5.55,69.39,1.39
4581,7,7,0.059927979959296274,2811.7225611054664,3106.066072944288,294.34351183882154,21.55,101.91,2.04
4582,8,6,0.27931487631916463,2711.229737314088,3165.377193180714,454.14745586662593,2.6,17.17,0.34
4583,7,5,0.2406098569101233,2648.4770400727234,3098.491018786539,450.0139787138155,1.8,68.66,1.37
4584,9,6,0.01594705943565555,2610.096114715584,3139.5504094199514,529.4542947043674,75.05,95.52,1.91
4585,6,4,0.536458003778328,2774.2756117538047,3230.130063413163,455.85445165935835,8.85,33.71,0.67
4586,9,6,0.3043249425114398,2745.3658396308515,3046.3078783071464,300.94203867629494,4.9,24.13,0.48
4587,6,4,0.3204011475131477,2739.773282922673,3012.5102631648197,272.7369802421467,17.2,0,0
4588,7,6,0.22961275527204536,2726.632402081612,3241.937420904762,515.30501882315,18.75,47.38,0.95
4589,8,5,0.2801101131517403,2610.289569093887,3191.455649655292,581.1660805614047,13.05,120.43,2.41
4590,8,5,0.017683909843450543,2754.8382945770268,3156.8626997681254,402.0244051910986,43.3,58.48,1.17
4591,6,4,0.32920821190250826,2633.3526217415906,3170.7967003859712,537.4440786443806,33.55,73.08,1.46
4592,6,4,0.5451409369649002,2772.512297711915,3157.868917434018,385.356619722103,6.6,89.35,1.79
4593,8,4,0.3533381700937007,2649.250663215012,3076.1752628740696,426.92459965905755,29.2,55.49,1.11
4594,7,4,0.6727689626603809,2797.476383556966,3176.8225920995096,379.34620854254354,0,2.24,0.04
4595,5,4,0.44355468495061934,2716.7532726069585,3084.229802410531,367.4765298035727,33.8,50.14,1
4596,6,4,0.4591181952210966,2842.2676280268092,3141.1880478852786,298.92041985846936,9.3,40.98,0.82
4597,7,5,0.12207568942335216,2695.882952749969,3169.7870416645046,473.9040889145358,34.4,60.36,1.21
4598,8,5,0.021651521642147575,2746.5534666072053,2944.004713072931,197.4512464657255,11.6,4.79,0.1
4599,8,5,0.06147743429383907,2636.8510579977874,3164.3518964276395,527.5008384298521,0,0,0
4600,7,5,0.39606950028419147,2735.8606534082714,3115.028315525118,379.1676621168467,22.8,48.96,0.98
4601,7,5,0.40599080961376693,2791.7605932271786,3273.885842637057,482.1252494098785,17.1,48.62,0.97
4602,7,4,0.08928521032281533,2763.084859760875,3186.391111493533,423.306251732658,8.2,32.08,0.64
4603,7,7,0.011077236144998033,2766.2973804608496,3139.6730171574836,373.37563669663405,145.7,188.11,3.76
4604,7,5,1.1427898731336203,2837.534777751041,3217.5796312939233,380.04485354288227,3.2,53.23,1.06
4605,6,4,0.6028438668901644,2677.1475680608783,3119.3970487315255,442.24948067064724,0,41.41,0.83
4606,9,7,0.1615357684263615,2607.973507282414,3028.5063326193113,420.5328253368971,8,128.71,2.57
4607,6,4,0.24444015433057967,2683.7559503226635,3111.6111273628044,427.8551770401409,31,53.09,1.06
4608,7,5,0.1018556380471349,2854.1644260012017,2989.021800852844,134.85737485164236,3.6,17.4,0.35
4609,8,6,0.02991497393530226,2594.7019317008776,3175.9338523812985,581.2319206804209,7.55,88.92,1.78
4610,5,4,0.24093684860549414,2744.776082816117,3244.241064413155,499.4649815970379,26.55,19.26,0.39
4611,7,4,0.4677341190586296,2821.6538474342688,3077.6321339315,255.97828649723124,21.75,46.62,0.93
4612,6,4,0.14575527380507058,2683.6869157292886,3244.5593564720452,560.8724407427567,27.25,48.75,0.97
4613,7,6,0.9891314526617103,2756.7093369529975,3186.61090348034,429.9015665273423,26.5,60.6,1.21
4614,7,4,0.1634715960600712,2780.9019620923805,3158.037003439601,377.1350413472205,4.85,6.84,0.14
4615,7,7,0.005969398851036723,2764.177583415769,3258.7983978576963,494.62081444192745,42.85,139.22,2.78
4616,7,5,0.10574658912685793,2693.124641344399,3086.2760174102646,393.1513760658654,21.7,0,0
4617,7,5,0.5480731321834055,2671.3387110517674,3236.894059740297,565.5553486885296,0,0,0
4618,7,4,0.5656497411382617,2907.1822880627674,3119.458137757851,212.2758496950837,0,63.67,1.27
4619,7,5,0.016371947318669127,2745.626039399337,3201.341269377277,455.71522997794,71,119.32,2.39
4620,7,7,0.04162858606716668,2834.236357082513,3219.477502147342,385.24114506482874,105.45,162.36,3.25
4621,7,5,0.34938410719896806,2779.270173133891,3001.764204593968,222.4940314600767,7.85,21.59,0.43
4622,5,4,0.19829080293925858,2613.035439616792,3048.3855986838976,435.3501590671058,31.3,50.63,1.01
4623,7,5,0.0053487102687207145,2672.2920317030944,3119.0220088066158,446.7299771035214,59.05,55.4,1.11
4624,6,4,0.21138098899534682,2688.8055354588873,3039.817974645517,351.01243918662976,0,9.73,0.19
4625,8,7,0.3695045925720468,2674.0838795509812,2985.8419814500057,311.7581018990245,9.95,100.89,2.02
4626,6,4,0.5251557805254268,2708.1348938286374,3238.2964188886776,530.1615250600403,0,52.9,1.06
4627,7,4,0.8351481083953335,2777.7778027995187,3165.0622398028004,387.2844370032817,11.95,40.62,0.81
4628,6,3,0.1580983295832106,2731.8171102589317,3105.8780464833926,374.0609362244609,57.15,52.82,1.06
4629,7,4,0.030614714067991634,2829.713212305355,3050.0685527821347,220.35534047677993,63.1,86.97,1.74
4630,5,3,0.024536988538513854,2668.24979691899,3120.1053498993947,451.8555529804048,0,0,0
4631,8,8,0.2983219221869238,2682.233203733769,3202.5820451372215,520.3488414034523,45.85,190.45,3.81
4632,5,4,0.5993276900394502,2734.361201759065,3153.7484088419174,419.38720708285246,3.5,51.29,1.03
4633,6,4,0.058931509348773455,2832.4352618415155,3150.2428229333404,317.80756109182494,32.55,23.95,0.48
4634,7,4,0.016299703603287637,2774.8385698103248,3099.100746139489,324.26217632916405,4.05,21.54,0.43
4635,7,5,0.0026789974290513325,2692.3760390673287,3156.4351286350657,464.0590895677369,54.2,64.15,1.28
4636,6,5,0.19373082818122422,2650.1946680480437,3301.445595529868,651.2509274818244,41.05,48.77,0.98
4637,8,5,0.06600480906227729,2713.0563277725673,3155.511946601261,442.4556188286938,8.45,68.26,1.37
4638,6,4,0.27383179943844604,2767.83647076783,3205.95526659317,438.11879582533993,4,21.38,0.43
4639,8,5,0.2825977305991569,2854.5050026104786,3278.5449931750213,424.0399905645427,10.9,48.02,0.96
4640,6,4,0.26746988899099006,2818.8498517380763,3151.0677216550716,332.21786991699537,22.45,0.92,0.02
4641,7,5,0.07241472599784969,2713.755227800231,3073.371718139607,359.616490339376,8.85,4.51,0.09
4642,6,5,0.03076389990594139,2702.2157789727394,3064.7486344411873,362.5328554684479,0,0,0
4643,6,5,0.7995999020525487,2724.3786316653513,3214.743472275611,490.36484061025976,2.45,20.35,0.41
4644,6,4,0.2384976054225643,2724.159020913543,3257.3168659410508,533.1578450275078,0,10.21,0.2
4645,7,4,0.011445288999916281,2823.0593671109928,3140.4244008962237,317.36503378523093,3.15,31.53,0.63
4646,8,5,0.157771392961335,2722.389845378775,3182.990984000391,460.601138621616,0,0,0
4647,8,5,0.1573628531264775,2809.8263923164377,3083.0228685603674,273.19647624392974,61.4,135.54,2.71
4648,7,4,1.0658548055088088,2746.662969655375,3218.82464586553,472.16167621015484,12.85,91.33,1.83
4649,6,6,0.21888387576123222,2690.2511320623616,3232.7581317915465,542.5069997291848,42.65,62.62,1.25
4650,8,6,0.1382436036067844,2705.615512109079,3248.5999348735545,542.9844227644753,30.4,58.47,1.17
4651,7,4,0.12406459201982159,2763.32681625531,3167.840084132679,404.5132678773689,0,0,0
4652,9,5,0.1774152634138659,2652.1090087317393,3031.8222866723177,379.71327794057834,34.55,70.23,1.4
4653,7,6,0.19382731330765104,2758.368699206572,3091.1493314914946,332.78063228492283,2.15,54.45,1.09
4654,8,7,0.04231123111689906,2720.9525249729013,3023.147413770907,302.19488879800565,61.25,150.69,3.01
4655,6,5,0.2590696870568406,2776.5672626579044,3312.3418477954588,535.7745851375544,0,8.25,0.16
4656,7,4,0.1928236804629046,2675.708298586932,3077.877431737905,402.16913315097327,0,0,0
4657,7,4,0.03718238071751467,2777.6009365256186,3141.324025604429,363.7230890788105,0,49.99,1
4658,6,4,0.31242121316218224,2701.8281374809053,3149.1821561058346,447.35401862492927,12.85,49.29,0.99
4659,7,4,0.1122791904827176,2738.9675448226208,3120.7315382989036,381.76399347628285,41.05,85.13,1.7
4660,6,4,0.03768885876544414,2610.3339044471472,3206.065701229891,595.7317967827439,11.8,32.07,0.64
4661,5,4,0.2771783305849213,2891.207930578,3207.993758172133,316.785827594133,0,53.77,1.08
4662,7,6,0.27055251532599445,2684.94782366232,3158.6655820720493,473.7177584097294,36.1,86.28,1.73
4663,6,4,0.1032812459501915,2751.352765425438,3134.8827214690095,383.5299560435715,0,8.78,0.18
4664,7,4,0.2766674704774589,2639.456268028137,3168.362876372664,528.9066083445268,4.3,22.6,0.45
4665,9,6,0.14343135574816532,2772.301216312496,3139.0381882732227,366.7369719607268,13.9,66.21,1.32
4666,8,5,0.03317705541163315,2773.4027941725685,3127.410978562054,354.00818438948545,16.75,180.58,3.61
4667,6,4,0.2727381799008396,2709.063595761391,3116.560564740424,407.4969689790332,33.15,51.94,1.04
4668,8,5,0.024468887115313843,2838.3343786661826,3167.214415979676,328.8800373134932,30.75,97.22,1.94
4669,5,3,1.0376114721053549,2797.5820570886112,3141.2874195242307,343.70536243561946,3.25,29.02,0.58
4670,6,4,0.28345869475433516,2858.7953637776186,3118.821248360819,260.0258845832004,17.9,47.48,0.95
4671,9,6,0.08529335653738591,2743.785512105973,3042.5283753746207,298.74286326864785,30.65,54.03,1.08
4672,7,6,0.18001187923710485,2796.6549844077285,3226.446273148645,429.79128874091657,33.35,60.76,1.22
4673,8,5,0.07819621479326341,2664.9386285441547,3097.199613633837,432.26098508968244,44.55,46.13,0.92
4674,7,4,0.1700416284099597,2713.2374135770638,3187.7594061806694,474.52199260360567,0,0,0
4675,7,4,0.32048241702875596,2682.0789821027843,3096.7771895763995,414.6982074736152,31.2,72.14,1.44
4676,7,4,0.1544412261899697,2733.6156678250773,3136.4582312599805,402.84256343490324,10.7,30.08,0.6
4677,6,5,0.4921934118625165,2797.444347435665,3093.669444325695,296.2250968900303,23.8,61.49,1.23
4678,7,5,0.13824848497197104,2651.5752911558347,3155.0410661599194,503.46577500408466,36.1,36.09,0.72
4679,8,4,0.3791561842780508,2714.016634842255,3012.904447860869,298.887813018614,8.8,35.37,0.71
4680,7,5,0.04068040823331562,2822.831478713938,3139.394115490794,316.5626367768559,41.7,25.25,0.51
4681,6,4,0.4398285651757752,2696.975638222711,3044.5709702012477,347.5953319785367,0,4.14,0.08
4682,8,7,0.5992708262798582,2879.637935357293,3229.298098562514,349.6601632052211,3.35,72.58,1.45
4683,6,4,0.8765782807555484,2803.466595837994,3127.0500992740317,323.5835034360375,5.55,32.44,0.65
4684,7,5,0.21491708977824148,2874.9773453365347,3227.7899451093963,352.81259977286163,42.1,96.88,1.94
4685,7,5,0.11131411688675895,2772.0983971445194,3155.9821222550822,383.88372511056286,50.1,132.71,2.65
4686,8,6,0.3136832422359501,2824.7618517117235,3118.619255094683,293.85740338295955,28.85,96.65,1.93
4687,8,6,0.6785263887138178,2811.648721082725,3127.5729432650214,315.9242221822965,25.2,101.68,2.03
4688,5,4,0.22714362925617462,2786.7798258430207,3128.190383643782,341.4105578007611,38.55,57.88,1.16
4689,7,5,0.5309573712059313,2809.1292171001865,3110.0284128529333,300.8991957527469,24.9,76.51,1.53
4690,7,5,0.09410916125917806,2715.455713696478,3187.780876119309,472.325162422831,24.4,90.7,1.81
4691,8,6,0.08620052625063984,2758.968358975639,3223.1836855617103,464.2153265860711,13.1,79.85,1.6
4692,8,6,0.11058867424233705,2756.2775548829377,3177.2760131035275,420.9984582205898,70.8,206.86,4.14
4693,5,3,0.23084587829262648,2707.0549871306575,3068.148088137522,361.09310100686434,14.2,10.2,0.2
4694,6,4,0.1781518599847142,2774.452618314595,3259.212573276754,484.7599549621591,0,0,0
4695,8,5,0.7952644052074943,2666.1888892336215,3156.7643748332666,490.57548559964516,0,20.8,0.42
4696,6,5,0.2781289796519059,2770.457938058153,3361.785414352939,591.3274762947858,20.6,52.74,1.05
4697,8,7,0.09212040699536245,2682.521141008442,3100.0970005449285,417.5758595364864,73.35,125.22,2.5
4698,7,4,0.38932581067111466,2808.5704584311206,3175.542361904064,366.97190347294327,28.45,76.13,1.52
4699,6,4,0.6362963360772695,2765.133565339223,3195.737002564419,430.6034372251961,0.55,16.77,0.34
4700,6,4,0.053847337223293865,2691.350235955144,3185.427836368547,494.07760041340316,18.15,6.12,0.12
4701,7,4,0.11656612306663684,2847.8436012240004,3126.5192254898866,278.6756242658862,28.45,52.19,1.04
4702,8,7,0.024302449368183186,2798.6897507829335,3294.2153274035713,495.5255766206378,29.75,25.03,0.5
4703,7,6,0.3306262253316979,2757.023966899565,3175.2177928410324,418.19382594146737,0,18.77,0.38
4704,7,5,0.40583930460055007,2742.552000452404,3092.7247640056835,350.1727635532793,32.25,52.94,1.06
4705,8,6,0.0015181010091475345,2602.5615725180533,3091.9817380223813,489.420165504328,50.15,78.46,1.57
4706,9,7,0.025150164209894906,2740.19335677537,3201.465874154007,461.2725173786371,26.5,50.21,1
4707,8,6,0.29766407884995427,2673.8245850709473,3080.58160965765,406.75702458670276,12.55,84.19,1.68
4708,6,4,1.1598983821086546,2797.743840250991,3112.3814360346296,314.6375957836385,4.3,24.02,0.48
4709,8,5,0.16595607685919453,2889.320126789693,3181.7642221900946,292.4440954004017,44.15,94.58,1.89
4710,8,5,0.013574508885628746,2614.397842627457,3171.172232690294,556.774390062837,30.3,25.86,0.52
4711,7,4,0.4024417986334426,2618.714107345617,3247.831937629738,629.1178302841213,30,94.4,1.89
4712,7,5,0.01967042828090803,2662.872736087525,3086.6378741543967,423.7651380668717,0,0,0
4713,8,5,0.07523180224394264,2749.3551515577087,3125.0030684928834,375.64791693517464,10.55,0,0
4714,6,3,0.4211011913147996,2661.8929164590268,3098.3831056495133,436.4901891904865,1.9,18.65,0.37
4715,7,5,0.5452007832175547,2841.5702310394213,3167.8599530574966,326.2897220180753,0,0,0
4716,8,5,0.0024454929633610915,2674.849609887808,3075.955816965776,401.10620707796807,45.05,55.2,1.1
4717,9,6,0.35762195814433184,2684.3645164002032,3154.4951156590664,470.1305992588632,29.8,128.73,2.57
4718,6,4,1.0269028984107755,2649.9919682490968,3186.506704754782,536.514736505685,1.4,21.84,0.44
4719,7,4,1.125905621511641,2851.553167580495,3134.6350364040736,283.0818688235786,0,0,0
4720,5,4,0.2750311278278605,2564.610217652862,3120.5411250481684,555.9309073953063,0,5.96,0.12
4721,5,4,0.11608223113315008,2692.507750230324,3276.118074585822,583.610324355498,0,0,0
4722,7,5,0.166300363751442,2780.7563957759908,3131.579203423249,350.8228076472583,40.75,45.32,0.91
4723,7,5,0.07665441655259556,2742.441212363809,3197.6343559376164,455.19314357380745,91.4,152.06,3.04
4724,7,4,0.1414885356307709,2786.3284904493894,3126.987146610222,340.65865616083283,0,0,0
4725,8,5,0.07590361767667017,2796.0705021266535,3190.816773042938,394.74627091628463,8.55,72.01,1.44
4726,8,6,0.13455719717879414,2701.787280218801,3028.140973720638,326.35369350183737,40.75,54.87,1.1
4727,6,4,0.011386453475280878,2736.2829859208373,3283.6555677655397,547.3725818447024,0,66.52,1.33
4728,8,7,0.021743527361143225,2697.9025404380654,3160.8350464467035,462.93250600863803,32.5,53.82,1.08
4729,7,4,0.22222962766730875,2784.2800078101945,3243.254536079633,458.97452826943845,0,0,0
4730,6,4,0.8663401199245337,2780.72029040491,3261.381519037705,480.661228632795,4.75,34.48,0.69
4731,6,5,0.5299234641331261,2785.762854697036,3110.0017923394025,324.23893764236664,9.95,36.28,0.73
4732,6,5,0.37262695324035583,2703.669621554477,3178.769238007748,475.09961645327076,7.55,18.94,0.38
4733,7,6,0.3128305740934068,2806.5830327121516,3150.3300775617436,343.74704484959193,17.5,94.35,1.89
4734,7,5,0.05932042813165646,2700.0621802044084,3104.9578856557623,404.89570545135393,27.15,55.93,1.12
4735,6,4,0.05487787522699784,2693.252129251283,3121.0441292790942,427.79200002781135,23.35,4.32,0.09
4736,7,4,0.16576688521905125,2712.8844746815457,3325.268258902667,612.3837842211215,27.35,47.97,0.96
4737,7,6,0.05298725770174092,2705.7523733208154,3110.633860512087,404.8814871912714,0,0,0
4738,6,4,0.6103186831057281,2785.588246508515,3297.3818543306593,511.79360782214417,0,0,0
4739,6,5,0.34565516062214646,2666.4710110513392,3228.653121461023,562.1821104096839,0,0,0
4740,6,5,0.0249560913132215,2807.6651391424407,3122.048774034342,314.38363489190124,26.45,0,0
4741,7,5,0.6236628433473937,2637.6065410417436,3180.936582172268,543.3300411305245,4.2,60.25,1.2
4742,9,7,0.18401160911442727,2766.722139683169,3096.3226217687024,329.60048208553326,55.5,152,3.04
4743,8,5,0.08797691675876261,2715.4827214039265,3133.3171772337096,417.8344558297831,49.75,121.94,2.44
4744,8,7,0.15806098259355109,2787.015116754783,3010.2974613179917,223.28234456320888,71.3,186.97,3.74
4745,7,5,0.6229664368828599,2681.8967501574853,3197.8032493714954,515.9064992140102,0,0,0
4746,6,4,0.10033386095142721,2714.617721942404,3127.316631106687,412.6989091642831,0,0,0
4747,6,4,0.06423773453516535,2829.471217136456,3180.0487408888625,350.5775237524067,1,15.71,0.31
4748,7,5,1.0317818826017362,2757.954167682734,3238.6966878052217,480.7425201224878,0,0,0
4749,6,4,0.8587267452108053,2879.3825969246727,3132.0127474059536,252.6301504812809,20.4,46.05,0.92
4750,7,4,0.273211761954902,2828.84010161957,3265.4630606130318,436.6229589934619,0,9.49,0.19
4751,6,3,0.03210883838431203,2658.243040452484,3196.0118617965986,537.7688213441147,43.85,52.87,1.06
4752,9,5,0.15438032332613855,2876.324771986763,3076.2426229540915,199.91785096732838,2.4,65.95,1.32
4753,8,5,0.011549734978338203,2879.3322330205388,3115.6030389931884,236.27080597264967,79.55,131.58,2.63
4754,7,5,0.011031624646098262,2656.443401546183,3269.341573641789,612.8981720956062,67.6,62.43,1.25
4755,8,5,0.014693785755638017,2724.198760101331,3146.0727483690503,421.87398826771914,38,86.7,1.73
4756,8,5,0.11536351819600665,2683.3857692417096,3112.0214835244374,428.6357142827278,5.75,26.37,0.53
4757,7,5,0.22102613448361008,2620.6348350949975,3078.009267365859,457.3744322708617,0,30.11,0.6
4758,7,4,0.1945481516665413,2782.656770427438,3136.7617062031245,354.1049357756865,47.85,63.41,1.27
4759,5,3,0.27619962488998684,2552.445496120286,3096.504871282674,544.0593751623878,0,23.07,0.46
4760,9,6,0.19610298473488932,2756.887306479045,3057.8445495525066,300.95724307346154,22.75,72.73,1.45
4761,7,5,0.0167636729329919,2851.5189957677712,3202.759740764538,351.2407449967668,27.2,16.2,0.32
4762,6,4,0.1255755446590941,2712.6191342654906,3068.3548169944024,355.7356827289118,13.9,36.47,0.73
4763,7,6,0.04298948243685364,2680.4524811378456,3185.0168708228,504.5643896849542,60.4,59.38,1.19
4764,6,3,0.25611757878941094,2809.3542387836014,3171.8665910641053,362.5123522805038,0,0,0
4765,5,3,0.9180694691987049,2717.7076574978,3231.5426907814053,513.8350332836053,0,24.16,0.48
4766,6,4,0.1227380399085721,2664.7611224400134,3067.890847094683,403.12972465466964,18.15,19.7,0.39
4767,8,6,0.032184442426021004,2671.766546232837,3216.9270051724584,545.1604589396215,51.9,161.54,3.23
4768,7,5,0.7559253592596292,2787.1623133546836,3118.0379624464013,330.8756490917176,2.2,44.65,0.89
4769,7,5,0.03926032947907131,2761.8774728623443,3223.1876810665276,461.31020820418325,27.45,41.85,0.84
4770,6,5,0.2760611258274257,2720.9533084994137,3114.349921443449,393.3966129440355,0,0,0
4771,8,6,0.3257437434812482,2819.1891929416934,3233.2670971980656,414.0779042563722,0,50.51,1.01
4772,7,5,0.7854042765169206,2829.8871229986257,3184.7614775307193,354.87435453209355,0,15.21,0.3
4773,6,4,0.05809745533586702,2773.86345258839,3148.2347757966218,374.37132320823184,0,0,0
4774,5,4,0.18031339618506698,2755.194013449648,3177.815925279816,422.62191183016785,37.55,66.65,1.33
4775,8,5,0.039310856381511675,2658.873534409961,3236.3554486275007,577.4819142175397,61.75,83.92,1.68
4776,8,5,0.15701355184608393,2764.9527790270636,3050.9290973015222,285.97631827445866,3.6,35.23,0.7
4777,8,5,0.11109880515279924,2808.8338945363002,3099.728052556024,290.8941580197238,49.4,107.37,2.15
4778,7,4,0.3446525709504974,2651.9978669539732,3048.446785741883,396.44891878790986,0.05,38.45,0.77
4779,7,4,0.03763850934744095,2681.720012416438,3107.1951812362886,425.47516881985075,0,14.54,0.29
4780,5,4,0.1720867937529818,2737.4988038244796,3319.3126456309365,581.8138418064568,30.15,52.1,1.04
4781,6,4,0.07965838526983464,2751.0349633205465,3111.9837638426548,360.9488005221083,22.05,40.4,0.81
4782,7,5,0.4327653999314287,2759.9411368825386,3173.8494094400394,413.9082725575008,31.5,82.45,1.65
4783,7,5,0.18036317754373482,2680.0695243527243,3189.325855978235,509.2563316255105,0,2.01,0.04
4784,6,4,0.26859599996453615,2599.7509769940366,3278.7928142845262,679.0418372904896,1.35,66.91,1.34
4785,6,4,0.540034338154014,2874.04115533668,3184.5167348361692,310.4755794994894,0,0,0
4786,7,5,0.019068034102460756,2683.162556099875,3085.0276481231763,401.86509202330126,23.65,123.85,2.48
4787,7,5,0.12357375302104959,2712.7014528661775,3165.8736486074017,453.1721957412242,54,118.64,2.37
4788,8,6,0.6077795317066259,2743.2299788916384,3166.849593721745,423.61961483010646,21.55,35.32,0.71
4789,6,4,0.9546714502828668,2640.1586395913546,3143.230440306632,503.0718007152773,0.9,16.04,0.32
4790,7,5,0.03674794026549115,2802.487332065108,3262.9042503702663,460.4169183051581,0,20.05,0.4
4791,6,4,0.3645905060743154,2755.2379991864154,3249.219334592266,493.9813354058506,13.9,25.69,0.51
4792,6,5,0.0037679536248186123,2834.8504632594463,3176.5870230564938,341.73655979704745,86.45,154.16,3.08
4793,6,3,0.18473901014517483,2624.3392940700246,3211.4508548394515,587.1115607694269,20.2,43.21,0.86
4794,7,4,0.18583185347183923,2801.5902835147613,3135.801237472292,334.2109539575308,7.4,43.77,0.88
4795,7,5,0.05323352859450675,2623.4575002070724,3239.9858252340914,616.528325027019,61.05,55.9,1.12
4796,5,3,0.05453335541020718,2714.167988079322,3018.5116822595655,304.34369418024335,0,0,0
4797,7,6,0.18757541589705,2713.2652731774997,3179.6738868368443,466.4086136593446,34.95,45.27,0.91
4798,9,6,0.255800440432384,2744.577416948934,3140.593700470128,396.01628352119405,0,8.8,0.18
4799,7,4,0.3557409514399323,2700.6312698678385,3055.81219699335,355.1809271255115,0,0,0
4800,8,5,0.07409276149924374,2730.7008435475773,3202.462333987586,471.76149044000886,21.55,53.73,1.07
4801,8,5,0.04103047490437633,2826.3443704101915,3095.441481144108,269.09711073391645,0,2.38,0.05
4802,6,4,0.05185828679778629,2728.905039645676,3249.5215672389145,520.6165275932385,29.5,28.84,0.58
4803,8,6,0.041497883600900516,2875.151105341154,3254.238449084426,379.08734374327196,0,19.52,0.39
4804,8,5,0.0032272907571547953,2707.698186651625,3139.529890962934,431.8317043113093,68.05,102.04,2.04
4805,8,5,0.030904571781932254,2849.575698102527,3110.1078626636468,260.53216456111977,30.35,52.59,1.05
4806,7,4,0.6180562489383608,2734.8108607697654,3201.9256891506575,467.11482838089205,0,26.04,0.52
4807,7,5,0.15197283614602825,2739.0162425952035,3250.1702649401827,511.15402234497924,61.5,57.79,1.16
4808,7,4,0.1952797917905432,2854.348149493873,3217.5100796410816,363.16193014720875,0,0,0
4809,7,5,0.016525546229742335,2792.6989349380783,3121.650583961676,328.95164902359784,43.45,57.68,1.15
4810,7,5,0.3265436359328525,2823.8238195450344,3196.833913866459,373.01009432142473,41.35,47.42,0.95
4811,8,6,0.1763968080420648,2833.765731546695,3147.3665399899746,313.6008084432797,27.5,63.51,1.27
4812,8,5,0.8871377451396509,2779.8086837900923,3153.1184400401817,373.3097562500893,41.9,107.73,2.15
4813,7,6,0.9614044881630799,2796.858690528398,3122.836061786234,325.97737125783624,9.1,38.16,0.76
4814,8,5,0.05324639079043451,2714.4812800392197,3286.8869201532143,572.4056401139947,39.3,55.72,1.11
4815,7,4,0.11965896847724738,2745.1623609738194,3176.9976707740625,431.83530980024307,46.15,56.04,1.12
4816,8,6,0.2296390327391966,2822.96976583733,3353.1974923698217,530.2277265324915,4.45,17.86,0.36
4817,6,5,0.20200960402192994,2587.607681541324,3136.723581775244,549.11590023392,0,0.3,0.01
4818,6,4,0.09029221917672195,2802.0893202812435,3137.708068040546,335.61874775930255,5.65,31.3,0.63
4819,6,4,0.7753868181225996,2618.749878430946,3109.1785859463107,490.42870751536475,0,49.97,1
4820,9,8,0.014076584634000956,2665.693282218291,3191.933344918866,526.240062700575,50.95,113.07,2.26
4821,7,5,0.9209616654925828,2700.624245489774,3117.736492513848,417.11224702407435,0,0,0
4822,6,3,0.1134513912322244,2692.0554134248246,3292.797747034004,600.7423336091792,8.45,2.3,0.05
4823,8,6,0.11233776028705098,2819.9357096863996,3096.272564974093,276.3368552876932,46.05,92.24,1.84
4824,9,5,0.024111059603800836,2750.07861769613,3169.8935010293926,419.8148833332625,59.1,99.16,1.98
4825,6,4,0.2532433280620656,2708.0938268475757,3235.564458077236,527.4706312296603,1.6,40.86,0.82
4826,6,4,0.049257038026663744,2781.653240388369,3366.1669773755125,584.5137369871436,25.6,52.2,1.04
4827,7,6,0.1505730826045595,2853.6960935621028,3151.594949217991,297.8988556558884,44.05,74.98,1.5
4828,7,5,0.15417679634854423,2805.1149914701305,3175.875558015474,370.7605665453434,0,19.01,0.38
4829,7,5,0.17587785346741716,2565.4470876784103,3121.338621695493,555.8915340170829,36.3,41.99,0.84
4830,7,5,0.39066903983717466,2695.6026081512855,3267.410350738751,571.8077425874653,0,12.91,0.26
4831,6,4,0.17804284800719988,2723.425813378513,3139.287100937787,415.86128755927393,29.25,128.77,2.58
4832,7,5,0.798895827075121,2712.346820307351,3287.2543249102555,574.9075046029043,41.25,109.04,2.18
4833,8,4,0.03546687307060578,2790.729054369827,3071.2718109268885,280.5427565570617,30.45,81.57,1.63
4834,7,4,0.19104520954868656,2857.922471563479,3020.3857073358045,162.46323577232533,31.2,25.02,0.5
4835,9,6,0.7036474137431021,2755.572483936528,3091.8832802488146,336.3107963122866,11.55,89.14,1.78
4836,7,4,0.1887651048872812,2743.7420880564873,2968.5859598237435,224.84387176725613,0,0,0
4837,7,4,0.26435971232222444,2844.043823394847,3192.4651272971632,348.42130390231614,47.3,83,1.66
4838,7,5,0.07257576209898862,2621.523569044542,3227.305120863036,605.7815518184939,26.2,63.06,1.26
4839,8,5,0.15898187336259265,2837.5959038300707,3041.724744584642,204.12884075457123,32.1,26.75,0.53
4840,6,4,0.05652773645752211,2845.242148643476,3056.4251880372817,211.18303939380576,0,42.08,0.84
4841,7,4,0.03168139180518258,2698.3009140808504,3107.0894094529667,408.78849537211636,70.9,167.53,3.35
4842,7,4,0.7378657147621499,2652.2655972297093,3187.906252630803,535.6406554010937,0,0,0
4843,6,4,0.1490185820447418,2815.4417759313824,3130.5592858124796,315.11750988109725,16.95,89.24,1.78
4844,5,4,0.14422077572709346,2727.7554889904254,3096.6153733579495,368.85988436752405,9.1,73.01,1.46
4845,9,6,0.0032287124500377825,2741.923697825436,3152.494818512513,410.5711206870769,22.05,59.04,1.18
4846,7,6,0.3485423267661728,2898.697032870046,3110.5348849749157,211.83785210486985,13.15,6.4,0.13
4847,6,4,0.9422844190232029,2570.177603857835,3095.4309163805196,525.2533125226846,12.6,73.55,1.47
4848,7,5,0.12460094448366968,2822.1198649624675,3219.043782375241,396.92391741277333,23.85,36.59,0.73
4849,6,5,0.15051105929446712,2673.940866983816,3054.0179175634557,380.07705057963994,30.25,18.14,0.36
4850,7,5,0.11915059529733422,2766.4596838727075,3081.3983972859096,314.9387134132021,23.15,70,1.4
4851,5,3,0.8297523794474323,2734.3984436606625,3034.3869522716664,299.9885086110039,18.45,48.98,0.98
4852,6,5,0.23315459973687291,2679.463941948267,3138.168595162108,458.7046532138411,50.05,52.01,1.04
4853,7,6,0.46159911551367605,2569.9527297793375,3134.1003441844073,564.1476144050698,0,0.64,0.01
4854,8,5,0.0341810260405634,2740.9950688818262,3079.7744102452402,338.779341363414,21.6,53.59,1.07
4855,6,4,0.006011707389418395,2652.438307690719,3192.7630330627253,540.3247253720065,0,0,0
4856,6,4,0.757772607371491,2944.9270352014373,3193.727700889454,248.80066568801658,12.7,52.8,1.06
4857,7,5,0.01605336510154128,2848.0118019328625,3171.7856993911937,323.77389745833125,121.85,167.28,3.35
4858,6,5,0.5647580835822359,2619.526275103652,3075.5858649482343,456.0595898445822,0,0,0
4859,8,5,0.3389416277189079,2775.459671746071,3080.8434243243855,305.38375257831467,28.4,78.42,1.57
4860,8,6,0.5989378487445325,2673.174844739826,3199.196424572052,526.021579832226,15.45,46.28,0.93
4861,8,5,0.03857408995085329,2743.501291573484,3221.230146208807,477.72885463532293,38.2,67.74,1.35
4862,7,6,0.08087032267879984,2760.6727494177994,3268.6354082177886,507.9626587999892,1.2,15.18,0.3
4863,6,4,0.21953115856373093,2864.263812553669,3185.704555261055,321.44074270738565,40.5,58.59,1.17
4864,6,5,0.6283038145012769,2804.2833919525165,3034.684897495493,230.40150554297634,37.8,84.51,1.69
4865,6,5,0.6172441746589965,2657.3380933084213,3275.7752862548573,618.437192946436,0,0.59,0.01
4866,8,5,0.9146232838154272,2811.7398757802507,3079.837482794612,268.0976070143611,11.5,55.08,1.1
4867,6,5,0.1444063305282473,2814.45255693418,3131.1605350498776,316.70797811569764,52.15,53.37,1.07
4868,7,4,0.36731471962719525,2648.2143825124226,3277.1075761320567,628.8931936196341,0,44.2,0.88
4869,6,6,0.05980782634867737,2772.3350861903787,3072.669347486249,300.3342612958704,108.35,160.68,3.21
4870,7,4,0.08847244670696579,2762.894112682417,3045.238427088415,282.3443144059979,35.75,62.7,1.25
4871,8,5,0.8949530149061963,2841.497697926728,3157.284593966745,315.7868960400169,1.85,25.74,0.51
4872,7,7,0.06878310475018608,2750.1841419675698,3037.7128701739125,287.52872820634275,117,159.79,3.2
4873,8,6,0.007895542679991166,2790.6852444495307,3212.0165929760565,421.33134852652574,67.2,113.63,2.27
4874,8,6,0.324240744154718,2665.851453929936,3116.5841125089855,450.7326585790497,29.45,62.78,1.26
4875,8,6,0.035066359866201914,2657.413564225228,3186.9053514005636,529.4917871753355,38.5,73.97,1.48
4876,7,4,0.12086168745931808,2850.6256878537165,3154.6118520093,303.98616415558354,41.65,57.66,1.15
4877,7,5,0.30667691965388166,2765.3348900303245,3091.273015940859,325.9381259105344,17.85,20.61,0.41
4878,7,5,0.3073585435071122,2759.2575345221926,3128.490102348276,369.2325678260836,7.65,39.99,0.8
4879,7,6,0.521387557104734,2753.1922492301146,3032.660276434429,279.46802720431424,0,12.78,0.26
4880,9,6,0.6624084261509449,2794.9471375312705,3079.783940439457,284.83680290818666,25.2,105.59,2.11
4881,7,5,0.006990074717148868,2760.7346989603084,3110.8818741628224,350.14717520251406,26.75,3.43,0.07
4882,7,4,0.21256822540305595,2776.1870760495353,3141.1514620702437,364.9643860207084,23,57.48,1.15
4883,7,5,0.3269178484394804,2638.373925472544,3062.710972240424,424.33704676787966,39.1,47.87,0.96
4884,8,5,0.31559280056387135,2728.191575813708,3211.9909168164168,483.79934100270884,22.45,51.99,1.04
4885,8,7,0.46256732480154944,2650.146294228384,3106.9342775611517,456.7879833327679,11.25,41.59,0.83
4886,6,5,0.11832857585938583,2627.306441839093,3220.272424091679,592.965982252586,6,0.78,0.02
4887,8,6,0.01412431474101848,2719.9311381116704,3100.4568769752022,380.52573886353184,19.35,151.49,3.03
4888,8,6,0.00623036475375917,2768.416630618869,3037.876825804686,269.46019518581716,58.95,137.18,2.74
4889,8,7,0.06074060519144645,2793.0237842896277,3073.176207488437,280.1524231988092,93.2,203.12,4.06
4890,7,4,0.027419687599395254,2676.491171820054,3251.6960021357586,575.2048303157044,18.95,56.24,1.12
4891,5,4,0.9914478938433869,2751.161374166349,3293.985433280024,542.824059113675,0,0,0
4892,5,4,0.21267764140825737,2858.589391295008,3102.3987419255413,243.80935063053312,30.95,49.67,0.99
4893,7,5,0.12326230851955172,2811.2644908523525,3164.8916873909548,353.6271965386022,10.15,31.3,0.63
4894,6,4,1.111039836058625,2788.8236330506807,3069.5882490134127,280.764615962732,9.45,35.39,0.71
4895,7,4,0.1254269243398698,2793.714021700725,3221.4984922923636,427.78447059163864,26,49.7,0.99
4896,6,4,0.07677102761980799,2595.53945973269,3125.638407916347,530.0989481836573,32.7,83.65,1.67
4897,7,5,0.321641830016725,2711.6789639389085,3225.0965917388926,513.4176277999841,4.3,22.2,0.44
4898,5,3,0.08697762001275366,2741.2025644640503,3165.3734862804545,424.1709218164042,0,49.45,0.99
4899,7,5,0.4094592801185402,2842.1970607507874,3034.4168611925124,192.21980044172506,0,0,0
4900,8,6,0.028709534685896945,2707.971846473588,3240.911130485424,532.9392840118362,31.45,132.44,2.65
4901,8,7,0.1985967630140787,2673.257603275278,3076.881962231547,403.6243589562687,9.6,24.82,0.5
4902,8,5,0.05650495436886559,2819.1327132630713,3065.420815065945,246.28810180287383,17.3,53.81,1.08
4903,7,5,0.06815317816908455,2578.357873715368,3070.842710923948,492.48483720857985,19.7,52.96,1.06
4904,7,5,0.8098224421932637,2770.353238636304,3146.1019293800177,375.7486907437137,20.9,47.61,0.95
4905,5,3,0.4057097603976437,2825.5889738541828,3055.996679172695,230.4077053185124,0,0,0
4906,5,4,0.21396161407408587,2818.367697014114,3205.29224774079,386.924550726676,18.25,8.11,0.16
4907,6,4,0.29341509592640924,2834.345046532574,3157.6628257242924,323.3177791917183,6.9,52.35,1.05
4908,6,3,0.8248532389975175,2827.3053114828936,3241.770228214936,414.46491673204264,0,4.54,0.09
4909,6,4,0.23687878074981633,2704.59884552571,3258.0786242989952,553.479778773285,29.35,54.59,1.09
4910,8,6,0.07317583496057051,2769.5564338560944,3152.8487912535006,383.29235739740625,16.45,51.97,1.04
4911,6,3,0.04993672817738182,2755.6756795075084,3174.782928510509,419.10724900300056,0.8,25.32,0.51
4912,8,5,1.0615323874959566,2707.487568577355,3238.8115908734317,531.3240222960767,0,17.95,0.36
4913,6,5,0.03856306730419086,2637.176056093681,3049.551882165163,412.37582607148215,54.25,75.87,1.52
4914,7,4,0.24225746887754235,2798.189060799474,3241.664995276097,443.475934476623,38.45,56.9,1.14
4915,7,5,0.17930179574469676,2777.617166539658,3202.391241369727,424.77407483006937,12.75,32.43,0.65
4916,8,5,0.25113477992865374,2739.8945317485573,3218.271267478221,478.3767357296638,10.15,32.04,0.64
4917,5,4,0.26945258755974,2708.7233524288526,3022.9931372764663,314.26978484761366,0,0,0
4918,6,5,0.11274456422617714,2798.063832745329,3275.4999262858596,477.4360935405307,3.7,23.54,0.47
4919,8,5,0.08931125231571109,2629.6513492479867,3105.692523198995,476.0411739510082,3.15,84.52,1.69
4920,7,6,0.4041776020182852,2759.3330298803385,3105.097223315585,345.7641934352464,34.75,117.58,2.35
4921,7,5,0.0467148182402627,2773.1011651744893,3277.5469515625796,504.44578638809026,6.6,47.66,0.95
4922,9,5,0.32653008705219994,2755.3882349198248,3218.1360674640573,462.74783254423255,11.2,69.28,1.39
4923,8,5,0.7615474582603818,2831.919614630551,3241.0315008665348,409.11188623598355,20.75,46.39,0.93
4924,8,6,0.7181760024647819,2731.107946067805,3176.4862217984064,445.3782757306012,21.8,55.78,1.12
4925,6,4,0.014475002086824383,2717.0009937174214,3036.738521066115,319.7375273486937,16.25,0,0
4926,6,5,0.16623408298210587,2719.786077585597,3018.3770728946406,298.5909953090436,10.35,37.38,0.75
4927,7,4,0.1312311142757785,2876.582377953647,3072.489304868456,195.906926914809,36.85,29.17,0.58
4928,7,6,0.16762850303202592,2678.514647577656,3148.430711448252,469.9160638705962,26.95,81.28,1.63
4929,6,4,0.9296423724324354,2784.9219827253473,3029.2531085804226,244.33112585507524,0,14.73,0.29
4930,7,5,0.07581617246486229,2729.5796979836673,3131.88818499866,402.3084870149928,33.6,42.15,0.84
4931,8,6,0.012649636048974828,2735.8317432649847,3305.910002215296,570.0782589503115,11.2,56.77,1.14
4932,8,5,0.09888711512604192,2775.955180986631,3105.952700810006,329.99751982337466,58.85,58.5,1.17
4933,8,4,0.11155409586386769,2752.3118734285968,3116.497280018429,364.1854065898324,31.3,54.09,1.08
4934,8,5,0.8146589103112291,2790.8565952896865,3222.465900176331,431.6093048866446,2.2,22.99,0.46
4935,8,4,0.8032592681488038,2743.088063645758,3080.054650449263,336.9665868035049,27.95,54.31,1.09
4936,7,5,0.14597689965060856,2745.59683367207,3165.489040449174,419.8922067771041,30.55,80.3,1.61
4937,6,4,0.4040699456151346,2666.846231184191,3095.9057487219898,429.0595175377989,0,66.44,1.33
4938,7,5,0.719658466995431,2643.307471605502,3137.186298942915,493.878827337413,33.5,135.33,2.71
4939,7,5,0.22049966053633774,2779.5709870232504,3173.3982081020026,393.82722107875225,25.9,42.31,0.85
4940,8,5,1.065801365826127,2772.935086431994,3045.0009422048447,272.0658557728507,15.8,32.29,0.65
4941,7,5,0.1264586268027771,2784.88189614378,3276.721079128236,491.8391829844559,6.65,0,0
4942,5,4,0.03748095991478668,2788.5559150835115,3207.892386970441,419.3364718869293,31.8,52.4,1.05
4943,6,4,0.344000882666057,2801.8450426669165,3231.00560122673,429.1605585598136,24.8,79.47,1.59
4944,7,5,0.11849898470603452,2617.317397746641,3072.531269510607,455.2138717639664,95.15,169.51,3.39
4945,7,4,0.006709434701985158,2756.1383990166264,3182.76546215087,426.6270631342436,0,0,0
4946,7,4,0.31624698569525056,2721.4014494972807,3047.4323787943213,326.03092929704053,4.45,55.24,1.1
4947,7,6,0.07212431710080291,2717.0724924023793,3064.0218083427067,346.9493159403273,57.05,101.64,2.03
4948,7,5,1.111588416489447,2796.000653861957,3068.321448621534,272.320794759577,0,48.95,0.98
4949,8,6,0.29933996077538977,2807.38037590444,3125.609303205577,318.228927301137,31.5,80.76,1.62
4950,7,5,0.22302651908590682,2800.8581894468925,3196.2897873626052,395.4315979157127,59.15,94.96,1.9
4951,8,6,0.34610489965381425,2914.639889161692,3196.9038218995597,282.2639327378679,11.2,83.76,1.68
4952,7,5,0.7467540439462044,2601.9832929773743,3082.412737741468,480.42944476409366,4.9,24.07,0.48
4953,9,7,0.010210863034025986,2642.580119067968,3191.0313193304187,548.4512002624506,25.8,62.68,1.25
4954,6,4,0.5461861881513634,2702.3324206696084,3098.1817908449502,395.84937017534185,31.4,57.27,1.15
4955,7,4,0.8136974620524557,2634.654117656719,3222.9679778117306,588.3138601550118,3.35,23.88,0.48
4956,7,4,0.17212252708591483,2656.365409919068,3194.1615742439976,537.7961643249296,30.6,22.81,0.46
4957,8,6,0.026686390646523905,2703.3183337610526,3202.3783611979366,499.06002743688396,18.8,65.06,1.3
4958,7,5,0.9570806353356158,2672.36525516024,3050.168406197413,377.80315103717294,0,2.31,0.05
4959,6,5,0.6122590848917304,2837.073433282583,3197.512397379266,360.43896409668287,6.95,28.13,0.56
4960,6,5,0.3167631633022013,2765.2232927461246,3057.0435993372225,291.82030659109796,6.3,4.28,0.09
4961,6,4,0.008064289106913343,2782.3391351474793,3083.7715327720034,301.4323976245241,23.9,3.6,0.07
4962,7,6,0.3156564503868514,2749.2397313545466,3034.6205706392484,285.3808392847018,35.5,58.54,1.17
4963,8,7,0.14021342770932185,2800.164230675793,3188.491462395743,388.32723171994985,59.35,51.73,1.03
4964,6,4,1.1316009944155474,2733.1922316505984,3159.3614048630775,426.1691732124791,0,28.58,0.57
4965,7,5,0.05094839971417331,2777.7897462844053,3156.2466216947932,378.45687541038797,1.7,32.15,0.64
4966,8,5,0.024564445313378647,2672.2715927234767,3261.649205381733,589.3776126582561,23.45,159.23,3.18
4967,7,4,0.1429171262213757,2691.843300778552,3209.3552728467707,517.5119720682187,44.6,46.03,0.92
4968,6,4,0.32881969799995614,2659.4557827495014,3089.401720045499,429.94593729599774,0,0,0
4969,6,6,0.012972712135930278,2717.1257631231288,3216.397619457992,499.27185633486306,80.35,160.29,3.21
4970,7,4,0.18797066193667492,2667.4237318710148,3182.241458985628,514.8177271146133,26.2,6.84,0.14
4971,7,5,0.32272539377999976,2771.574918313033,3104.5637061646853,332.98878785165243,0.95,86.72,1.73
4972,6,5,0.20962258952755164,2793.473393056486,3097.430272067795,303.95687901130896,30.95,52.05,1.04
4973,8,7,0.028492046293596945,2723.0350698644484,3152.3715259663813,429.336456101933,60.7,150.75,3.01
4974,7,5,0.8322983573641116,2756.834813474937,3081.468639504738,324.63382602980073,26.2,47.1,0.94
4975,6,5,0.11535881532605549,2822.1764970201784,3360.750272926665,538.5737759064864,0,0,0
4976,5,4,0.0745556307696684,2838.5428859027124,3113.3491358736774,274.8062499709649,0,30.07,0.6
4977,8,5,0.027433288655698065,2603.2846652535827,3181.7234167765205,578.4387515229378,0,7.79,0.16
4978,8,4,0.06362181265993672,2694.6050809383287,3251.871016907803,557.2659359694744,0,0,0
4979,7,4,1.1367620079408476,2794.1359971712286,3202.676626249409,408.54062907818025,0,9.76,0.2
4980,7,4,0.07684583249284171,2861.8346431429495,3126.4627336756685,264.62809053271894,87.25,125.57,2.51
4981,7,4,0.20419008036552477,2828.9890438766106,3038.2362284345295,209.2471845579189,9.3,34.9,0.7
4982,6,4,0.3299833129173642,2788.1174586803527,3246.7937078188043,458.67624913845157,11.45,45.49,0.91
4983,6,5,0.8885266989218605,2877.257857558547,3241.148785618257,363.89092805970995,27.4,51.29,1.03
4984,7,4,0.7220983109008544,2705.2434056871894,3054.259662247165,349.0162565599758,0,0,0
4985,6,4,0.22421580596143134,2807.2759866605193,3401.3768699867032,594.100883326184,16.3,44.82,0.9
4986,8,7,1.1057271713332641,2743.0973064101827,3155.287423701121,412.19011729093836,0,0.15,0
4987,7,4,0.8670154173495586,2807.862401806584,3195.0840197462053,387.2216179396214,8.45,47.6,0.95
4988,7,7,0.3412987654030605,2765.1620732682536,3179.9204661927133,414.7583929244597,55.55,163.65,3.27
4989,6,4,0.06405513844459336,2855.950984627065,3140.3310418694628,284.3800572423979,34.75,44.22,0.88
4990,10,6,0.013636836203761831,2840.5190699365207,3117.5982678312125,277.0791978946918,86.7,164.52,3.29
4991,7,5,0.021239841180528515,2938.1775736505974,3352.541530233596,414.3639565829985,86.6,129.57,2.59
4992,9,6,0.1917284483163663,2815.4898251161835,3180.485223674204,364.9953985580205,30.25,72.13,1.44
4993,6,3,0.0819582923956371,2573.321305343423,3079.071966351727,505.7506610083042,48.65,51.53,1.03
4994,8,7,0.19823939520123293,2862.436961015891,3037.1333136838757,174.69635266798468,37.6,82.37,1.65
4995,8,5,0.24921480588699338,2837.1149316628016,3263.0397946382777,425.9248629754761,25.55,51.88,1.04
4996,9,6,0.015920082558557078,2834.677536767272,3189.1219786026277,354.4444418353555,12.05,64.57,1.29
4997,8,6,0.3565860694918552,2834.615184844958,3259.7598866455987,425.14470180064063,36.1,125.49,2.51
4998,7,5,0.275723242610354,2846.47004046318,3234.1797310180996,387.7096905549197,15.45,125.3,2.51
4999,6,4,0.2778048002343176,2667.98098773167,3202.2641930419936,534.2832053103234,0,50.82,1.02
5000,9,6,0.02403285555352087,2753.3962492545606,3249.8065829260468,496.4103336714861,23.45,103.08,2.06
